"country","iso2","iso3","iso_numeric","g_whoregion","year","exp_cpp_dstb","exp_cpp_mdr","exp_cpp_xdr","exp_lab","rcvd_lab","exp_staff","rcvd_staff","exp_fld","rcvd_fld","exp_prog","rcvd_prog","exp_sld","rcvd_sld","exp_mdrmgt","rcvd_mdrmgt","exp_tbhiv","rcvd_tbhiv","exp_patsup","rcvd_patsup","exp_orsrvy","rcvd_orsrvy","exp_oth","rcvd_oth","exp_tot","rcvd_tot","rcvd_tot_domestic","rcvd_tot_gf","rcvd_tot_usaid","rcvd_tot_grnt","rcvd_tot_sources","hcfvisit_dstb","hcfvisit_mdr","hospd_dstb_prct","hospd_mdr_prct","hospd_dstb_dur","hospd_mdr_dur","hosp_type_mdr"
"Afghanistan","AF","AFG","004","EMR",2017,40,1400,3100,2463321,2463321,625971,625971,3073211,3073211,2764809,2764809,417694,417694,43918,43918,0,0,38000,38000,839482,839482,1805071,1805071,12071477,12071477,,4088013,3400000,4583464,12071477,12,256,2,100,15,240,142
"Albania","AL","ALB","008","EUR",2017,,,,,,,,,,,,,,,,,,,,,,,,,,,,,,,34,,80,,20,,2
"Algeria","DZ","DZA","012","AFR",2017,34,605,,,,,,774520,774520,,,36300,36300,,,,,,,,,,,810820,810820,810820,,,,810820,17,50,10,100,10,30,142
"American Samoa","AS","ASM","016","WPR",2017,,,,,,,,,,,,,,,,,,,,,,,,3000,,,,,,,180,120,20,0,14,0,2
"Andorra","AD","AND","020","EUR",2017,,,,,,,,,,,,,,,,,,,,,,,,8000,,,,,,,,,100,100,15,15,141
"Angola","AO","AGO","024","AFR",2017,458,1480,0,550000,550000,990000,990000,26507663,26507663,410000,410000,0,0,0,0,0,0,0,0,0,0,810863,810863,29268526,29268526,24295663,4972863,0,0,29268526,6,18,20,80,30,90,140
"Anguilla","AI","AIA","660","AMR",2017,,,,,,,,,,,,,,,,,,,,,,,,,,,,,,,0,0,0,0,0,0,2
"Antigua and Barbuda","AG","ATG","028","AMR",2017,,,,,,,,,,,,,,,,,,,,,,,,,,,,,,,,,100,,21,,141
"Argentina","AR","ARG","032","AMR",2017,274,6000,20000,0,0,0,0,2815619,2815619,0,0,460560,460560,0,0,0,0,0,0,0,0,0,0,3276179,3276179,3276179,0,0,0,3276179,180,720,20,80,22,60,141
"Armenia","AM","ARM","051","EUR",2017,,,,149511,149511,3077775,3077775,0,0,109605,109605,425182,425182,0,0,11035,11035,184685,184685,0,0,655051,655051,4612844,4612844,3021843,1591001,0,0,4612844,120,480,64,97,44,42,142
"Aruba","AW","ABW","533","AMR",2017,,,,,,,,,,,,,,,,,,,,,,,,,,,,,,,,,,,,,
"Australia","AU","AUS","036","WPR",2017,,,,,,,,,,,,,,,,,,,,,,,,,,,,,,,,,,,,,142
"Austria","AT","AUT","040","EUR",2017,,,,,,,,,,,,,,,,,,,,,,,,,,,,,,,,,,,,,
"Azerbaijan","AZ","AZE","031","EUR",2017,,,,,,,,,,,,,,,,,,,,,,,,,,,,,,,,,,,,,
"Bahamas","BS","BHS","044","AMR",2017,,,,,,,,,,,,,,,,,,,,,,,,,,,,,,,306,0,100,0,14,14,142
"Bahrain","BH","BHR","048","EMR",2017,,,,,,,,,,,,,,,,,,,,,,,,,,,,,,,35,125,100,100,30,120,142
"Bangladesh","BD","BGD","050","SEA",2017,25,1249,9224,4100296,4218465,12949013,14096313,3021762,9832809,3618967,3643380,699093,701716,110128,110128,38969,94813,2214809,2703373,52149,112213,6046846,7068187,32852032,42581397,6886000,32311925,3383472,0,42581397,4,80,5,100,21,90,142
"Barbados","BB","BRB","052","AMR",2017,,,,,,,,,,,,,,,,,,,,,,,,0,,,,,,,0,0,0,0,0,0,141
"Belarus","BY","BLR","112","EUR",2017,50,4500,7600,1121969,1121969,,,100000,100000,,,7857547,7857547,,,12405,12405,351334,351334,,,38119,38119,9481374,9481374,6534754,2426504,,520116,9481374,180,480,80,84,50,120,2
"Belgium","BE","BEL","056","EUR",2017,,,,,,,,,,,,,,,,,,,,,,,,,,,,,,,,,,75,,44,142
"Belize","BZ","BLZ","084","AMR",2017,42,3508,0,71233,103300,99196,99196,8202,8202,140853,172416,3508,3508,0,2515,26380,70805,41898,60489,75362,77750,,,466632,598181,21710,576471,0,0,598181,98,365,17,,9,,2
"Benin","BJ","BEN","204","AFR",2017,22,526,0,1132692,1236714,671032,878975,78646,78646,1575991,1710205,8405,8405,335516,439004,1888,3391,222803,230853,14896,22782,0,0,4041869,4608975,224021,4373065,0,11889,4608975,63,129,35,100,60,120,140
"Bermuda","BM","BMU","060","AMR",2017,,,,,,,,,,,,,,,,,,,,,,,,,,,,,,,,0,50,0,42,0,142
"Bhutan","BT","BTN","064","SEA",2017,49,760,0,46147,81380,0,0,43400,45000,155555,325599,49000,58000,30000,70000,700,1774,0,0,5000,10000,,,329802,591753,,591753,,,591753,64,78,20,15,14,120,141
"Bolivia (Plurinational State of)","BO","BOL","068","AMR",2017,68,4741,10500,349686,361611,169487,169487,603869,603955,942331,1006461,144251,144251,0,0,7089,7089,226133,229994,8696,8696,403169,410291,2854711,2941835,1136150,1805685,0,0,2941835,132,624,5,0,5,0,142
"Bonaire, Saint Eustatius and Saba","BQ","BES","535","AMR",2017,,,,,,,,,,,,,,,,,,,,,,,,,,,,,,,,,,,,,
"Bosnia and Herzegovina","BA","BIH","070","EUR",2017,112,0,0,3196979,3196979,126184,126184,,,4498358,4498358,0,0,0,0,0,0,11300,11300,0,0,5520,5520,7838341,7838341,7838341,,,,7838341,53,200,98,98,45,180,142
"Botswana","BW","BWA","072","AFR",2017,230,9000,10000,3282818,3282818,1000000,1000000,1500000,1500000,1700000,1700000,1170000,1170000,200000,200000,2500000,2500000,,,5200000,5200000,,,16552818,16552818,6424305,5128513,5000000,,16552818,20,192,5,5,14,60,142
"Brazil","BR","BRA","076","AMR",2017,49,2834,0,5880252,5880252,10434308,10434308,4695383,4695383,19320444,19320444,2826465,2826465,1889169,1889169,1080874,1080874,,,593726,593726,,,46720621,46720621,46720621,0,0,,46720621,72,288,17,30,20,90,142
"British Virgin Islands","VG","VGB","092","AMR",2017,,,,,,,,,,,,,,,,,,,,,,,,,,,,,,,,,,,,,
"Brunei Darussalam","BN","BRN","096","WPR",2017,,,,,,,,,,,,,,,,,,,,,,,,,,,,,,,98,,75,,14,,142
"Bulgaria","BG","BGR","100","EUR",2017,119,0,0,127769,127769,6679700,6679700,169460,169460,899111,899111,0,0,53991,53991,237,237,142556,142556,2459,2459,409733,409733,8485016,8485016,6994818,1490198,0,0,8485016,,,90,95,,,142
"Burkina Faso","BF","BFA","854","AFR",2017,117,20,,,,74310,110241,680464,680464,110589,121329,1275,2550,7022,17533,1320,1320,46280,142633,10000,10000,0,0,931260,1086070,64000,1022070,0,0,1086070,67,2700,,20,,31,142
"Burundi","BI","BDI","108","AFR",2017,56,1606,0,,,,,,,,,,,,,,,,,,,,,,,,,0,,0,168,150,0,45,0,120,2
"Cabo Verde","CV","CPV","132","AFR",2017,60,1500,,11880,11880,19000,19000,15000,15000,8600,8600,8000,8000,7000,7000,19500,19500,0,0,3500,3500,,,92480,92480,69480,19500,0,3500,92480,108,216,10,80,10,90,142
"Cambodia","KH","KHM","116","WPR",2017,40,1741,,2598687,2598687,3451621,3451621,1400000,1400000,8228557,8228557,130612,130612,71536,71536,8258,8258,693565,693565,0,0,5775,5775,16588611,16588611,3480769,7257842,3750000,2100000,16588611,66,15,15,80,20,17,141
"Cameroon","CM","CMR","120","AFR",2017,70,1132,1301,293349,339858,844275,959152,1761290,1768545,135155,205692,605889,776292,126809,140300,6488,6488,324148,345291,45261,54722,869398,1031080,5012062,5627420,2177070,3450350,0,0,5627420,5,6,100,100,45,120,140
"Canada","CA","CAN","124","AMR",2017,,,,,,,,,,,,,,,,,,,,,,,,,,,,,,,,,,,,,142
"Cayman Islands","KY","CYM","136","AMR",2017,,,,,,,,,,,,,,,,,,,,,,,,,,,,,,,4,0,100,0,14,0,140
"Central African Republic","CF","CAF","140","AFR",2017,25,2000,2500,209160,209160,302582,302582,245475,245475,200000,200000,172000,172000,62107,62107,11562,11562,250000,250000,,,,,1452886,1452886,247481,1205405,,,1452886,63,122,5,10,14,60,142
"Chad","TD","TCD","148","AFR",2017,,,,114892,114892,65911,65911,1232100,1232100,966557,966557,,,,,,,38961,38961,,,,,2418421,2418421,,2418421,,,2418421,64,125,20,100,60,120,142
"Chile","CL","CHL","152","AMR",2017,80,4000,10000,,,,,,,,,,,,,,,,,,,,,,,,,,,,117,270,30,15,15,60,2
"China","CN","CHN","156","WPR",2017,51,2235,,8534017,8534017,129031725,129031725,39702072,39702072,214056967,214056967,9296020,9296020,14448476,14448476,,,,,3865211,11527023,,,418934488,426596300,415620436,,,10975864,426596300,15,52,30,100,21,60,141
"China, Hong Kong SAR","HK","HKG","344","WPR",2017,,,,,,,,,,,,,,,,,,,,,,,,,,,,,,,102,312,30,85,10,50,142
"China, Macao SAR","MO","MAC","446","WPR",2017,,,,,,,,,,,,,,,,,,,,,,,,,,,,,,,,,,,,,
"Colombia","CO","COL","170","AMR",2017,28,2500,,84000,84000,1700000,1700000,351000,351000,620153,620153,490000,490000,610000,610000,127532,127532,0,0,10000,10000,,,3992685,3992685,3776805,210480,0,5400,3992685,130,730,52,35,,,142
"Comoros","KM","COM","174","AFR",2017,,,,,,,,,,,,,,,,,,,,,,,,520000,,,,,,,64,270,3,100,7,120,140
"Congo","CG","COG","178","AFR",2017,10,3076,0,90738,90738,0,0,98579,98579,1091802,1091802,86123,86123,0,0,0,0,0,0,0,0,0,0,1367242,1367242,1091802,275440,0,0,1367242,3,42,20,10,3,15,142
"Cook Islands","CK","COK","184","WPR",2017,,,,,,,,,,,,,,,,,,,,,,,,24421,,,,,,,0,0,0,0,0,0,140
"Costa Rica","CR","CRI","188","AMR",2017,,,,,,,,,,,,,,,,,,,,,,,,0,,,,,,,88,720,17,25,15,21,142
"Côte d'Ivoire","CI","CIV","384","AFR",2017,,,,2556973,3077097,457330,617438,92889,121758,2035888,2420284,382139,464305,156142,180436,44727,46331,304936,339634,125746,168158,1573205,1596231,7729975,9031672,1473336,7274518,0,283818,9031672,36,280,,,,,142
"Croatia","HR","HRV","191","EUR",2017,,,,,,,,,,,,,,,,,,,,,,,,,,,,,,,,,,,,,
"Cuba","CU","CUB","192","AMR",2017,,,,,,,,,,,,,,,,,,,,,,,,1136351,,,,,,,108,360,10,100,7,85,140
"Curaçao","CW","CUW","531","AMR",2017,,,,,,,,,,,,,,,,,,,,,,,,,,,,,,,10,64,67,100,14,14,142
"Cyprus","CY","CYP","196","EUR",2017,,,,,,,,,,,,,,,,,,,,,,,,,,,,,,,64,,83,,45,,140
"Czechia","CZ","CZE","203","EUR",2017,,,,,,,,,,,,,,,,,,,,,,,,,,,,,,,10,24,95,100,75,240,142
"Democratic People's Republic of Korea","KP","PRK","408","SEA",2017,29,1080,0,414890,664390,2534070,2534070,4631560,4636560,1353360,1364800,1195560,1195560,106600,106600,0,0,319050,319050,230710,230710,2311910,2374780,13097710,13426520,5600920,6630040,0,1195560,13426520,120,,20,100,60,240,141
"Democratic Republic of the Congo","CD","COD","180","AFR",2017,33,2330,7500,2957757,2957757,2147644,2147644,5092778,5092778,7814116,7814116,2065204,2065204,1499086,1499086,24500,24500,731117,731117,78554,78554,1310586,1310586,23721342,23721342,187660,14342309,3416278,5775095,23721342,77,150,1,10,30,120,141
"Denmark","DK","DNK","208","EUR",2017,,,,,,,,,,,,,,,,,,,,,,,,,,,,,,,,,,,,,
"Djibouti","DJ","DJI","262","EMR",2017,104,840,4765,342815,545080,51027,55188,204283,306602,388721,478027,6943,95702,45736,51411,26460,45879,10711,85703,0,10124,0,54100,1076696,1727816,,1673716,,54100,1727816,60,12,20,75,15,60,142
"Dominica","DM","DMA","212","AMR",2017,,,,,,,,,,,,,,,,,,,,,,,,,,,,,,,5,0,100,0,180,0,2
"Dominican Republic","DO","DOM","214","AMR",2017,55,2031,23610,176496,176496,10420239,10420239,248795,248795,950000,950000,503085,503085,390000,390000,150000,150000,550000,550000,70000,70000,600000,600000,14058615,14058615,12111105,1867510,80000,0,14058615,130,360,5,30,5,30,142
"Ecuador","EC","ECU","218","AMR",2017,24,1024,12613,,,,,,,,,,,,,,,,,,,,,,,,,,,,180,540,12,100,,30,142
"Egypt","EG","EGY","818","EMR",2017,20,584,950,,0,,0,162416,162416,,0,72432,72432,,0,,0,,0,,0,,0,234848,234848,134337,0,0,100511,234848,24,50,60,100,15,180,142
"El Salvador","SV","SLV","222","AMR",2017,27,1092,0,358367,358367,1226258,1226258,98939,98939,1343249,1343249,18647,18647,25550,25550,62597,62597,70446,70446,27695,27695,592949,592949,3824697,3824697,1398452,2416245,0,10000,3824697,100,468,5,100,8,42,141
"Equatorial Guinea","GQ","GNQ","226","AFR",2017,,,,,,,,,,,,,,,,,,,,,,,,,,,,,,,4,5,80,100,120,240,
"Eritrea","ER","ERI","232","AFR",2017,,,,,,,,157354,157354,,,100846,100846,,,,,93600,93600,,,1324472,1324472,1676272,1676272,,1666272,0,10000,1676272,180,240,2,100,14,240,141
"Estonia","EE","EST","233","EUR",2017,90,8000,30000,17994,17994,42400,42400,16200,16200,468000,468000,482240,482240,80000,80000,700,700,48500,48500,0,0,12000,12000,1168034,1168034,1168034,,,,1168034,60,120,60,90,60,120,142
"Eswatini","SZ","SWZ","748","AFR",2017,270,7110,27711,1109255,1109255,2152189,2152189,871020,1727730,452495,1082823,1478880,4349880,791027,857561,143863,569144,0,88408,2331961,2331961,0,0,9330690,14268951,3302926,9281755,,1684270,14268951,4,256,5,20,7,30,141
"Ethiopia","ET","ETH","231","AFR",2017,30,4465,,13734978,13747691,7750169,7750170,3339508,3339508,9104092,9135070,0,207648,4371148,4371148,5344779,5344779,1297667,1297667,815026,815026,2485531,2487073,48242898,48495780,9626945,20829930,16472740,1566165,48495780,76,270,5,50,10,30,140
"Fiji","FJ","FJI","242","WPR",2017,75,6000,0,,,,,,,,,,,,,,,,,,,,,,,,,,,,6,23,45,100,14,30,142
"Finland","FI","FIN","246","EUR",2017,,,,,,,,,,,,,,,,,,,,,,,,,,,,,,,5,14,80,100,14,45,142
"France","FR","FRA","250","EUR",2017,,,,,,,,,,,,,,,,,,,,,,,,,,,,,,,21,,80,99,14,200,142
"French Polynesia","PF","PYF","258","WPR",2017,,,,,,,,,,,,,,,,,,,,,,,,,,,,,,,5,14,28,2,15,60,142
"Gabon","GA","GAB","266","AFR",2017,,,,,,,,,,,,,,,,,,,,,,,,,,,,,,,64,,20,90,21,240,141
"Gambia","GM","GMB","270","AFR",2017,,,,,,,,,,,,,,,,,,,,,,,,,,,,,,,104,336,7,9,56,224,142
"Georgia","GE","GEO","268","EUR",2017,,,,894526,1734483,1888145,2199596,793,793,2825460,3321490,1077226,1924458,1501752,1593083,8679,14111,440605,777244,2524180,2524180,855292,859381,12016658,14948819,5027546,5705060,69660,4146553,14948819,2585,342,25,80,30,61,142
"Germany","DE","DEU","276","EUR",2017,,,,,,,,,,,,,,,,,,,,,,,,,,,,,,,,,,,,,141
"Ghana","GH","GHA","288","AFR",2017,38,879,0,7480727,7742489,1513146,2152988,558424,1195036,1129266,2086679,98545,262087,199282,635558,17415,731427,1897256,1897256,10000,10000,680904,711457,13584965,17424977,4159067,13115910,150000,0,17424977,3,22,5,10,14,60,141
"Greece","GR","GRC","300","EUR",2017,,,,,,,,,,,,,,,,,,,,,,,,,,,,,,,,,,,,,
"Greenland","GL","GRL","304","EUR",2017,,,,,,,,,,,,,,,,,,,,,,,,,,,,,,,,,,,14,,2
"Grenada","GD","GRD","308","AMR",2017,,,,,,,,,,,,,,,,,,,,,,,,,,,,,,,20,,100,,14,,141
"Guam","GU","GUM","316","WPR",2017,,,,,,,,,,,,,,,,,,,,,,,,1642543,,,,,,,106,360,10,100,7,30,142
"Guatemala","GT","GTM","320","AMR",2017,51,1060,11075,303927,366003,1080860,1080860,388565,436604,342528,562195,95690,95690,44637,87004,0,37892,0,135411,0,0,0,0,2256207,2801659,1693487,1108172,,,2801659,110,360,5,83,30,120,142
"Guinea","GN","GIN","324","AFR",2017,30,969,8964,392218,700000,68048,68722,419160,566722,60694,73344,162792,492733,70694,182543,89810,89954,86076,95299,72590,79800,88000,288000,1510082,2637117,785806,1392905,0,458406,2637117,32,270,5,12,38,40,142
"Guinea-Bissau","GW","GNB","624","AFR",2017,57,4129,,129219,129953,232807,328650,127436,131651,1047379,1056879,103233,110500,167302,170115,268890,270733,136208,136312,16541,17410,0,5000,2229015,2357203,100000,2247276,,9927,2357203,64,288,70,5,60,180,140
"Guyana","GY","GUY","328","AMR",2017,219,1500,0,6000,59816,322037,508664,79412,170740,154473,164642,6000,29446,5000,76110,12039,72862,18159,34541,3731,3828,0,0,606851,1120649,631939,488710,0,0,1120649,10,26,18,75,7,35,142
"Haiti","HT","HTI","332","AMR",2017,13,747,,744465,744465,2450460,2450460,206925,206925,3248436,3248436,91926,91926,1525925,1525925,19314,19314,180650,180650,150000,150000,606811,606811,9224912,9224912,1175897,7464015,,585000,9224912,8,20,2,100,30,90,142
"Honduras","HN","HND","340","AMR",2017,44,1875,0,194880,499966,2784859,2784859,41882,41882,34003,40129,96471,226011,77782,77782,347404,956043,152687,220334,0,236207,226793,226793,3956761,5310006,2703575,2494435,0,111996,5310006,114,660,21,100,10,30,142
"Hungary","HU","HUN","348","EUR",2017,,,,,,,,,,,,,,,,,,,,,,,,,,,,,,,,,,,,,
"Iceland","IS","ISL","352","EUR",2017,,,,,,,,,,,,,,,,,,,,,,,,,,,,,,,,,,,,,
"India","IN","IND","356","SEA",2017,35,1500,11000,75474873,75474873,73507305,73507305,64255214,64255214,40817709,40817709,84798101,84798101,50788675,50788675,11393429,11393429,11787968,11787968,6067504,6067504,29467517,29467517,448358295,448358295,277874227,167198354,2285714,1000000,448358295,46,480,1,80,3,7,141
"Indonesia","ID","IDN","360","SEA",2017,35,1296,0,14685562,18359644,20969958,22469678,14894065,14894065,18997479,25743514,1119604,1542280,6745392,6745392,1110825,2263667,3735015,6337251,1282127,1484485,1544976,1731265,85085003,101571241,43257778,49296849,9016614,0,101571241,16,644,0,25,0,5,141
"Iran (Islamic Republic of)","IR","IRN","364","EMR",2017,143,3074,17305,,,,,,,,,,,,,,,,,,,,,,,,,,,,115,,,100,,60,142
"Iraq","IQ","IRQ","368","EMR",2017,40,4000,0,1000000,1000000,18000000,18000000,290000,290000,700000,700000,400000,400000,80000,80000,50000,50000,50000,50000,0,0,1000000,1000000,21570000,21570000,19570000,2000000,0,0,21570000,24,24,10,2,7,10,142
"Ireland","IE","IRL","372","EUR",2017,,,,,,,,,,,,,,,,,,,,,,,,,,,,,,,,,65,75,6,,142
"Israel","IL","ISR","376","EUR",2017,,,,,,,,,,,,,,,,,,,,,,,,,,,,,,,,,,,,,2
"Italy","IT","ITA","380","EUR",2017,,,,,,,,,,,,,,,,,,,,,,,,,,,,,,,,,,,,,
"Jamaica","JM","JAM","388","AMR",2017,218,0,0,,,,,,,,,0,,,,,,,,,,,,0,,,0,0,,0,,,,,,,
"Japan","JP","JPN","392","WPR",2017,,,,,,,,,,,,,,,,,,,,,,,,42600000,,,,,,,8,90,55,80,61,130,141
"Jordan","JO","JOR","400","EMR",2017,365,1000,2000,69000,69000,1150000,1152000,196005,200000,110000,110000,45000,45000,100000,100000,15000,15750,18000,20000,2000,2000,10000,10000,1715005,1723750,1460000,248750,0,15000,1723750,84,260,19,100,30,240,141
"Kazakhstan","KZ","KAZ","398","EUR",2017,85,4557,3903,2601703,2601703,89751220,89751220,850000,850000,910596,910596,26605500,26605500,5723747,5723747,780511,780511,2601703,2601703,260170,260170,,,130085150,130085150,117299985,10666287,0,2118878,130085150,144,538,80,83,79,132,2
"Kenya","KE","KEN","404","AFR",2017,20,2350,3500,1451654,1451654,11759650,11759650,1874136,1874136,1969674,1969674,925900,925900,1268667,1268667,1484088,1484088,22799,22799,839093,839093,5208470,5208470,26804131,26804131,12916437,13835149,52545,,26804131,10,600,15,25,20,60,141
"Kiribati","KI","KIR","296","WPR",2017,95,0,0,26000,26000,80552,90000,36000,36000,0,0,0,0,0,0,0,0,0,0,20,20,47416,47740,189988,199760,0,104280,0,95480,199760,391,3,48,100,60,365,140
"Kuwait","KW","KWT","414","EMR",2017,,,,,,,,,,,,,,,,,,,,,,,,8495000,,,,,,,8,24,34,100,52,84,142
"Kyrgyzstan","KG","KGZ","417","EUR",2017,68,3525,5949,1559795,1559795,6236263,6236263,1012269,1012269,4812021,4812021,4760336,4760336,1421000,1421000,4976,4976,802495,802495,12488,12488,4066709,4066709,24688352,24688352,11718895,7476973,4444064,1048420,24688352,184,520,82,90,67,103,142
"Lao People's Democratic Republic","LA","LAO","418","WPR",2017,37,1965,0,622228,622228,519776,519776,0,0,933537,933537,0,0,27971,27971,20171,20171,238341,238341,0,0,224863,224863,2586887,2586887,0,2586887,0,0,2586887,64,270,10,100,15,270,140
"Latvia","LV","LVA","428","EUR",2017,,,,,,,,158406,158406,,,2027421,2027421,,,,,,,,,,,2185827,2185827,2185827,,,,2185827,180,536,98,100,40,90,142
"Lebanon","LB","LBN","422","EMR",2017,28,1542,4686,197447,197447,741648,741648,17696,17696,15857,15857,15540,15540,28739,28739,0,0,22785,22785,5760,5760,0,0,1045472,1045472,331436,714036,0,0,1045472,96,348,27,100,30,180,140
"Lesotho","LS","LSO","426","AFR",2017,,,,0,6666,170000,270198,658000,658000,300000,337197,792000,792000,332000,332000,562471,562471,450000,450000,490220,2281220,0,1000000,3754691,6689752,1453281,4236471,,1000000,6689752,6,20,,,,,140
"Liberia","LR","LBR","430","AFR",2017,43,1446,,,,,,,,,,,,,,,,,,,,,,,,,,,,,12,0,2,100,120,180,141
"Libya","LY","LBY","434","EMR",2017,,,,,,,,,,,,,,,,,,,,,,,,,,,,,,,32,,50,,26,,
"Lithuania","LT","LTU","440","EUR",2017,,,,,,,,,,,,,,,,,,,,,,,,,,,,,,,64,378,80,100,60,420,140
"Luxembourg","LU","LUX","442","EUR",2017,,,,,,,,,,,,,,,,,,,,,,,,,,,,,,,,,50,,,,142
"Madagascar","MG","MDG","450","AFR",2017,20,1126,0,,,106400,106400,,,2045379,2556700,20268,61469,141285,171995,,,,,,,,,2313332,2896564,32268,2864296,,,2896564,60,,2,,7,,142
"Malawi","MW","MWI","454","AFR",2017,30,1630,,3202214,7898233,271948,527406,495212,1190436,3051643,4578021,96119,366784,352675,1588898,412894,420038,35995,198696,4208,156350,5739924,9773901,13662832,26698763,1550674,19668334,3828932,1650823,26698763,8,24,2,10,10,15,140
"Malaysia","MY","MYS","458","WPR",2017,70,2000,45000,650000,650000,10286000,10286000,1900000,1900000,1000500,1000500,194000,194000,1000000,1000000,,,80575,80575,,,,,15111075,15111075,15111075,,,,15111075,120,360,20,100,7,14,142
"Maldives","MV","MDV","462","SEA",2017,,,,,,,,,,,,,,,,,,,,,,,,200361,,,,,,,181,600,25,100,0,30,142
"Mali","ML","MLI","466","AFR",2017,141,4085,8219,490616,873672,703141,1128885,989886,989886,542203,1674407,138903,148005,56149,186278,12812,13478,31683,51107,41166,41167,153519,172610,3160078,5279495,1177881,4091614,,10000,5279495,12,120,0,100,0,120,142
"Malta","MT","MLT","470","EUR",2017,,,,,,,,,,,,,,,,,,,,,,,,,,,,,,,,,,100,,,142
"Marshall Islands","MH","MHL","584","WPR",2017,,,,,,,,,,,,,,,,,,,,,,,,,,,,,,,5,10,30,100,30,180,142
"Mauritania","MR","MRT","478","AFR",2017,37,837,9437,,444537,65137,65137,91667,91667,,289050,,53889,,140240,,,,55372,,31712,,,156804,1171604,,1171604,0,,1171604,8,17,,,,,2
"Mauritius","MU","MUS","480","AFR",2017,,,,,,,,,,,,,,,,,,,,,,,,,,,,,,,6,18,95,100,30,180,2
"Mexico","MX","MEX","484","AMR",2017,101,1153,3359,3381345,3381345,8041582,8041582,2381884,2381884,1656109,1656109,243007,243007,0,0,0,0,46798,46798,2957,2957,82750,82750,15836432,15836432,15836432,0,0,0,15836432,105,624,7,20,6,30,141
"Micronesia (Federated States of)","FM","FSM","583","WPR",2017,85,0,0,106515,135262,297207,323486,19420,25000,206754,209720,0,0,0,0,2400,2400,0,0,0,0,0,0,632296,695868,0,83372,587496,25000,695868,,,,,3,2,141
"Monaco","MC","MCO","492","EUR",2017,,,,,,,,,,,,,,,,,,,,,,,,,,,,,,,,,,,,,
"Mongolia","MN","MNG","496","WPR",2017,69,2500,18000,648650,648650,2331280,2331280,305049,305049,69978,69978,567500,567500,83124,83124,9959,9959,41580,41580,40070,40070,187380,187380,4284570,4284570,2578355,1706215,0,0,4284570,146,393,47,72,35,86,142
"Montenegro","ME","MNE","499","EUR",2017,,,,,,,,,,,,,,,,,,,,,,,,58000,,,,,,,,,90,100,72,175,141
"Montserrat","MS","MSR","500","AMR",2017,,,,,,,,,,,,,,,,,,,,,,,,,,,,,,,,,,,,,
"Morocco","MA","MAR","504","EMR",2017,52,970,6670,582000,582000,8601000,8601000,3850000,3850000,533500,533500,1128800,1128800,25000,25000,40800,56800,0,20000,23800,23800,1562000,1562000,16346900,16382900,15297400,1056000,0,29500,16382900,28,47,5,30,10,60,142
"Mozambique","MZ","MOZ","508","AFR",2017,29,3210,3210,5783830,5783830,1361600,1361600,2387952,2387952,1505657,1505657,2869740,2869740,1000000,1000000,3550293,3550293,0,0,0,0,0,0,18459072,18459072,1361600,14176960,,2920512,18459072,56,192,10,25,15,60,142
"Myanmar","MM","MMR","104","SEA",2017,20,1100,9230,4796360,4796360,997733,997733,2640500,2640500,834240,834240,2932600,2932600,619296,619296,58920,58920,2607005,2607005,521549,521549,19953806,19953806,35962009,35962009,2225919,27434187,4000000,2301903,35962009,4,20,5,20,6,28,141
"Namibia","NA","NAM","516","AFR",2017,55,6618,,,,8468980,8468980,534034,534034,26369057,26369057,2713380,2713380,,,317000,317000,5250000,5250000,5507000,5507000,,,49159451,49159451,43335451,5507000,317000,,49159451,28,30,20,80,10,240,141
"Nauru","NR","NRU","520","WPR",2017,,,,,,,,,,,,,,,,,,,,,,,,34000,,,,,,,0,0,100,0,60,0,2
"Nepal","NP","NPL","524","SEA",2017,,,,370165,767228,856877,856877,1434008,1780488,3345162,5142562,98022,130772,751222,1005092,131162,243538,192007,347176,389526,1046571,0,0,7568151,11320304,8014096,3139632,166576,0,11320304,68,500,4,15,12,20,141
"Netherlands","NL","NLD","528","EUR",2017,,,,,,,,,,,,,,,,,,,,,,,,33000000,,,,,,,,,30,100,,90,142
"New Caledonia","NC","NCL","540","WPR",2017,,,,,,,,,,,,,,,,,,,,,,,,,,,,,,,,,,,,,142
"New Zealand","NZ","NZL","554","WPR",2017,,,,,,,,,,,,,,,,,,,,,,,,,,,,,,,,,,,,,
"Nicaragua","NI","NIC","558","AMR",2017,,,,,,,,,,,,,,,,,,,,,,,,,,,,,,,180,720,0,0,0,0,142
"Niger","NE","NER","562","AFR",2017,,,,,,,,,,,,,,,,,,,,,,,,,,,,,,,,270,,10,,135,142
"Nigeria","NG","NGA","566","AFR",2017,37,2767,22574,19079543,19716562,30417902,30417902,11577459,12577465,3006426,3659375,2943991,2943991,3808615,4808618,1376296,3826296,2639672,3339672,580900,580900,24688948,30145948,100119752,112016729,32285669,64731060,15000000,0,112016729,18,211,2,34,14,120,141
"Niue","NU","NIU","570","WPR",2017,,,,,,,,,,,,,,,,,,,,,,,,168,,,,,,,0,0,1,0,5,0,140
"North Macedonia","MK","MKD","807","EUR",2017,,,,,,,,,,,,,,,,,,,,,,,,,,,,,,,41,180,60,100,35,120,142
"Northern Mariana Islands","MP","MNP","580","WPR",2017,,,,,,,,,,,,,,,,,,,,,,,,353184,,,,,,,36,0,28,0,14,0,140
"Norway","NO","NOR","578","EUR",2017,,,,,,,,,,,,,,,,,,,,,,,,,,,,,,,,,,,,,
"Oman","OM","OMN","512","EMR",2017,,,,,,,,,,,,,,,,,,,,,,,,,,,,,,,10,20,100,100,60,180,142
"Pakistan","PK","PAK","586","EMR",2017,30,4600,11000,25253591,27609166,9849987,10819996,11877442,13755425,8974359,9195448,5653616,6116228,1575431,1582017,75283,81444,2001622,2145160,665915,668003,5952830,6227544,71880076,78200431,3141466,75058965,0,0,78200431,4,25,5,22,15,15,142
"Palau","PW","PLW","585","WPR",2017,,,,,,,,,,,,,,,,,,,,,,,,160210,,,,,,,16,24,90,100,30,160,140
"Panama","PA","PAN","591","AMR",2017,243,5873,0,57755,57755,,,1301432,1301432,0,0,471668,471668,0,0,48585,48585,0,0,0,0,0,0,1879440,1879440,994737,884703,,,1879440,180,624,10,15,5,30,142
"Papua New Guinea","PG","PNG","598","WPR",2017,35,2096,,200000,200000,445761,445761,1051910,1051910,8500000,8500000,880128,880128,2000000,2000000,500000,500000,500000,500000,200000,200000,0,0,14277799,14277799,6377799,2000000,45000,5855000,14277799,2,12,5,100,14,90,141
"Paraguay","PY","PRY","600","AMR",2017,46,5150,0,946238,1058822,1824344,1840085,127541,127541,990802,999730,46354,46354,78157,78157,8581,8581,284518,284518,24632,24632,0,0,4331167,4468420,2294217,2020779,0,153424,4468420,156,546,10,100,30,90,142
"Peru","PE","PER","604","AMR",2017,50,1226,54000,25920332,30981658,4108037,4108037,1575900,1650000,10539286,11093986,2030256,2100000,8080119,8505389,1609153,1749079,17480641,19894547,0,0,0,0,71343724,80082696,71426091,8656605,0,0,80082696,104,600,2,21,15,75,141
"Philippines","PH","PHL","608","WPR",2017,21,6630,7958,9464867,9727792,6888880,7621750,8320382,8405068,1506133,2820608,6309969,6947276,170742,224403,1424812,1510138,,,644000,644000,17067720,18817389,51797505,56718424,20617589,34482107,1618728,,56718424,62,435,3,1,5,10,142
"Poland","PL","POL","616","EUR",2017,,,,,,,,,,,,,,,,,,,,,,,,,,,,,,,,,,,,,
"Portugal","PT","PRT","620","EUR",2017,,,,,,,,,,,,,,,,,,,,,,,,,,,,,,,4,18,30,100,20,70,142
"Puerto Rico","PR","PRI","630","AMR",2017,,,,,,,,,,,,,,,,,,,,,,,,524731,,,,,,,97,0,75,0,30,0,2
"Qatar","QA","QAT","634","EMR",2017,,,,,,,,,,,,,,,,,,,,,,,,,,,,,,,14,30,71,100,15,20,140
"Republic of Korea","KR","KOR","410","WPR",2017,,,,1149000,11490000,6100000,6100000,1197000,1197000,30279000,30279000,1138000,1138000,116000,116000,0,0,5421000,5421000,122000,122000,517000,517000,46039000,56380000,56380000,0,0,0,56380000,,,,,,,
"Republic of Moldova","MD","MDA","498","EUR",2017,50,2697,7427,1753189,1753189,5635311,5635311,138968,138968,3507415,3507415,2066744,2066744,246733,246733,56210,56210,1292015,1292015,108242,108242,1135024,1135024,15939851,15939851,9549848,6390003,0,0,15939851,134,415,59,91,57,135,142
"Romania","RO","ROU","642","EUR",2017,60,2150,6800,3727440,3727440,323032,323032,1380000,1380000,1778348,1778348,1310950,1310950,600040,600040,50000,50000,622784,622784,545609,545609,1317994,1317994,11656197,11656197,6760000,2918031,0,1978166,11656197,85,610,80,95,35,90,2
"Russian Federation","RU","RUS","643","EUR",2017,58,3107,10100,26329894,26329894,836264980,836264980,11276013,11276013,93780172,93780172,87096227,87096227,15621891,15621891,1174320,1174320,1176378,1176378,130355,130355,361729048,361729048,1434579278,1434579278,1432956723,0,0,1622555,1434579278,201,720,66,100,33,210,141
"Rwanda","RW","RWA","646","AFR",2017,30,1161,8181,2218988,2218988,1482198,1865183,161417,181630,3344919,3719735,117679,178779,25000,25000,46636,49614,114502,127611,0,8250,257845,518066,7769184,8892856,173110,8021008,288400,410338,8892856,112,270,5,100,10,120,141
"Saint Kitts and Nevis","KN","KNA","659","AMR",2017,,,,,,,,,,,,,,,,,,,,,,,,,,,,,,,15,,100,,50,,2
"Saint Lucia","LC","LCA","662","AMR",2017,,,,,,,,,,,,,,,,,,,,,,,,55350,,,,,,,56,,100,,60,,2
"Saint Vincent and the Grenadines","VC","VCT","670","AMR",2017,,,,,,,,,,,,,,,,,,,,,,,,,,,,,,,0,0,0,0,0,0,2
"Samoa","WS","WSM","882","WPR",2017,,,,,,,,,,,,,,,,,,,,,,,,,,,,,,,2,,30,,21,,2
"San Marino","SM","SMR","674","EUR",2017,,,,,,,,,,,,,,,,,,,,,,,,36000,,,,,,,0,0,0,0,0,0,142
"Sao Tome and Principe","ST","STP","678","AFR",2017,22,1800,,230682,230682,52243,57786,8000,8000,267726,267726,19530,19530,39574,39574,15943,16113,14944,15841,10368,13448,11920,12300,670930,681000,64250,470903,0,145847,681000,6,180,38,100,15,120,142
"Saudi Arabia","SA","SAU","682","EMR",2017,,,,,,,,,,,,,,,,,,,,,,,,20000000,,,,,,,12,24,63,0,0,0,141
"Senegal","SN","SEN","686","AFR",2017,,,,,,,,,,,,,,,,,,,,,,,,,,,,,,,64,270,0,20,,60,142
"Serbia","RS","SRB","688","EUR",2017,105,8693,0,2201451,2201451,16800,16800,78529,78529,6868449,6868449,52155,52155,130237,130237,39337,39337,4629,4629,1200,1200,31736,31736,9424523,9424523,9424523,0,0,0,9424523,45,252,70,100,37,240,141
"Seychelles","SC","SYC","690","AFR",2017,,,,,,,,,,,,,,,,,,,,,,,,10000,,,,,,,12,0,80,0,21,0,141
"Sierra Leone","SL","SLE","694","AFR",2017,32,1024,,352359,352359,241754,241754,473750,473750,2576583,2576583,103424,103424,305375,305375,143230,143230,50000,50000,,,100000,100000,4346475,4346475,241754,3884721,220000,0,4346475,60,171,,100,,168,142
"Singapore","SG","SGP","702","WPR",2017,,,,,,,,,,,,,,,,,,,,,,,,15346115,,,,,,,,,,,,,142
"Sint Maarten (Dutch part)","SX","SXM","534","AMR",2017,,,,,,,,,,,,,,,,,,,,,,,,0,,,,,,,64,,100,,5,,140
"Slovakia","SK","SVK","703","EUR",2017,,,,,,,,,,,,,,,,,,,,,,,,10000,,,,,,,60,350,90,100,35,180,142
"Slovenia","SI","SVN","705","EUR",2017,,,,,,,,,,,,,,,,,,,,,,,,,,,,,,,,,,,,,
"Solomon Islands","SB","SLB","090","WPR",2017,42,2309,0,47956,50176,178085,343547,18900,18900,282766,416048,0,16163,25000,50000,6120,7882,0,50400,1066,12680,0,0,559893,965796,362447,603349,0,0,965796,20,0,100,0,60,0,2
"Somalia","SO","SOM","706","EMR",2017,42,347,0,2086864,2344503,150360,150360,704787,715072,3513985,3604866,92973,307423,204673,253799,470895,493124,59850,545580,59112,59112,5537250,5560000,12880749,14033839,,14033839,,,14033839,4,14,60,75,40,120,2
"South Africa","ZA","ZAF","710","AFR",2017,,,,,,,,,,,,,,,,,,,,,,,,,,,,,,,6,110,5,50,5,60,140
"South Sudan","SS","SSD","728","AFR",2017,,,,2073904,2355028,107365,121919,1487339,1688953,,,27000,30660,,,879672,998914,,,,,3816081,4333363,8391361,9528837,,9528837,,,9528837,16,10,,,21,0,2
"Spain","ES","ESP","724","EUR",2017,,,,,,,,,,,,,,,,,,,,,,,,,,,,,,,,,,,,,
"Sri Lanka","LK","LKA","144","SEA",2017,20,1311,7314,506196,902174,4691783,4691783,266035,285106,1908088,2390755,17665,18358,27930,138134,4390,21755,0,0,73668,96993,0,0,7495755,8545058,6241680,1997948,0,305430,8545058,76,180,0,100,0,240,142
"Sudan","SD","SDN","729","EMR",2017,79,5525,,2620168,2620168,4787050,4987082,1680854,1680854,2103681,2103681,563553,563553,1567006,1567006,398051,398051,189000,189000,45000,45000,772522,772522,14726885,14926917,2493541,12433376,,,14926917,8,22,,60,,15,142
"Suriname","SR","SUR","740","AMR",2017,71,0,0,70937,70937,178359,178359,10000,10000,28000,28000,0,0,,,,,30036,30036,5000,5000,52000,52000,374332,374332,53622,310710,0,10000,374332,6,,80,,47,,142
"Sweden","SE","SWE","752","EUR",2017,,,,,,,,,,,,,,,,,,,,,,,,,,,,,,,10,,50,80,14,120,142
"Switzerland","CH","CHE","756","EUR",2017,,,,,,,,,,,,,,,,,,,,,,,,2900000,,,,,,,10,30,80,100,15,50,142
"Syrian Arab Republic","SY","SYR","760","EMR",2017,60,3000,6000,44000,44000,,,,,,,,,,,,,,,,,,,44000,44000,,0,,44000,44000,9,13,3,4,6,15,140
"Tajikistan","TJ","TJK","762","EUR",2017,44,2525,4860,4037774,4150681,2048468,2048468,276276,276276,185789,185789,1439278,1439278,12000,15000,2314946,2316146,1197192,1197192,64399,64399,2084254,2784254,13660376,14477483,1717116,9509576,2687278,563513,14477483,336,572,73,73,45,98,142
"Thailand","TH","THA","764","SEA",2017,73,2812,6385,2051275,2051275,1560865,1560865,7154677,7154677,2903077,2903077,3524818,3524818,53045,53045,22233,22233,203759,203759,176732,176732,1590385,1590385,19240866,19240866,16558496,2682370,,,19240866,6,24,2,10,7,7,141
"Timor-Leste","TL","TLS","626","SEA",2017,45,1243,,137490,355200,236170,236170,158869,158869,890280,890280,4972,42076,82784,82784,13060,15306,42300,42300,0,0,0,0,1565925,1822985,197939,1625046,0,0,1822985,5,0,,100,,500,141
"Togo","TG","TGO","768","AFR",2017,75,,0,1124295,1124295,305109,336078,197601,197601,594244,594244,0,0,0,0,,,46990,231531,59715,63066,514226,1009797,2842180,3556612,309885,3220630,,26097,3556612,8,270,4,60,60,120,142
"Tokelau","TK","TKL","772","WPR",2017,,,,,,,,,,,,,,,,,,,,,,,,0,,,,,,,0,0,0,0,0,0,141
"Tonga","TO","TON","776","WPR",2017,,,,,,,,,,,,,,,,,,,,,,,,117720,,,,,,,3,0,10,0,14,0,142
"Trinidad and Tobago","TT","TTO","780","AMR",2017,,,,,,,,,,,,,,,,,,,,,,,,,,,,,,,10,25,80,100,14,60,141
"Tunisia","TN","TUN","788","EMR",2017,74,3300,7000,220000,220000,618750,618750,233850,233850,88000,88000,46200,46200,27500,27500,3300,3300,0,0,0,0,0,0,1237600,1237600,1237600,0,0,0,1237600,6,22,55,100,17,66,142
"Turkey","TR","TUR","792","EUR",2017,,,,,,,,,,,,,,,,,,,,,,,,,,,,,,,5,15,50,95,10,45,142
"Turkmenistan","TM","TKM","795","EUR",2017,,,,,,,,,,,,,,,,,,,,,,,,,,,,,,,,,,,,,
"Turks and Caicos Islands","TC","TCA","796","AMR",2017,,,,,,,,,,,,,,,,,,,,,,,,,,,,,,,,,,,,,
"Tuvalu","TV","TUV","798","WPR",2017,,,,,,,,,,,,,,,,,,,,,,,,,,,,,,,,,,,,,
"Uganda","UG","UGA","800","AFR",2017,42,1022,2343,707000,707000,507000,507000,2146686,2146686,30000,30000,1814500,1814500,30000,30000,1055372,1055372,3829040,3829040,122300,122300,1000000,1000000,11241898,11241898,30000,5226398,5000000,985500,11241898,8,26,2,20,15,30,140
"Ukraine","UA","UKR","804","EUR",2017,35,1509,5455,8808725,8808902,307536,307536,44980,44980,1591275,1591275,11829196,18174822,2829904,2829904,594014,595617,2836724,2836724,2142,2142,6410984,6410984,35255480,41602886,28564702,9542463,2557105,938616,41602886,315,615,67,77,86,146,142
"United Arab Emirates","AE","ARE","784","EMR",2017,,,,,,,,,,,,,,,,,,,,,,,,,,,,,,,60,270,100,100,30,180,142
"United Kingdom of Great Britain and Northern Ireland","GB","GBR","826","EUR",2017,,,,,,,,,,,,,,,,,,,,,,,,,,,,,,,,,,,,,142
"United Republic of Tanzania","TZ","TZA","834","AFR",2017,23,20079,0,1831880,1831880,1436888,1436888,1561170,1561170,3595953,3595953,0,0,25000,25000,687766,687766,223939,223939,707250,707250,,,10069846,10069846,380000,8939846,,750000,10069846,18,24,10,100,14,180,142
"United States of America","US","USA","840","AMR",2017,,,,,,,,,,,,,,,,,,,,,,,,135034041,,,,,,,,,,,,,142
"Uruguay","UY","URY","858","AMR",2017,,,,153639,153639,2946407,2946407,39389,39389,,,15641,15641,,,,,425150,425150,125119,125119,343431,343431,4048776,4048776,4048776,,,,4048776,102,390,73,50,25,32,141
"Uzbekistan","UZ","UZB","860","EUR",2017,,,,2400546,2400546,209198,209198,838949,838949,646656,646656,6435353,6435353,106455,106455,79150,79150,508390,508390,0,0,0,0,11224697,11224697,,10201467,633828,389402,11224697,156,520,92,93,56,68,141
"Vanuatu","VU","VUT","548","WPR",2017,79,0,0,20000,20000,210000,210000,7293,7293,75000,75000,0,0,0,0,0,0,0,0,20000,20000,0,0,332293,332293,132293,180000,0,20000,332293,12,0,60,100,14,60,142
"Venezuela (Bolivarian Republic of)","VE","VEN","862","AMR",2017,27,976,3055,0,0,,,,,,,,,,,5000,5000,0,0,0,0,12000,12000,17000,17000,,0,0,17000,17000,104,332,14,100,14,150,141
"Viet Nam","VN","VNM","704","WPR",2017,63,713,4643,984393,984393,808438,862943,7331422,7331422,,,1797973,1797973,7017518,7688583,466951,623458,1262884,2115246,1734239,1734239,4099105,4503818,25502923,27642075,8586666,18517174,,538235,27642075,30,520,40,80,14,14,141
"Wallis and Futuna Islands","WF","WLF","876","WPR",2017,,,,,,,,,,,,,,,,,,,,,,,,,,,,,,,,,,,,,
"West Bank and Gaza Strip","PS","PSE","275","EMR",2017,,,,,,,,,,,,,,,,,,,,,,,,,,,,,,,,,,,,,
"Yemen","YE","YEM","887","EMR",2017,25,3000,,4048,4048,281488,281488,0,0,120494,120494,129000,129000,0,0,0,0,0,0,0,0,13619,13619,548649,548649,34400,514249,0,0,548649,23,24,0,0,0,0,2
"Zambia","ZM","ZMB","894","AFR",2017,50,5822,0,1028978,1228589,428340,518115,2551707,2551707,390000,390000,1455500,1455500,270000,270000,1600139,1600139,200000,2182905,350000,520000,210000,310000,8484664,11026955,2173704,6707765,126890,2018596,11026955,10,12,20,100,5,180,142
"Zimbabwe","ZW","ZWE","716","AFR",2017,21,1545,12462,2298314,2298314,1914270,1914270,609863,1501184,276823,276823,678255,1038240,363217,363217,611971,611971,163440,163440,,,,,6916153,8167459,,8167459,,,8167459,24,236,5,20,14,60,141
