times,incidence,incidenceXagegroup_0,incidenceXagegroup_5,incidenceXagegroup_10,incidenceXagegroup_15,incidenceXagegroup_20,incidenceXagegroup_25,incidenceXagegroup_30,incidenceXagegroup_35,incidenceXagegroup_40,incidenceXagegroup_45,incidenceXagegroup_50,incidenceXagegroup_55,incidenceXagegroup_60,incidenceXagegroup_65,incidenceXagegroup_70,incidenceXagegroup_75,infection_deathsXagegroup_0,infection_deathsXagegroup_5,infection_deathsXagegroup_10,infection_deathsXagegroup_15,infection_deathsXagegroup_20,infection_deathsXagegroup_25,infection_deathsXagegroup_30,infection_deathsXagegroup_35,infection_deathsXagegroup_40,infection_deathsXagegroup_45,infection_deathsXagegroup_50,infection_deathsXagegroup_55,infection_deathsXagegroup_60,infection_deathsXagegroup_65,infection_deathsXagegroup_70,infection_deathsXagegroup_75
0.0,0.0,0.0,0.0,0.0,0.0,0.0,0.0,0.0,0.0,0.0,0.0,0.0,0.0,0.0,0.0,0.0,0.0,0.0007742875513711763,0.0007943047560463782,0.0017882061991253593,0.0018194733335750105,0.008285681085086566,0.008802967659628631,0.018029573938144826,0.016525222381501233,0.03619214558312305,0.03615113592252776,0.0008053594671843444,0.0007687668033615689,0.3481891719801216,0.31860180374992336,0.5214532714452912,0.9398936156757375
1.0,73.11380431929386,3.4195696300819565,14.4423161548097,4.798835979902641,6.907776404536536,6.099552138004096,6.390506726726559,6.300323767840624,5.905543587519675,5.906345721232256,5.06190895478943,5.418221641067755,4.425895469716106,2.5988585681304026,2.045618460817628,1.2808893973021924,1.9557588276001971,0.0007528890209719698,0.0007724091507889243,0.0017412072871858734,0.0017725693152137853,0.008088524466502779,0.008593168361129834,0.017591115639790177,0.016123920345932165,0.03534811949882424,0.035299804068388244,0.0007831977806805269,0.0007475737375963639,0.3394732405166746,0.3105916786837889,0.5036293116340427,0.9077068992261369
2.0,190.60049140496784,8.885301245739353,37.56496342266723,12.473240118661188,18.01559859885893,15.956179102162128,16.708632517703244,16.43235457313916,15.397166770178103,15.406988556752514,13.200744248359404,14.120970924610175,11.526941683587244,6.778278248586171,5.337248139667007,3.3449659324289462,5.098829930064484,0.000703140275847864,0.0007219395713689827,0.0016456570277809872,0.001684654875898052,0.007793318678684913,0.008276109919117149,0.016758757678866802,0.015366819851847074,0.033806496841457125,0.033675472716900426,0.0007324215888591068,0.0006987163842072206,0.32629197166032575,0.298166756127167,0.48214794006038375,0.8683488984580818
3.0,288.7329436310969,13.352768006714415,56.592884025526494,18.775900699964076,27.36685277000352,24.40571543609165,25.516625681189254,24.92512515198669,23.327657436795768,23.370915401012862,20.01387991283177,21.377642352619862,17.41530612051462,10.253450806897657,8.072238658885691,5.062500101702227,7.696429541494899,0.0006413126011171517,0.0006600798231735861,0.001554660627907711,0.001618443989685503,0.007759767900850235,0.008230424667930707,0.016094706705740574,0.014774322191190353,0.032687362049749834,0.032317457751130214,0.0006708467866904617,0.000638845245983012,0.31419673027843814,0.28603819172306694,0.4615364132113312,0.8292851904392864
4.0,360.1115846489387,16.418917976314134,69.89675037808664,23.166637429220927,34.33560314376448,30.980147901752204,32.29658650859799,31.160620276477857,29.097744048287463,29.21391686462075,24.99695670563685,26.633046746376976,21.61413006430783,12.734423249046978,10.015516304360741,6.28270157369243,9.515062289079221,0.0005773741558794714,0.0005971337720613992,0.0014952438403203637,0.0016047061691889415,0.008156277924040355,0.008632563661885886,0.015883056956315828,0.014607398971369659,0.032556952997744595,0.03176392465266854,0.000609136889663129,0.0005780235651539973,0.30642222457872315,0.2770008152404375,0.4446319519528801,0.79524796640224
5.0,413.4387888819755,18.466994362688393,79.1240679770728,26.189971894027483,39.78135583872429,36.48005734769401,37.87311963675258,35.89806570813537,33.40800151243582,33.64320177718754,28.755355491268304,30.52974662640198,24.637403744774193,14.514440891818909,11.393243484765986,7.144164726927661,10.76674823247637,0.0005168011223361203,0.0005384564360159213,0.0014749302797070283,0.001650484027944059,0.009007684307285041,0.00950663742181414,0.016195666842148147,0.014928377167357298,0.033550714938541205,0.032164676405611665,0.000552834509761438,0.0005216061471864576,0.30418017025471467,0.2721797117676049,0.4326885991655368,0.7684268508855063
6.0,458.73846939800904,19.972377804442438,86.27114002447557,28.499695361123813,44.65101736974515,41.74622068532385,43.1255766779444,40.000803957314005,37.06510482784509,37.46428656059787,31.981332644173015,33.81234363388876,27.094543428749514,15.946368048931017,12.48132646949082,7.817930261908254,11.715288704693675,0.0004622798802962357,0.00048638624523687356,0.0014910659661234696,0.0017512442310833678,0.010273666521895134,0.010806956772015791,0.016996874029293237,0.01569877241312101,0.035584796047880875,0.03346827368541615,0.0005044159574622557,0.00047208594756131095,0.3075040072257635,0.27171095453102556,0.42597422263861995,0.7494106357003913
7.0,503.23235704876765,21.296299445885744,92.82946137970814,30.57620656979185,49.60383423944457,47.34664356288399,48.65450080393729,44.085100278865426,40.64882943939633,41.25144707257329,35.17049065219837,37.020084668757605,29.434271521713004,17.291700037820988,13.485655858894996,8.432257732005404,12.559929975361186,0.00041483828245180614,0.00044155782533729295,0.001537392791146693,0.0018992010102954027,0.011901948810394804,0.012474521731250082,0.018217449587517004,0.016848817999528146,0.038507722208353884,0.035555974712931,0.00046465748978644696,0.0004303220103198485,0.3159216388629328,0.275283707047245,0.4242742896433676,0.7379795798263443
8.0,551.1849554554852,22.665282575113842,99.716480298019,32.70572841202024,55.012678083039035,53.594701362656096,54.79501745992957,48.51106954214556,44.499713446492095,45.33880714831341,38.61303133810032,40.473575292045766,31.928535864687255,18.709743606956447,14.532413525484438,9.066050088189176,13.42423856902603,0.00037464307870057104,0.00040379885702316736,0.001607700544420796,0.0020876191488074405,0.013854079963258218,0.014464674237057754,0.01979449353221848,0.018315041853977948,0.042182537580615895,0.03831562364813527,0.0004335419813015496,0.0003963741630204689,0.32887564036693406,0.2824852144369023,0.42722988703856307,0.7336453545272583
9.0,605.0063827613603,24.213330396021,107.46637676474612,35.04637866071597,61.0799279000676,60.66232987229408,61.73169098108464,53.48079487222789,48.80849278940575,49.912154571322645,42.47157380485639,44.35519206860637,34.734422806389844,20.292799552756406,15.694885735359602,9.76521328765716,14.380433572845176,0.0003414536396344309,0.000372628763162452,0.0016973942063827682,0.0023123909109899485,0.016113359270156544,0.016755918768698717,0.021687501029102257,0.020055525538732525,0.04652018164667596,0.04167261167166591,0.0004107421394137087,0.0003699601216918313,0.34593684507895434,0.2929795969017546,0.4345236700906077,0.7359516084140107
10.0,666.0381043852415,26.016083320743682,116.3781506828932,37.67993260635123,67.91542537393013,68.64978496433191,69.57100129149957,59.10688214826822,53.680049980403034,55.073490970565615,46.83607413213076,48.76687441561067,37.940243855088184,22.092769856766125,17.014158011076855,10.555449538709201,15.468851507571845,0.000314855536114899,0.0003474904518709539,0.001803621381563834,0.0025717892643253772,0.018680681902545154,0.01934588075719441,0.02387758273525284,0.022049329257987124,0.05147794903545269,0.045590051787755305,0.0003958334289198104,0.0003506711720816439,0.3668497829087859,0.3065525364698483,0.44593791631215907,0.7445732580651366
11.0,735.3769287788225,28.12989345285033,126.67983346000865,40.666062328805715,75.61405323571876,77.6540552149617,78.41312408231998,65.48346741535534,59.199912050655406,60.90739549309592,51.7807768442279,53.79129738297046,41.61561459186804,24.150259632129092,18.52192081449302,11.456421238623282,16.71975351557729,0.00029440196832433095,0.0003278626440464711,0.0019248483109940552,0.0028658475140756635,0.021569942323166853,0.022246242824449293,0.026362552458929746,0.024291532119142617,0.05704884648195353,0.05006091022620587,0.00038841199759651366,0.0003380966772806383,0.3915218212601417,0.3231090272399826,0.46136527000215644,0.7593428221236436
12.0,813.8617338788661,30.59232238237041,138.5291061619,44.042366100520184,84.25317138641176,87.76519929024315,88.3485748710309,72.68474056984178,65.43317969963387,67.47966803823326,57.36313921327552,59.4910503248314,45.81120804243097,26.49450280454471,20.240490403494977,12.481786601607567,18.153486355757963,0.000279635085136769,0.0003132707665256267,0.0020607340552884082,0.003196214557374925,0.02480707121608214,0.025481639197932844,0.02915552832620693,0.026791829359004905,0.06325862894920109,0.05510560016573762,0.0003881124681849664,0.00033184287309911416,0.42001428082033754,0.34266744163090657,0.48080652126378165,0.7802472660486763
13.0,902.3263846442802,33.435058638002026,152.06643657838356,47.84207485849636,93.91539830233258,99.08490631683053,99.4781532889469,80.78644204774014,72.44499418661592,74.85751217049526,63.64120072128618,65.92753334654833,50.57457319677928,29.152630436726152,22.19015238863285,13.64378832743181,19.78763638235996,0.0002701288087375508,0.0003033114006976509,0.0022118068152198137,0.0035656909046937807,0.02842660090422635,0.0290859574045423,0.03228098226580379,0.0295707077403652,0.07015751247808603,0.060765286284688684,0.00039463543053676597,0.0003315660805177663,0.4525210667020488,0.3653454528904713,0.5043642902228104,0.8074208779347727
14.0,1001.7667491053131,36.692543801483616,167.4503468476469,52.105333994650834,104.70359859066112,111.73908421608121,111.9263462947439,89.88001939399095,80.31392314516947,83.12273722601152,70.6850053203114,73.17348062382565,55.960654779189305,32.1558004377576,24.39399895690732,14.956268199057742,21.641742680839684,0.0002655306874803371,0.00029767988973554644,0.0023793081529033516,0.00397803696120185,0.032470286777190535,0.03310076681938352,0.03577291078585495,0.03265759902576453,0.0778162554996132,0.06709880572326749,0.0004077840443669843,0.000337010460352296,0.48935752011576034,0.39135342622490366,0.5322413992445088,0.84114453157272
15.0,1113.2507752722486,40.4004061118579,184.84739916255785,56.87599035592001,116.72973133672367,125.86384052347634,125.82775755166614,100.0639284867627,89.1246781075613,92.36381835387594,78.57000501620803,81.30665522321777,62.027642841278215,35.536926109878436,26.876349054014685,16.433756389144484,23.73618871260083,0.0002655919978123256,0.0002961811984790225,0.0025648842596536843,0.004437492830064269,0.03698298276581248,0.037570964895837757,0.0396701589059882,0.03608650259458966,0.0863162569888769,0.07417437630570038,0.0004274791993690733,0.000348028931138252,0.5309141561311004,0.42096166198397605,0.5647117786754625,0.8818035775216938
16.0,1238.1157716537098,44.60311828668074,204.46598433062636,62.210159410575855,130.13434388323668,141.62862463535117,141.35019727450185,111.46147788569185,98.98363725529572,102.69186581513407,87.39081966753194,90.42439397281993,68.8482827954207,39.33712585620379,29.667588876208974,18.094392186813423,26.096436289857458,0.00027011812839266604,0.0002986791881341351,0.0027707104090088893,0.004949366321327686,0.042019738229739506,0.04255171652628312,0.04402162104232581,0.03990032107404995,0.09576039247950924,0.08207860869098843,0.0004537369251650389,0.0003645500240800027,0.5777078858877512,0.4545345367923715,0.6021573915717858,0.9299382109146848
17.0,1377.99295244234,49.355165861236046,226.56093611275114,68.17626460121453,145.0887011638631,159.23987385930133,158.69810200065717,124.22298251963241,110.02048008134409,114.2422914166859,97.26280751544063,100.64548110590081,76.51143777472325,43.60660303364633,32.804818413015234,19.960319937103897,28.75360592644782,0.0002788887799066296,0.00030501927607018295,0.002999415965863259,0.005520107421212673,0.047647475453230906,0.04811003568548837,0.048886579786698046,0.0441510171828053,0.10627341738864521,0.09091655929584078,0.00048659406006817024,0.00038650325483939596,0.6303661195184033,0.492514949834363,0.6450451703725901,0.9862084643823004
18.0,1534.6048449556624,54.714803681352194,251.40364234644727,74.84855197125249,161.77348717344788,178.9128047075816,178.085008963267,138.50684219150747,122.37236586307722,127.15816985640578,108.30779701352341,112.09549413040759,85.11126009788926,48.39842832382399,36.327276414346905,22.054929609171147,31.740736840458,0.00029191952098140696,0.00031525184400086736,0.0032538575627297233,0.006156411478424523,0.053934068949863266,0.05431380710042542,0.054326547835584986,0.04889247000272442,0.11798553541770558,0.100798590322153,0.0005263347132439179,0.00041405387522938387,0.6895837170825819,0.535405566831476,0.6939334669334868,1.051406570038844
19.0,1709.8040993481995,60.74459220782347,279.2856633351158,82.30654002875761,180.38316217037004,200.87938680806076,199.74097666423575,154.4834400793044,136.1867383883948,141.59334193691822,120.65681162767083,124.90949059853118,94.74897936301397,53.769649203910895,40.27712670356165,24.40335373992012,35.093316454155094,0.00030920469781765814,0.00032941162528341597,0.003537106042675475,0.006865500365416612,0.06095280451419809,0.061236332352692185,0.0604077739170468,0.05418271054405354,0.13103686064235845,0.11184339162414328,0.0005732427507019981,0.00044735818364117195,0.7561013753794031,0.5837412141824515,0.7494138809021597,1.1263716145140976
20.0,1905.8948362697079,67.52262648221232,310.57046940375585,90.64977597017973,201.1597784845552,225.4272931672279,223.95136189537612,172.36448059595847,151.64694737534634,157.73909948459303,134.4727955443763,139.25552984723063,105.55063534510825,59.79117370890972,44.70675370030762,27.0367911989568,38.8554892579517,0.0003308667936709538,0.00034765300112113017,0.003853038169023029,0.007656322443048561,0.06879345124066737,0.06896734951040057,0.06721207434823688,0.06009338893296717,0.1456007192669837,0.12419814874047837,0.0006278002208230936,0.0004867361162928956,0.8308479471677643,0.6381987613279454,0.8122487044429474,1.2121859836184357
21.0,2125.1987327139427,75.12843392103265,345.6264292971788,99.97797122494342,224.34604247031172,252.8457679528566,251.0031389086149,192.36310220984086,168.9374951403353,175.78778861762768,149.91977709181742,155.30315734198035,117.64372952735332,66.5347524224155,49.66918496058595,29.98682670960867,43.07202178677317,0.0003570425755714071,0.00037013258071595103,0.004205550114944146,0.00853807098235472,0.07754874176585505,0.0775993789457368,0.07482304097090432,0.06669749310435168,0.16185408341770305,0.13801313796667167,0.0006905171738332235,0.0005325290775087167,0.9147676915232219,0.6994663216012181,0.8832172497802463,1.3099548686848357
22.0,2370.41449814735,83.6564410377085,384.8868633836242,110.40619091921316,250.22164015444156,283.4691393606867,281.2281811452442,214.72654642225356,188.27231353610262,195.96210674806449,167.18808023964309,173.2499496054459,131.17763561726835,74.08441293376623,55.226552008331645,33.29045750547035,47.79557275279949,0.0003880024969278209,0.0003971058046307593,0.004599185201663417,0.009521788511236879,0.08733047186971267,0.08724354954372485,0.083339942985826,0.07408122834414832,0.18000706137983946,0.15346699557158913,0.0007621211295347878,0.0005852550088134927,1.0089814127571701,0.7683646137500058,0.9632667574219144,1.4210195140463708
23.0,2644.3874053845843,93.20625513387108,428.8088936408725,122.05667191631274,279.08151785953254,317.64887931248586,314.97555019379354,239.7154345933351,209.87710978413895,218.4969678312325,186.47844386493466,193.3041833763567,146.30983169981377,82.52877515391702,61.444413521360474,36.98673537231731,53.08175720647939,0.00042403685152691314,0.00042885104130757423,0.005038667171930514,0.010618895344496402,0.09825430907373407,0.09801489429883177,0.09286590104671254,0.0823341743891434,0.20027801451112764,0.1707455266994863,0.0008433733457039616,0.000645459014761317,1.114663167581174,0.8457540766360659,1.0533923085691281,1.5467903701455061
24.0,2950.473297140684,103.89652413394886,477.934902756995,135.07463406652258,311.2723442082279,355.79685156023106,352.6546555118832,267.6367986555294,234.01805774871656,243.66915674363412,208.0275700074639,215.71173254578164,163.22667700200245,91.97274688394211,68.40044456987387,41.12194601445515,58.99666427926135,0.00046555879427652474,0.00046575275750233315,0.0055294687273996735,0.011842694773478704,0.1104552689301573,0.11004756257580167,0.10352118055994516,0.09156060240710197,0.2229217495299881,0.19006591967409636,0.0009352373335513723,0.0007138500438896726,1.2331980789855388,0.9326531993920498,1.1547845731838948,1.6889563980671436
25.0,3292.178177883187,115.85049734184211,532.8295421634704,149.6114158999442,347.1578155053508,398.34503254071114,394.694463243565,298.81142792538424,260.97308441734083,271.76790162264547,232.08280026540388,240.7293563611079,182.12248894870754,102.52557144377991,76.17544219610724,45.744209684546306,65.60897363309606,0.0005129751728798924,0.0005081937511822449,0.006077193542989094,0.013206702870681025,0.12407008220195241,0.1234774854878656,0.1154278633325245,0.10186647265135762,0.24819692967281998,0.21164856975084623,0.001038677818569879,0.0007911350131836318,1.3659849829391821,1.0300903255846559,1.2686427601847263,1.8492189371343846
26.0,3674.393152511464,129.23950694014604,594.278713704622,165.8783545828473,387.24844565722015,445.897708915312,441.6941716280618,333.6864000185569,291.1293504208907,303.19646822641255,258.9892570156568,268.7151970644668,203.26802104679382,114.3390483491925,84.88148838651759,50.92021847105383,73.01402019497391,0.0005668746031550829,0.0005567269323324316,0.006689158429134587,0.014728329390191319,0.13927379329232548,0.13847875627028863,0.12874301607831184,0.11338819556004255,0.276436565141433,0.23577747767484955,0.001155000404448898,0.0008782861442469276,1.5148218290650215,1.1393911842845321,1.3965210410931417,2.0297854833602416
27.0,4101.594627565588,144.22040614523854,663.0018607103073,184.06795359924877,432.01024677410874,499.0084060758311,494.2028792970136,372.6711777663031,324.8413503933491,338.3240018301327,289.062676208307,299.9970471104247,226.91110356983972,127.55222234676637,94.62129068661073,56.71109210801325,81.29906362435945,0.0006278203899798374,0.0006118784387839203,0.00737244677311182,0.016424560066463315,0.1562374301891958,0.15522137122126792,0.14361951401796894,0.1262584493943793,0.30796444665924116,0.2627287477616708,0.0012854690402080017,0.0009762419280955888,1.6814501702335263,1.2618389578864908,1.5399211502539645,2.2327885642551992
28.0,4578.524748872486,160.9587089404438,739.7594111676638,204.37797373900798,481.9334082664633,558.2696018342782,552.8085417866951,416.20086202310983,362.4848187108902,377.5416829656435,322.6367515008171,334.9221862739041,253.31397357946813,142.31222128131068,105.5035180794948,63.18143722554588,90.5558113511209,0.0006966221138079661,0.0006743824099156312,0.008136489394951672,0.01831848890904172,0.17519327169872684,0.17393563584178326,0.1602623683067465,0.14065467878079654,0.3432129093453283,0.2928712870370505,0.0014318507140038106,0.001086323082414069,1.8681448512414875,1.3991104292634324,1.7008028868163254,2.461012456777745
29.0,5118.329064719416,179.92235975480799,826.6800285028111,227.37360603222623,538.3742718994173,625.2935376101492,619.1125109830072,465.4768296121663,405.0998017284405,421.93183830459947,360.640958730354,374.4556121565921,283.2098936865306,159.03214746703668,117.83356111168004,70.51308674653743,101.0445262361822,0.0007751217250899185,0.0007459404375951418,0.00900238722245293,0.020460726005520638,0.1966489256599025,0.195125726003415,0.17912482664236598,0.1569697823848841,0.3831394732455718,0.32702388652207215,0.0015980731473219881,0.0012114850605213113,2.080008533236019,1.5549720907409403,1.8835712284668014,2.720728430571905
30.0,5705.357253249425,200.5497196340786,921.2192285264914,252.37459243400542,599.7200608540397,698.1748925185049,691.2215580721198,519.0709431718545,451.4488195216936,470.2069400511381,401.966604873423,417.4472635523753,315.7227129677123,177.2175354792756,131.24574648327706,78.48819180913101,112.45241982039181,0.0008612863817431749,0.0008246593365254654,0.009947190918414645,0.02279680063770843,0.22005900874956497,0.21824948835240007,0.19971705925782862,0.17477886086254713,0.42670860069688415,0.36429991003129586,0.0017798655759569937,0.0013485005925269948,2.3114914558165176,1.725323994314347,2.0834299010519617,3.005099821780433
31.0,6370.39585211902,223.94781140257243,1028.3874900092073,280.72272505615047,669.142199891907,780.6547873646466,772.8535359812465,579.7915664887494,503.9659107747483,524.8992964489327,448.79559791618556,466.1600391529111,352.57744910558193,197.8423307377132,146.46042514673084,87.53596507385737,125.39620982637283,0.0009590462066288494,0.0009142061460809927,0.011015047808009359,0.025431229268020803,0.24646963691736104,0.24434706357540176,0.22298004046018585,0.19489827852517513,0.4759100391003657,0.40640356822646423,0.0019854488122738627,0.001503589540865649,2.573277079439332,1.9180605984077306,2.3096171253729607,3.3272992710033673
32.0,7112.9958097997205,250.09312454125092,1148.1034705775985,312.4038876527048,746.5990972257207,872.68484577392,863.9632283187815,647.6006481023126,562.6211053004954,585.9760814943653,501.08982706323354,520.557276582456,393.74133073045465,220.8861067852179,163.46340187579798,97.64821251110305,139.86277257721775,0.0010685088430919059,0.001014656325730838,0.012207070486288734,0.028368248903956048,0.27593367271126396,0.2734703552574278,0.24895718477918702,0.2173647510086337,0.5308420788457267,0.45341511201642387,0.002215123050687781,0.0016769597686080205,2.86612413716021,2.1337407720476005,2.562908069118018,3.6884142418667
33.0,7940.806097995576,279.2578498993326,1281.604591504941,347.74164604684785,832.8761847337928,975.2073370912734,965.4867469418982,723.1982496630865,628.0195337675617,654.0671034971865,559.3901016617002,581.2007451031429,439.64133534586347,246.58974784246305,182.43272659676467,108.93090712000897,156.00337162871887,0.001190996525783942,0.0011272270567436486,0.013537732849409267,0.031642561880011744,0.30879809350558524,0.30596393452677156,0.2779581243809094,0.24244648683144618,0.5921565053529839,0.5058932685105769,0.0024716402214038083,0.0018706962547015036,3.193463789805252,2.3748998792995133,2.846256854199265,4.092660676963773
34.0,8864.569166808285,311.8285811960543,1430.6377874356908,387.19601906405586,929.0712386804289,1089.5319845214874,1078.7269952647382,807.5663598176283,701.0109633338823,730.0565236335195,624.4584785047368,648.8807926433112,490.88050338919277,275.29485894737627,203.62114436709317,121.53464098196304,174.0335910596263,0.0013282832096333061,0.001253557112987589,0.015026425443770607,0.035300414065147515,0.3455251847212843,0.342287102019737,0.3103967729870422,0.270502160342787,0.6607254751078355,0.5645861512382511,0.0027586768551667766,0.00208758831417067,3.559918141340474,2.6449544433055974,3.163650873568994,4.545732311201493
35.0,9894.569517996313,348.17405620359887,1596.8768236654705,431.2163780527861,1036.2396678452078,1216.9068689509088,1204.9267405921228,901.6447017581636,782.4110035105739,814.7921714663786,697.0227711602961,724.352857840049,548.033893309089,307.32640626175555,227.26952724516937,135.60311536891692,194.15928591496132,0.0014818543789620784,0.001395020397958016,0.016689391297355586,0.03938068367124965,0.386506412368553,0.3828289147463563,0.3466242106985109,0.3018359975253726,0.7372923874744646,0.6301302524044284,0.003079320311549194,0.0023299751265772064,3.969537257444266,2.946899489082107,3.5186326230993368,5.0526854822721186
36.0,11042.936739080295,388.72922851526414,1782.2958309572077,480.33217233109474,1155.6255858198604,1358.8041378928483,1345.5519273522334,1006.541693751753,873.1816222852713,909.274018958716,777.9414116291567,808.5079711941842,611.7798258845697,343.06780802581636,253.6620911148356,151.3058985337364,216.62331191250388,0.001653489309936737,0.0015532639778967972,0.018546040494765482,0.043929707331678655,0.43220772973443644,0.4280525648762441,0.38705874214077046,0.3368105403664752,0.822742453863352,0.7032838468762048,0.0034372586590862486,0.0026006534158950667,4.427131611600931,3.284293245110789,3.915404949782027,5.619521728900793
37.0,12323.712371262203,433.9994734579679,1989.1835313885063,535.1558050941443,1288.663443617627,1516.9236872958163,1502.2966560614245,1123.5407731508444,974.4367154165827,1014.659817218778,868.2092903042396,902.3783799419058,682.9052574574966,382.96494026076505,283.1295452579207,168.84039358715955,241.7082991504251,0.0018453889681123484,0.0017303247145625295,0.020620284084695347,0.04900448259084052,0.48320206809465643,0.478527715275657,0.43221514762826696,0.37587194603249896,0.9181644099121143,0.7849801363250358,0.0038370415154971504,0.00290307665962074,4.938613808286708,3.6615102524830805,4.359132943761525,6.253619404949578
38.0,13748.109613424556,484.3967272242505,2219.385750851414,596.1844853506968,1436.480607980632,1692.5958699001678,1676.492590599034,1253.666407117195,1087.067521153977,1131.8749156475806,968.6257148413007,1006.7912683479933,762.0453357298949,427.3813711822493,315.94247219671774,188.3685762954509,269.64660308389034,0.002059404765130941,0.0019279175534506017,0.022932161706463783,0.05465251829385574,0.5399669046799982,0.5347294706300038,0.48252400347877816,0.41939352707099603,1.0244693862200032,0.8760008215988656,0.004282478499753259,0.0032401414211036435,5.508961874109269,4.082235992534739,4.854176255990662,6.961210333887267
39.0,15334.374409081225,540.5846419509982,2475.891575107974,664.2207291641118,1600.9259052645662,1888.0070265101099,1870.3234846551773,1398.5859599227988,1212.5228865997915,1262.4243916986316,1080.4874798460128,1123.0903472646596,850.2282366581125,476.90273490355446,352.5360073553316,210.15056758163257,300.81101852053905,0.0022984771771921695,0.0021487650219166278,0.025513555327708815,0.060949595493619814,0.6032639135694784,0.5974154530743516,0.5386709768211024,0.4679696586027486,1.1431079228911136,0.9775898394506043,0.004779633204357568,0.003616454425501478,6.146077975540282,4.552319027704048,5.407447080421611,7.752172013946473
40.0,17102.524399531474,603.2620465937099,2761.9174487525434,740.1203710603041,1784.092118764279,2105.6472890274063,2086.25673862185,1560.1300859896855,1352.387026427643,1407.9571920359385,1205.200476189739,1252.7395832184523,948.5582258582639,532.1449498517773,393.3647108709158,234.4565460193899,335.58739932629067,0.0025654248290041767,0.0023954779024484645,0.028394982795546763,0.06796778227871669,0.6738175838970043,0.6673068967391313,0.6013112385738882,0.5221685205912322,1.2754679611591329,1.0909386837928763,0.005334294165579913,0.004036420552361917,6.857596123877961,5.07741271761951,6.025645204857591,8.636083500600824
41.0,19071.842658649286,673.1367965559037,3080.6375890243685,824.741538010574,1987.918694425845,2347.8019737016525,2326.5806691926787,1740.0605710408126,1508.1935487241653,1570.065441141337,1344.13897706213,1397.1611557090264,1058.1268664458692,593.7327580500375,438.89373999575764,261.56505561625573,374.37530610777065,0.0028633646738476567,0.002670950698216697,0.03161009726643872,0.07578579557411032,0.7524174693832546,0.7451907360428295,0.6711624034574258,0.5826129432502878,1.423069247413208,1.2173535536896123,0.005952824078254342,0.0045048919944899925,7.651887795080912,5.663723269344597,6.716124324976681,9.623468288298078
42.0,21260.821514650055,750.9319718616366,3435.1913175039854,918.9459692048417,2214.169011982783,2616.523158945448,2593.3803536325645,1940.0645712972175,1681.4212902515892,1750.2794476462311,1498.6462626929242,1557.734215278396,1180.0166982064127,662.3053309600436,489.60363633557614,291.76619534224574,417.59299699297117,0.0031958308723882595,0.0029784673314918846,0.035197075970931725,0.08449273176866862,0.8399565183567171,0.8319572211949301,0.7490367522517782,0.6500080835632048,1.5876311017881757,1.358312373996423,0.006642433195753768,0.005027368808517616,8.538399236607317,6.318254992246362,7.4871743394723005,10.726188286429547
43.0,23694.22590736888,837.5408313158691,3829.621536255503,1023.8229860105753,2465.3666928884813,2914.793731704921,2889.6324990527323,2162.405702350024,1874.037650101914,1950.643312033451,1670.4781922938355,1736.2796468971783,1315.6167147492672,738.6511258240753,546.0800663569047,325.40997521217946,465.7416059684143,0.003566699006468112,0.0033216285717198135,0.03919782471731826,0.0941865137682179,0.9374163854931062,0.9285848881801366,0.8358267906606633,0.7251287054991054,1.7710435482968772,1.51543943653993,0.007411035435291319,0.005609885334159915,9.527538596588538,7.048726141999581,8.347942468432903,11.957334949873319
44.0,26397.773422921742,933.9253025511157,4268.2006300141,1140.536222361125,2744.0590513924485,3245.601672827539,3218.342058154596,2409.4323951997867,2088.0920273290917,2173.2824432721436,1861.477769844101,1934.7000198261278,1466.3968308123588,823.6196997859805,608.9577603648856,362.8775891118777,519.3688007129488,0.00398030043562503,0.0037044647917299383,0.04365909341095513,0.10497461982255347,1.045873152107858,1.0361486874105996,0.9325207473282445,0.808833694175442,1.975402218180559,1.6905397626427794,0.008267400019640075,0.006259151772490791,10.630984995232804,7.863809147048225,9.308732112124485,13.331663520916532
45.0,29397.184416537737,1041.064372975148,4755.2388756558685,1270.2692472619406,3052.755685067673,3611.8764689925147,3582.4684168963477,2683.492221483856,2325.6384631762517,2420.32488192223,2073.497865778134,2154.903562068358,1633.8403907657776,918.0762972776892,678.8853546686618,404.5596764791346,579.0365889022924,0.004441156999125075,0.00413118792186299,0.04862969501291467,0.11696853118686239,1.1664416275115568,1.1557632349836067,1.0401462645444317,0.9020167177403049,2.202886859587474,1.885492249506396,0.009220654485560921,0.006982160828559172,11.860927406903746,8.772562296819936,10.380314836328981,14.864605627581547
46.0,32724.066395524223,1160.148594498078,5296.005985589822,1414.4635086866274,3394.567620482666,4017.259370371,3985.680763160862,2987.471011722927,2589.1985557083285,2694.384547693864,2308.8083487237136,2399.2311736868587,1819.760365318911,1023.0729059786698,756.6500903029349,450.9296561413665,645.4254364633591,0.004954707939319341,0.004606862650444942,0.05416834852067603,0.13030271980476157,1.3004669995708793,1.288772994987123,1.159941338341647,1.0057541292411505,2.456122922085348,2.1025592405328064,0.01028179232825408,0.007787330326673993,13.232021562624283,9.785873998954756,11.575632852315389,16.574700332546968
47.0,36414.907617654746,1292.4821729407083,5896.437680171236,1574.722077409042,3773.2287633674932,4466.167188720603,4432.385251725314,3324.7067005967265,2881.6743243423152,2998.476911983631,2569.9902718580606,2670.362060150767,2026.1937042819145,1139.7622984310644,843.1082231330373,502.49923623711567,719.2665167383968,0.00552662745623156,0.005136787640703625,0.06033627592339571,0.14511376112683352,1.4493120924384761,1.4365448337336204,1.2931804761247634,1.1211563393291009,2.7378197488094655,2.34408275875243,0.011462140226415122,0.00868337787201412,14.759676807503451,10.915218963811522,12.908384322406349,18.481587730358616
48.0,40500.00930551897,1439.3330268390487,6561.860105102907,1752.5595551845386,4191.44886611744,4961.673609061896,4925.77107809959,3697.956073028305,3205.5092172383365,3335.1199121936197,2859.2912872458055,2970.5815057777995,2254.978283065125,1269.2673242018673,939.1143425990813,559.7895207972068,801.3153878093253,0.006163319293685843,0.005726944391945685,0.06720259540051932,0.16155595826121,1.6145148490260397,1.600621109936677,1.441300516519084,1.2494752547873196,3.0510290878048387,2.612700639115798,0.012774488252317903,0.009680144604232185,16.461192270486148,12.17348425143363,14.393944659516809,20.6073180236013
49.0,45017.520249031906,1602.1906218681274,7298.749644618563,1949.7804342021934,4652.864298754187,5507.988554978141,5470.122331366912,4110.698050569674,3563.760795233201,3707.4760636502488,3179.48040256661,3302.731006253889,2508.3428175676645,1412.9064078533793,1045.662270471105,623.4017845050735,892.4385883944888,0.00687186759020434,0.006383958705621624,0.07484379943667653,0.1797981882790764,1.7977566940904086,1.7826906223162668,1.6058830658868841,1.3920901961953658,3.3991139157506596,2.9113231771062513,0.014232916376236747,0.010788486134079896,18.355781614015665,13.5749973964303,16.049441590505367,22.97646212372809
50.0,50006.892414656766,1782.6137283702228,8113.844987957687,2168.2756332880626,5161.19287001868,6109.398639127987,6069.817148062462,4566.528813309786,3959.5966154643274,4118.81905431531,3533.4313598252184,3669.7544839969437,2788.606126752118,1572.0604125698737,1163.7956253044197,693.9688007681289,993.5487262745796,0.007659791143973983,0.007114875960058256,0.08334105388730037,0.20001644091072956,2.0007861062747154,1.9845138198676724,1.7885909849457848,1.5504534514348705,3.785614884395865,3.2430212182310267,0.015852243324538995,0.012019867723089795,20.46391163588579,15.135045441330112,17.89319766222282,25.61532163241303
51.0,55506.58231369484,1982.2065331291328,9013.896767839866,2409.9812403395663,5719.876046525705,6769.803116972704,6728.901944169974,5068.944929131845,4396.120884699019,4572.346911407467,3923.9914702776996,4074.5469250751376,3098.093833025798,1748.1525263727303,1294.5998952352454,772.1536885336448,1105.6063590602607,0.00853521552196572,0.007927329793687432,0.09278206647796548,0.22239622264579917,2.225440082928325,2.207946610477363,1.9911979535164124,1.7261172452034685,4.21431523696484,3.6110859471928762,0.01764830283021933,0.013386598141238722,22.807792142963404,16.87025630600218,19.945212848674775,28.552631631072572
52.0,61561.52247731047,2202.8343916052645,10006.773485402548,2677.1508745462756,6332.953282636583,7493.7857506301225,7452.126824403359,5622.032737575887,4876.959289874341,5071.795872171596,4354.482617339562,4520.488025389535,3439.516158830469,1942.8376268961365,1439.3364700921325,858.7266210815312,1229.7266330551338,0.009507570346740853,0.008830178168147587,0.10326862901192019,0.247153089024666,2.4738533884495375,2.4551453783265282,2.215763566412699,1.9208838629499148,4.689607549129829,4.019338028115101,0.019639480692515896,0.014902966463195179,25.413188637381957,18.79991852194929,22.22868397998821,31.821719313749593
53.0,68226.5560297402,2446.56360136376,11101.639136342772,2972.3430422777083,7005.782764095664,8287.582125635246,8245.804573518515,6230.8043094932345,5406.511794972563,5621.722162652191,4828.845582954765,5011.638340158445,3816.0167792055145,2157.9492395355364,1599.3842336244018,954.5202020924003,1367.1032611814294,0.010586574745152991,0.009832577273302152,0.11490560272144532,0.2745024705757267,2.7481520525655445,2.728266712793086,2.4643779560807446,2.1365866828845133,5.215960404902355,4.47167877796546,0.021844463439640596,0.016583581350084073,28.306828402187787,20.94409122717814,24.76783333417975,35.45741838415241
54.0,75542.91363463015,2715.3278413504117,12306.19307724381,3297.883423621538,7741.584847318234,9154.651584343494,9113.703067320024,6898.984958464321,5988.152692666385,6225.575329556088,5350.248024164414,5551.163350240769,4230.251947349069,2395.2102326209906,1776.083068028728,1060.365837693739,1518.949650237962,0.011783109538342978,0.01094481699769827,0.12781051007460495,0.3046777710173457,3.0506271187266325,3.0296461232304828,2.739341027545279,2.375249005235673,5.798301278945649,4.97242672559623,0.02428387293889844,0.018444661862623966,31.518767923634336,23.32540956979813,27.59012936180181,39.49927807136546
55.0,83548.69097777987,3011.0454152106454,13627.82420260004,3656.0549124141417,8543.062105854144,10097.779288402679,10058.972875867332,7629.998401936975,6625.017418972737,6886.546066080367,5921.6850528864625,6142.024454317215,4684.775903715745,2656.3310621177884,1970.7753341383223,1177.1024683802602,1686.4963729179817,0.013108375971126364,0.012177505448067238,0.1421043497693254,0.3379159303740727,3.3836000594947095,3.3616549017601556,3.0430038027254422,2.6389414852912787,6.441672624863662,5.526008411425022,0.026978806306917062,0.02050284457247444,35.08002944340251,25.967264969032474,30.72401296866871,43.98826454853412
56.0,92295.36778916456,3336.0424891070666,15075.957243039662,4049.6989549694367,9414.40997080673,11121.54659946277,11086.52591054314,8428.498852566789,7321.307536577521,7608.937603148666,6547.057580034874,6788.1391706406075,5182.830813587192,2943.3877430594744,2185.0725233403846,1305.7287163812034,1871.1960661268763,0.014575360216216748,0.013542986077310892,0.1579275160205238,0.3744824382121548,3.749659140905794,3.7269506988751897,3.3780462298468383,2.930031377748284,7.151837397986386,6.137502745548091,0.029953363168592692,0.02277725341290892,39.02681243142835,28.897036261124118,34.20293336433592,48.972606824735564
57.0,101828.88022371812,3692.96861987592,16660.208072722566,4481.976950621522,10358.156179979036,12228.203473363581,12199.27037876314,9298.556780126173,8080.861383505046,8396.613940438216,7230.1406329290385,7493.156542088321,5727.740226208477,3258.756305248654,2420.8788003247873,1447.4541931181757,2074.8345127022703,0.01620113462823924,0.015057579405672355,0.1754644035771992,0.4147035046920344,4.151954610533556,4.128801669570887,3.74787591184004,3.251544579128535,7.936159114883669,6.813452059452616,0.03323831685711902,0.025292616350109095,43.40721407897297,32.151289040741695,38.071910964855014,54.51733969739946
58.0,112175.33034284292,4083.038372495909,18385.434911520955,4954.3990892992715,11376.335345739883,13419.925518229997,13399.581848657777,10242.52530086898,8905.823875026805,9251.765509684732,7972.927795699972,8259.06809244489,6321.170869777933,3603.5260924125937,2679.0477587503065,1602.8118641016563,2298.18706035408,0.017992846708236386,0.016728140268819417,0.19479222016680203,0.45871092891595455,4.591752343869138,4.568528585180896,4.153894956434651,3.604729731374988,8.797675386096971,7.5565664925652305,0.036846359196019335,0.028059198213771556,48.24148565941451,35.74546268149586,42.35003657786973,60.65006789964862
59.0,123406.56008433412,4509.107388733247,20263.998431412732,5470.660547743937,12475.538881834553,14704.183554755253,14695.195317657961,11266.947098327528,9802.042826774566,10180.416078754728,8780.651143194336,9091.215669082738,6967.3369259438305,3980.2614782205637,2961.550989276436,1773.0143172531334,2542.992030395152,0.019966040755074875,0.018569658449540873,0.21607896219100964,0.5067743794539008,5.071616853056194,5.048834814306285,4.5990649203869935,3.992237405301386,9.742830548778317,8.372636287276151,0.04080440692162041,0.031099008201193056,53.574089685138766,39.713615047109386,47.07972426278453,67.43221819297676
60.0,135511.42717712678,4972.7425712665,22298.180053499498,6032.371803841247,13650.50734787801,16073.436815458765,16079.772805356553,12370.497684838516,10768.90037334177,11181.693188777228,9653.513124021192,9989.291697283046,7667.082206229885,4390.398718282921,3269.7184384481943,1958.9926733241573,2810.7015787922655,0.022137865350652687,0.020598723582313037,0.23951018008333014,0.5591817856174601,5.5942695245171,5.572606651801669,5.086603788755108,4.416955875901802,10.778643476850736,9.267990291214746,0.04514177481300987,0.03443615229912118,59.454308331730175,44.09359378951813,52.308289481430975,74.93236809523069
61.0,148513.54638063244,5475.9381820095,24494.229088615175,6641.980398976564,14901.154997997786,17526.75644681587,17553.11859803051,13555.130693320782,11808.466750201722,12257.599777281197,10593.73507204845,10955.288929732802,8422.552118215724,4835.759053412729,3605.086618655406,2161.760992137302,3102.8297111294332,0.024524712676459486,0.022831349784785744,0.2652634971590552,0.6161774751643087,6.161969195207565,6.142295432455023,5.619427347663802,4.881527530492453,11.911528896392989,10.248488972147177,0.0498852262432821,0.038093093462917255,65.93006507848817,48.92250003961775,58.082680401360555,83.21873534692891
62.0,162411.2920188326,6020.231950762665,26855.16434406404,7301.286943866885,16223.920570675022,19058.863257654622,19110.90991618026,14820.378849831659,12920.818842837198,13408.017899455092,11601.942695183905,11989.42767960296,9234.792777173918,5317.773004040697,3968.96795096271,2382.234621029806,3420.781172288022,0.027143547073541354,0.025284273237051944,0.2935224257496131,0.6779770322023656,6.7766455330921955,6.760069642847054,6.200358900167515,5.388541117228406,13.147766999448717,11.319969652932633,0.055060919452940935,0.04209237126201432,73.0518916135582,54.23977479660073,64.45340740796689,92.36491391590133
63.0,177189.98295348618,6606.631483761847,29381.719605498718,8011.486205866714,17614.042279387268,20663.12485095376,20747.41036338861,16164.55679092508,14104.965050850618,14631.725433847047,12677.77751860876,13090.922135772309,10104.052998557121,5837.409300260135,4362.334926385583,2621.128205459919,3765.6709382920244,0.030009207619019027,0.027972362118657033,0.3244470302538916,0.7447187973404609,7.439438739820572,7.427328754604379,6.831600515518375,5.940059293326772,14.492354760256033,12.487221726887455,0.06068961871797218,0.04645272226312903,80.86529895974924,60.08139295751456,71.46739300442458,102.43955392543512
64.0,192857.61563983266,7236.374259178407,32077.19466337294,8774.357524008814,19070.140788004872,22337.162656829823,22460.89170787093,17588.172022950177,15361.736263588067,15929.445300243711,13822.209693210109,14260.507749562279,11031.414449323966,6395.855460671779,4786.267660782093,2879.1918321268117,4138.615806994136,0.03313638931208893,0.03091046202614599,0.3581971394928558,0.8165276883970639,8.151335315694169,8.145331108242857,7.515263981043833,6.538076895764054,15.950110740759914,13.754897147803426,0.06679139374134334,0.05119246398844918,89.41576565353985,66.48351576190096,79.1722092870271,113.51234707300527
65.0,209437.17260345822,7910.868615750562,34946.619340631194,9592.181965612954,20592.991648893658,24081.284198971953,24252.16974412917,19093.152962759785,16693.17746934081,17303.18742155111,15037.072955169066,15499.900926596076,12018.501823441607,6994.477591310833,5241.963184801553,3157.2377211005505,4540.787783434969,0.036541008766215466,0.034114853920596974,0.3949472884218756,0.893512593316031,8.913104808534312,8.915169650190718,8.25349006868267,7.184648718664065,17.525980670494967,15.127850797066309,0.07338687316543159,0.05633091088474238,98.75339461633784,73.48633723980006,87.6214143876341,125.66192355445648
66.0,226711.10774766855,8627.369749735697,37964.242003433304,10460.128087863495,22150.654968906656,25855.348842849875,26083.31042723671,20658.237529716716,18081.881947484566,18734.345285910545,16309.05118091978,16793.994962012628,13056.64637276547,7630.922215804608,5728.374332344814,3455.0163984878163,4972.224776973937,0.04023516361549738,0.037598523226305004,0.43482262754251294,0.9755704740328511,9.723368210605605,9.735874666249345,9.046926757751766,7.88057897616091,19.22192264672287,16.608656247433643,0.0804836802134026,0.06187903132884758,108.92119598742214,81.12555836172956,96.8648119586366,138.96225665711123
67.0,244631.56435439902,9385.13255366086,41124.17081494551,11377.955341941848,23735.884751451475,27650.089826040945,27945.647382673276,22278.60911484293,19524.17189110678,20218.93212327722,17634.979147975457,18139.212628242185,14143.66954029576,8304.713977650474,6245.451526931391,3772.663501361941,5433.162400538909,0.044233790502648106,0.04137747355839118,0.47799019090732947,1.062693070456301,10.581619912234991,10.607357131887111,9.896974018808697,8.627347461952393,21.04144326917597,18.20112143571979,0.08809647455208804,0.0678527363970051,119.96969182295018,89.44299683032736,106.96060459715923,153.49945240672588
68.0,263079.375589548,10181.999579786067,44410.83848835827,12342.998422113067,25332.29253227234,29445.20862727182,29819.706894524214,23942.48879818603,21010.420960652817,21746.695621097348,19007.01235829918,19526.851346385283,15274.146960517479,9014.098445430347,6792.332861983614,4109.907106497894,5923.374893074986,0.04854720312406356,0.045463670992488485,0.5245613330663049,1.154669929240759,11.485319796998866,11.52754345472475,10.803483026227688,9.42512306591752,22.984893164488707,19.906559516152186,0.09622639328492628,0.07425881937367945,131.93965104310553,98.47401070452906,117.96097429781996,169.35168610830578
69.0,281870.6508570617,11013.88348440444,47798.58297033653,13350.07987736672,26916.327722346578,31212.058781392196,31677.574016528277,25631.82335625925,22525.588814963594,23301.730997652587,20412.670635418617,20943.307185754777,16439.16054272418,9755.642831336421,7367.017461555543,4465.859087877752,6441.810819623164,0.053182879456863334,0.0498670451120856,0.5746161955776437,1.2511156363222595,12.43010999353155,12.492619263983581,11.765052348807359,10.2730489372883,25.050114657204574,21.724364600986235,0.10486398975071974,0.08109737079027077,144.86786973432123,108.25241106343866,129.9192495480635,186.59978234313627
70.0,300829.6025174746,11876.276377116821,51261.60634350815,14393.617905905758,28466.737388617155,32925.15289188483,33494.09314488015,27329.431292487072,24055.198358867485,24868.802852371555,21839.70280991788,22375.40391061337,17629.724986763944,10525.527601012025,7967.122346271858,4839.3546595019925,6986.978545131806,0.0581430871832245,0.05459247430980335,0.628178193315701,1.3515733726827652,13.411002530486146,13.49805322048551,12.77935357658819,11.169421908276188,27.232899991415888,23.652054184012158,0.1139912695442556,0.08836127413383298,158.77638521211662,118.80073286938679,142.87494009285487,205.3046235753129
71.0,319759.5156673039,12763.610922863723,54769.93715378462,15466.880622321964,29960.80672486801,34557.55849102927,35242.401136303,29016.13977889093,25582.971130271282,26430.839884488138,23274.105759440194,23808.230770337115,18835.37167163839,11319.022061901695,8589.592948090656,5228.835743720003,7556.81330933037,0.06342661759535734,0.059642087519687206,0.6852331606585975,1.4554321478226575,14.421439321854288,14.537776435586883,13.84283899183578,12.11151935131148,29.526551626042657,25.685163794756225,0.12357976206872837,0.09603634133451737,173.68093451792348,130.13801681950625,156.86606066803762,225.52581622435923
72.0,338437.6280737487,13668.9481167219,58288.25199945361,16561.505384886237,31374.203020889,36080.89192772595,36893.77097447145,30670.299714164186,27090.32629057465,27968.44019761185,24699.664436022344,25224.7071431125,20043.749134698068,12130.19338228063,9230.466420083465,5632.200843602228,8148.465365261223,0.0690273070412793,0.06501375658233768,0.7457141587873984,1.5619296963154878,15.453359301913371,15.60420464896137,14.950600707071752,13.09545301546506,31.921525441664407,27.816853304018597,0.1335890913754411,0.1040997249128588,189.5861872760521,142.2760117914332,171.92419708759778,247.31445158377306
73.0,356592.7908845255,14583.380591481946,61772.49859726977,17666.509986595483,32678.46460672262,37462.429182755244,38414.674884477994,32265.620069401462,28554.466857747066,29457.879413514052,26096.399227899852,26603.93122434126,21239.486691829305,12951.36219574542,9884.488758497268,6046.590648639674,8758.025863777597,0.07493302975344758,0.07070002005247768,0.8094897092048295,1.67015613514622,16.49727411270561,16.688274929352765,16.096276776360675,14.116065505284526,34.40518697928253,30.037642905893538,0.14396598295414073,0.11251882049847386,206.4825268497243,155.2165656988831,188.07107394860347,270.7080975418851
74.0,373925.5547845497,15496.464286851999,65172.66911281731,18768.90477891694,33843.58027431089,38668.20903608343,39769.82534669033,33773.13286389321,29950.029885447926,30872.853703212146,27441.90827153591,27922.647133984472,22405.143928686804,13773.474601350015,10545.342893246598,6468.498512891496,9380.661217301598,0.08112373523710908,0.07668624608009827,0.8763400105299491,1.7790041855570449,17.541813347083355,17.778965699523923,17.271572939348573,15.1665049500036,36.960808899349146,32.334570797743446,0.1546398412178205,0.12124797125416524,224.34186826192695,168.94864757565296,205.3155693921519,295.72670146784867
75.0,390145.2172198331,16397.113173148933,68438.0942517074,19854.910073971114,34842.55533469909,39668.50731184747,40927.566534162266,35164.786788202015,31252.128049185063,32187.681748829054,28713.879748069703,29157.961654937626,23523.025752792175,14586.876021075579,11206.14760056043,6894.027132653912,10010.943451721152,0.087571530136028,0.082950564603322,0.9459590335804671,1.8872125530941017,18.574182537878787,18.86371885403515,18.46649622853861,16.238405121361065,39.56800075961257,34.691466375767185,0.1655246788611367,0.13022940019074672,243.11667350302753,183.4473283369939,223.65196130869492,322.3698844005169
76.0,404950.0199954884,17272.43224296289,71513.05189405003,20908.36157638554,35650.55061977179,40437.33251931796,41858.94624021151,36411.58934847451,32434.51858243598,33375.479040511585,29888.3409936714,30285.665628892995,24573.654423130858,15380.258363913621,11858.635756056941,7318.386477153036,10642.136340571498,0.09423798706835818,0.08946139869171936,1.017925580448865,1.9933237949412976,19.579778147950652,19.928006237559163,19.66880700274802,17.32139122573068,42.20149453577293,37.08786126308978,0.1765142281752491,0.13938920520795656,262.7329947373605,198.6689161846611,243.05514395698276,350.61040964483095
77.0,418103.62025011505,18111.455921905144,74352.14414558536,21915.57974432024,36249.91125631317,40956.94247546007,42543.47597285759,37491.033919793386,33476.5587249876,34415.20592939014,30946.119315648324,31286.626193726668,25541.156468150344,16143.97666572527,12495.629199775165,7737.349221340972,11268.237757012625,0.10108612458058486,0.0961875123604415,1.0918338354382187,2.096096160844119,20.546285232066797,20.959442110466853,20.867605801947807,18.406139928571,44.83860242629232,39.50510591155566,0.18751319745345432,0.14865951860782006,283.1151301522738,214.56624876781564,263.4915340364471,380.4074388910212
78.0,429328.9079814711,18899.98630719279,76899.71358305961,22859.18149775601,36622.442179684745,41209.94759399651,42960.134507356524,38377.2178542875,34354.15466247448,35282.45366522623,31864.27873064828,32138.295845866152,26406.07002585048,16865.526504236434,13107.62571644095,8145.210553776118,11881.034625334953,0.1080600045642304,0.1030804023262229,1.1670684570612564,2.193884235144584,21.457599176619855,21.94160868073447,22.047688462860894,19.479510971772466,47.44739120531812,41.916533200975955,0.19838754767421596,0.15794239344381075,304.1423843477237,231.06084543514768,284.8971108228186,411.67864025681786
79.0,438422.36389496486,19625.403430967144,79110.86720583608,23724.177604339475,36758.925022686715,41189.208225584385,43098.43187208137,39051.89836221089,35049.77179644258,35959.70288393006,32625.206564820444,32823.906073631486,27152.6887286718,17533.756692425544,13685.866323875947,8536.558897182778,12472.589012581453,0.115096382902184,0.1100838548396214,1.242937375237208,2.285091527011972,22.298320123731827,22.858565208972298,23.19340238080594,20.527827716198953,49.99466528895708,44.293875455977755,0.2089978902391024,0.16713285356756113,325.6710087349617,248.05552361833998,307.1838015558698,444.306302902239
80.0,445211.8176657828,20278.15964106504,80950.63644659283,24499.641654575862,36648.58629296078,40883.90947309417,42945.78833155848,39499.819545568156,35549.25409279764,36432.65246716363,33214.94436488599,33329.92432046376,27768.85902744365,18140.327376146997,14223.82719364675,8907.357759624727,13036.913026101556,0.12214462082779834,0.11715255494730778,1.318892005602129,2.36850867336542,23.056811636876358,23.698223014347214,24.292659953769444,21.540498139849383,52.45469874901296,46.6150373881143,0.2192363150438316,0.1761486667272217,347.58290437772496,265.46934269603344,330.2755094910523,478.18743673902395
81.0,449493.8156750389,20844.171919478835,82370.97494311628,25167.805196527708,36285.81060889708,40292.402742873935,42496.19295113385,39703.16037254571,35834.66822947112,36683.62341735275,33615.290813095,33639.430797777364,28237.943637614884,18672.62071939397,14711.32480256483,9251.183887080071,13564.585071507754,0.12912233985188887,0.12421119223399327,1.3940314292800304,2.442425759282872,23.716945435674234,24.443482836370094,25.32718802385647,22.501313321155838,54.78818548115425,48.84572917297639,0.22893822527535934,0.18486113446783373,369.6786690639263,283.16240671224995,354.03370092471835,513.1318932592824
82.0,451250.53057153133,21312.43556678007,83345.8493122172,25713.19357323557,35692.66653737496,39448.59428296878,41776.86362785766,39661.72399753261,35901.83025415693,36709.7633540087,33819.261078289695,33748.12163109082,28550.80440819429,19120.22955348938,15139.264137149039,9562.023758720494,14046.831537750208,0.13594854128996953,0.13118365638882507,1.4674482848025108,2.5054856960469283,24.266456254242318,25.080773110528693,26.280663434980454,23.395503826422235,56.959445502056134,50.954194884224954,0.2379543489457162,0.19314931741234492,391.75649530264917,300.9898869158374,378.3091270208004,548.932898325349
83.0,450465.2626568111,21674.973913051144,83859.40613771681,26126.960108240753,34881.35982345256,38369.32859836974,40802.4801277193,39377.03120328343,35750.19716477448,36511.33379882845,33823.50158335295,33654.49980103458,28702.082586226054,19475.900235013098,15501.00615797859,9835.276665902176,14476.507139127567,0.14254048160917157,0.13799140001430787,1.5382386620527777,2.5564801523016563,24.694514594850077,25.5979654877892,27.137719212918824,24.209073663014564,58.934606982689544,52.90963183243464,0.24614318631128487,0.2008952573968696,413.601265326548,318.79438379848,402.93235260892646,585.3523028875903
84.0,447192.34190795576,21925.69637070851,83906.67929729108,26402.294877298795,33872.43699227856,37081.198057947084,39597.60398102837,38857.88290032932,35385.36660707782,36095.04068003889,33629.95766717128,33362.71823919651,28690.31261452044,19733.889344163796,15790.74750182751,10066.6773728452,14846.870257949602,0.14880887954643437,0.1445477993097504,1.6054232918451092,2.594396102332273,24.99250012154518,25.984862009497796,27.883497971186877,24.92823170158537,60.68034790056853,54.680915505060085,0.25336580619034754,0.2079782332746805,434.9718153448079,336.39576007684565,427.7021953272692,622.1047084376326
85.0,441523.08354733593,22060.931813156756,83491.14912900477,26535.144587502185,32687.904799397646,35611.82175138644,38188.4548057956,38116.423515897535,34816.166902111974,35470.80268256969,33243.9034143682,32880.06322707865,28517.02427101081,19890.5462159043,16004.294600768731,10252.931446974624,15152.607882497476,0.154673479558604,0.15077323976532178,1.66812169019668,2.6185902983083635,25.1554359441259,26.234944236502564,28.5062983909344,25.54185936927014,62.16983949129301,56.24211705453718,0.25951063480303294,0.21429616813118676,455.6421319978519,353.62166081731704,452.4191598043254,658.9045601650666
86.0,433589.9530723359,22078.947686496365,82624.53076222939,26523.79512299884,31352.660492962445,33991.55649723229,36604.595430367975,37168.9403990606,34055.24565055783,34652.41945310862,32674.202735412742,32217.386932973965,28186.71033589165,19943.875219712427,16138.593779319552,10391.353095451257,15389.236747425592,0.16005367307761917,0.15658606298970873,1.7254511856009835,2.6286550499031103,25.180762910784967,26.344028020424037,28.99591723402767,26.04000189388085,63.37908950630915,57.56914205867272,0.26447817019722575,0.219752732109749,475.3755657457127,370.2881421003889,476.86326811634063,695.434456520778
87.0,423586.98323314294,21980.887310886443,81330.5604206217,26370.151578827034,29896.069534521157,32255.191578936956,34880.77266122107,36037.6923341818,33120.77106502966,33659.30085855385,31934.85706711284,31390.640493878636,27708.10513215273,19894.372302538624,16192.390085860197,10480.2737915521,15553.69264329952,0.16487405792178644,0.1619079142041491,1.776588305497942,2.624476143631387,25.068807849057478,26.310846062812175,29.344574106524068,26.414733570967442,64.28902581426573,58.64168235337844,0.26818968901206025,0.22426494255890564,493.9392497103533,386.21024918802215,500.80530365688236,731.3608887886054
88.0,411743.72902781016,21770.284548502375,79641.37320334268,26079.118145087297,28348.570837735817,30437.953577048196,33052.900765353,34748.17894331596,32034.150731323265,32514.055117597985,31043.153301965787,30418.842521129947,27092.909392813002,19744.635949808493,16166.050304258899,10518.996579431769,15644.307023038618,0.1690673382595847,0.16666663789424935,1.820801469935744,2.6062422502885974,24.822801143271704,26.137142243124906,29.547279833052283,26.660525863647976,64.8863703107747,59.444096463594434,0.2705909342644868,0.22776674700446142,511.1117852594913,401.2077917606773,524.0130623969366,766.3430371634499
89.0,398311.864529736,21452.837841824236,77595.68913045773,25658.336200665923,26739.874957885666,28573.379409153895,31155.925328735917,33327.719446396426,30818.855546372382,31241.241531406697,30018.716910388095,29323.033022112326,26355.150326221144,19499.193117350365,16061.495224916616,10507.787105265063,15660.81277891702,0.17257514168154026,0.17079715949021584,1.8574600966586852,2.574424245180702,24.448640122001738,25.8274721588478,29.601819864865504,26.774261098791175,65.16367071064901,59.96552755126136,0.27165217050773305,0.23020960386980452,526.6855922522814,415.1071183075634,546.2530436737098,800.0350759620669
90.0,383558.7986276164,21036.268297251776,75237.71525784006,25117.99652844315,25098.28805221856,26692.650065071633,29223.037582782603,31804.66305847007,29499.72570282535,29866.650113615735,28882.9255815328,28125.651122549152,25510.76320965375,19164.39312674012,15882.180511701508,10447.898249951571,15604.406499171262,0.17535060384276044,0.17424432361864944,1.886063137116005,2.529749781172523,23.954573302569194,25.388955757895808,29.508847668376117,26.755372928746375,65.11963023495345,60.20039143960852,0.2713695150728874,0.2315646952021192,540.4752862987947,427.7479388242252,567.2989294058161,832.0985408508193
91.0,367750.5967523039,20529.675838751395,72613.95482981807,24469.886117323662,23449.315392820197,24823.235005182403,27284.068319345137,30206.60415542877,28101.320736849302,28415.61659324012,27657.461576908776,26849.064179590077,24576.458431085783,18747.84125140374,15632.721516219728,10341.379703973907,15477.51571503861,0.17735950573743547,0.17696423663376454,1.906251686590823,2.473177633726454,23.35091470757408,24.831023491680185,29.27182789448234,26.605831984822924,64.75906320439474,60.14846645843382,0.2697647579273922,0.2318235303019099,552.3215862579261,438.98662017977057,586.9356946795381,862.2083568123229
92.0,351151.2173652115,19943.45409808077,69772.93222403168,23727.376230574086,21815.694578204864,22988.97653843498,25365.524697501263,28560.27072224384,26647.8181904945,26912.922991949592,26364.182256061526,25515.44991737048,23569.602431550487,18258.34221941451,15318.86670634038,10191.071127045168,15283.784784834377,0.17858069895461254,0.17892489110861937,1.9178133190066793,2.405867395753717,22.649733304056216,24.16512001149715,28.896880929330838,26.33003453601186,64.09262752287607,59.81476594722869,0.2668841667412671,0.2309976225009071,562.0934478230515,448.69810045147557,604.9620803515746,890.0565086908813
93.0,334015.6714737892,19288.8709452678,66763.59447578155,22904.944770759765,20217.119497419208,21209.923346092557,23490.278002380976,26890.826534398893,25162.341623530454,25382.127892234515,25024.44127592817,24146.150049207667,22507.626543813138,17705.550840131633,14947.261102152195,10000.481235979816,15027.909931731712,0.1790068465081744,0.18010751710743894,1.9206901725253138,2.329110087848589,21.864141786189062,23.40401778881593,28.392373930900042,25.934496996324242,63.1360808880716,59.20911649020363,0.2627952932528991,0.2291173135689607,569.693506111919,456.781257726691,621.1991555842197,915.3651462430987
94.0,316577.7277909337,18577.423846418915,63632.639486758686,22017.118288796017,18669.658155342004,19501.937761857185,21676.93148129929,25220.677981942863,23665.76223749127,23844.3730951537,23657.98952948447,22760.609648513277,21407.094449343724,17099.37501190127,14524.999394964732,9773.531766339787,14715.309753183468,0.17864415085493332,0.1805065624075679,1.914975788391008,2.2442961710667846,21.00798740698047,22.561499553019438,27.768663116350822,25.427643916089245,61.909766511432,58.345786103511365,0.25758481418803764,0.22623052640655633,575.0584187435121,463.15960355459663,635.4916913789344,937.8888099014804
95.0,299049.7118501386,17820.777819767212,60424.39476388431,21078.504436202245,17185.793031372712,17876.741413053165,19939.85748297944,23569.45001404453,22176.684058901585,22318.371006728226,22282.922800871078,21376.337929550173,20283.645406572592,16449.944022819283,14059.610990993142,9514.553178841408,14352.106829680306,0.17751212697727453,0.18012963328505605,1.9009109848930434,2.1528907677589757,20.0956234267356,21.652117204824474,27.037884548965337,24.81963074124689,60.43819549182288,57.24318606465355,0.2513567035085521,0.22240169185356484,578.1594075375097,467.7820185024565,647.7094431522588,957.416504996043
96.0,281627.9210848927,17030.949901754764,57181.82716580603,20104.341826794618,15774.787851715606,16342.211703368412,18289.583964624777,21954.49576276629,20711.971845314867,20820.935078960745,20916.09014746579,20009.325273005965,19152.31843067376,15767.829279101852,13559.243754808791,9228.399636773254,13945.253165636863,0.17564375824923337,0.17899789159306337,1.8788862122402092,2.0564120277298796,19.141696357365248,20.690977388674252,26.213804324099222,24.122227957934445,58.749766466238384,55.9236952552917,0.24423102139093186,0.21771121442170524,579.0037749730802,470.6243031407612,657.7494695494042,973.7752216160904
97.0,264466.9550496278,16218.281436062372,53939.88121012519,19107.405138148,14442.659562186376,14903.057270403433,16732.908498170153,20388.839356425204,19284.461299810217,19364.779257015987,19570.718945635137,18671.916744435213,18025.25556921696,15062.141587228378,13031.114805516856,8919.492416642726,13501.214266257757,0.17308056992823648,0.17714298144189453,1.8493847347207928,1.956209239856815,18.159024514054554,19.691531069671676,25.30975463206975,23.347053359946784,56.87249943948573,54.41028827069536,0.23632590576135187,0.21224338439797652,577.6334473875842,471.692463253844,665.550325025767,986.8538725202478
98.0,247694.90083678887,15391.980030927156,50728.27434861523,18098.735540193728,13193.521688306693,13562.195254295422,15274.459359702389,18882.805746377664,17904.435896866504,17960.032150940657,18257.732238539676,17374.15818772062,16912.728705026777,14340.985463865432,12481.767417656363,8591.916668616132,13026.05903188575,0.16986835438294248,0.1746018942954363,1.8129336411834163,1.8535328639749362,17.159379730522346,18.66626135008744,24.33872597910688,22.50554066009147,54.833972705140745,52.72606887680449,0.2277574522024745,0.20608383554538245,574.1089390840415,471.00895755233734,671.0737582417419,996.5762625150337
99.0,231426.53913307557,14561.149712654456,47574.58315962876,17088.715536028423,12029.984649054906,12321.084762056475,13917.166805883713,17445.009447508084,16580.59209904215,16615.18615294689,16986.84231498956,16124.784130769485,15824.197320702457,13612.342000774886,11917.800949701303,8249.890721164891,12526.190821641103,0.16606456639393358,0.1714233130052301,1.7701851288645094,1.7496905218307361,16.154942219182484,17.628247798127397,23.315114410911224,21.61049571746011,52.66508619223216,50.89754092553371,0.218655500190393,0.1993318045693604,568.5224091383335,468.6198647436171,674.3050651907868,1002.8991205571485
100.0,215769.63754032878,13733.995211403178,44504.02833778968,16086.784509668592,10955.13160736614,11181.956144906595,12664.543408845506,16083.611495258489,15321.074218068734,15338.233196083876,15766.988858428442,14931.89481169278,14768.246411876424,12883.386087690684,11345.177435424364,7897.252150319651,12007.474879074882,0.16172688263820859,0.1676579409186865,1.721782326033127,1.6457846601011616,15.155884172387797,16.58854779134385,22.251788856559603,20.673478097370698,50.39376604177011,48.949240105878125,0.2091370791167338,0.1920799114993124,560.9809002200716,464.5871963363713,675.2582975935841,1005.8242910102139
101.0,200773.61482854688,12918.575257515879,41535.5114422391,15104.144043007649,9961.860714669863,10134.41838672575,11507.736802134978,14799.615614745202,14128.682063714194,14131.340004505892,14602.760277504267,13798.614053989517,13750.986730632067,12161.888255094651,10771.027868647001,7538.894632732654,11477.159465309815,0.15692841805677954,0.16337316975994035,1.6685582123878862,1.5429353659481384,14.172285651289753,15.558408870118232,21.16312957296481,19.70763750247117,48.051727274362044,46.909724392640506,0.19933484587947561,0.1844376643650844,551.6341296732061,459.00597926505407,673.9816996772859,1005.4011605551412
102.0,186480.314177634,12120.651106202033,38682.23527108012,14147.103039920958,9047.336692628718,9174.41846675801,10443.323812620021,13594.292706819546,13005.356619540134,12996.134204463731,13497.509129906924,12727.37341129741,12776.663156912497,11453.068887082327,10200.165261461983,7178.182564006598,10940.53641514291,0.15173760837059472,0.15863348380819775,1.6112749776258226,1.4420275392705728,13.212024953300585,14.546753550460194,20.06127420919213,18.72417183662752,45.66602801264536,44.803965126911756,0.18936168088348246,0.1765014596293215,540.635587792306,451.9794501275083,670.5464262811013,1001.7171602093895
103.0,172920.8259772714,11345.227413631505,35954.74777961015,13220.907711324759,8208.485885611573,8297.867103108018,9467.642392596405,12467.944319794748,11952.032787325465,11933.260304195841,12453.55209874083,11719.648046934419,11848.557758635587,10761.471312333053,9636.909829170632,6818.2156169957325,10402.561422832696,0.14622652033099887,0.15350840722846684,1.5507287214073044,1.3438400175281344,12.281915625023352,13.561463742769554,18.95779163678938,17.733874795191785,43.26277517899407,42.65663130929976,0.17932622899345152,0.16836733133835277,528.1589129461454,443.6294873838354,665.0515096871314,994.9022948886987
104.0,160108.960421687,10596.107793541232,33359.805998609896,12329.612284506476,7441.409182705099,7499.8311397720845,8576.045596903743,11419.48052204855,10968.343412910868,10942.06350945367,11471.78458467581,10775.595467886416,10968.63732634121,10090.64640661692,9084.795692920708,6461.6083053447655,9867.42599167719,0.14046087202632265,0.1480627934806613,1.4876424326926,1.248956038272814,11.386939283541938,12.608469612429463,17.862223313176617,16.745762505191106,40.863798398657465,40.48885847009992,0.16931905445019882,0.1601182943330637,514.3726378753602,434.07846555129805,657.6078148662843,985.1073961400836
105.0,148050.40016345005,9876.47866815675,30902.216414933908,11476.553354002832,6741.981255765804,6775.231267403718,7763.632167920206,10447.148991541264,10053.257157353477,10021.238152280026,10552.376889171233,9894.713449784755,10138.178571367967,9443.618857168061,8546.95211928385,6110.738942210059,9338.97592625882,0.13450616763449216,0.142362461080613,1.4227315599381907,1.1578574487698639,10.531106776678685,11.69269702230123,16.783255138062586,15.768136092598409,38.48922186214396,38.32058787069677,0.15942342047162514,0.1518332659567084,499.4540828297625,423.4585767926017,648.344814483986,972.512745750012
106.0,136737.66665727756,9188.620038716648,28583.82117303409,10663.998043951926,6105.541618670998,6118.512751520286,7024.88250498483,9548.122781178994,9204.693674441558,9168.439563585172,9694.390615217962,9075.473374339565,9357.431283181468,8822.634842243591,8025.893965993177,5767.613365156264,8820.501718582058,0.12842478443920294,0.13647125842611224,1.3566723220378598,1.0709078649605932,9.717325274546432,10.817893266460283,15.728359916912112,14.808234939953927,36.156623355470664,36.16971335318733,0.1497118196616028,0.14358366292377417,483.5816200157293,411.90611469587003,637.4052991559323,957.3208211885103
107.0,126154.20698038167,8534.01935365251,26404.19502599308,9893.283140962005,5527.328740207747,5524.123732141354,6354.171313321649,8718.961360461384,8419.928207957593,8380.702692044692,8896.134072075347,8315.689036503834,8625.880691841621,8229.243547040913,7523.546712448633,5433.8564439182355,8314.71263815652,0.12227386222088367,0.1304487420695109,1.2900792288556675,0.9883573432455349,8.947465720732541,9.986668562189957,14.703674677417709,13.872097619324009,33.880694810481266,34.05164867342944,0.14024460038261916,0.13543154903032706,466.92773785687456,399.5558518459319,624.9388298104305,939.74676321704
108.0,116277.9577578384,7913.572404805236,24361.37431662473,9165.042928524877,5002.702424616226,4986.744965139964,5746.029581881366,7955.926270890102,7695.884875443086,7654.737960022563,8155.454396482023,7612.797326222255,7942.500464125788,7664.466403029229,7041.376223505093,5110.790123994868,7823.854882879052,0.11610639174510025,0.12435114349296222,1.2235173645921416,0.9103638740988013,8.222559581421947,9.200710537225214,13.714248665797372,12.964784523333732,31.673777934205543,31.979795202074342,0.13107223065855356,0.12743140944913042,449.6612479410987,386.5424362173287,611.1026407119252,920.0194375052539
109.0,107081.69179564828,7327.59714667018,22451.94427018551,8479.233939733596,4527.162992050812,4501.29882544885,5195.164942566462,7255.0342308459185,7029.1892810370455,6986.983568415881,7469.786658222949,6963.906285822397,7305.792167994283,7128.804997491967,6580.38299656871,4799.421142663474,7349.686803746905,0.10996998531319234,0.11822994159581311,1.1574898047258342,0.8370013491480444,7.542886183399427,8.460859955385263,12.764020864644362,12.090338827631903,29.545764784401804,29.965358607704893,0.12223492897108652,0.11962931799145873,431.9425845311779,372.99640852501915,596.0565655298366,898.3738859685473
110.0,98536.35033164358,6776.013834859829,20671.738497027,7835.393347188393,4096.541614120683,4063.129888878507,4696.6795927867915,6612.359898639936,6416.460703808943,6373.89821275087,6836.436489402749,6366.067143856144,6714.030265619766,6622.4012538899315,6141.221077626056,4500.50788866881,6893.568031995106,0.10390669422776419,0.11213150658325735,1.09243644856347,0.7682727293932453,6.908099755274122,7.767240794232135,11.855919049404038,11.251866343702824,27.504287453397083,28.017462770181236,0.11376347832394781,0.11206329184384364,413.9220497657377,359.0424514935674,579.9602321408477,875.0469626345526
111.0,90610.20648173017,6258.35562168396,19015.743048853907,7232.625002007758,3706.865739098057,3667.8507162935553,4245.9125667619655,6023.927653192115,5854.220495270667,5811.863796676194,6252.514845649115,5816.19849516825,6165.226188166473,6145.046089951757,5724.214496188523,4214.576229176405,6456.490180926182,0.09795360587805567,0.10609763257139244,1.028740960912608,0.7041205666933232,6.317323429246878,7.119365241165814,10.991990746853496,10.451654621274512,25.5550034475491,26.143401447444454,0.10568043625184421,0.10476425928585535,395.74095429289326,344.80009528682166,562.9734946932172,850.2778037946023
112.0,83269.28601508489,5773.802770328078,17478.20787460806,6669.632787519849,3354.371361937823,3311.3482730931514,3838.453716369987,5485.755819323187,5338.935694732121,5297.228152829178,5714.986626319405,5311.130602777653,5657.173213352204,5696.202487059828,5329.367221023975,3941.919027213858,6039.07420272639,0.09214196837519693,0.10016439563946622,0.9667223121676808,0.6444394817162737,5.769275364466006,6.516255687473305,10.17345296805893,9.691201362734212,23.70165850731302,24.348603082253128,0.09800043990958263,0.09775579805620074,377.5270560487809,330.3795542708657,545.2502009282828,824.298293279816
113.0,76480.33048473045,5321.3578967591175,16053.27900657646,6144.977274341941,3035.6476678294002,2989.918682754073,3470.3079884754043,4994.100385436184,4867.25877973688,4826.543771957556,5220.9077600875735,4847.830067876513,5187.660007790138,5275.168335112307,4956.496150700472,3682.679547085345,5641.6872378777525,0.0864979750299734,0.09436288102437979,0.9066436865671498,0.5890861095605133,5.262355576308956,5.95654518390792,9.400835463518414,8.971347300601368,21.946407037691735,22.636925467497157,0.09073154122698651,0.09105527383182124,359.39622270977566,315.88280947987874,526.9389040952876,797.3338874142622
114.0,70210.20654912996,4899.844066125689,14734.913759789379,5657.048510760976,2747.5627785038414,2700.1859145582284,3137.809675566001,4545.3857772699685,4435.96578849552,4396.5032954797625,4767.378428644798,4423.347966675474,4754.440069440052,4881.070989311492,4605.231006762744,3436.853947995399,5264.452609866161,0.08104314737549732,0.08871951198420115,0.8487172663627306,0.537886364001616,4.794710202996638,5.4385495723559,8.674071747255248,8.292359329892378,20.29000962069369,21.01082769321136,0.08387605579353606,0.08467451018205929,341.4528689650313,301.4037599716784,508.18255084743356,769.6029708286039
115.0,64424.8303810317,4507.886008978659,13516.710028177207,5204.004653350768,2487.151196148393,2438.9806077845205,2837.4927108887464,4136.091850330322,4041.8532003969244,4003.832938931916,4351.461226284794,4034.7322245384435,4355.173531408685,4512.843076160616,4274.997556316747,3204.2818155041814,4907.243511777894,0.07579430167302723,0.08325584884546236,0.7931045195446607,0.49064557055370595,4.364327911017304,4.960368489827753,7.992589457086364,7.6540065128642585,18.7320139312069,19.471494716467763,0.07743133283670334,0.07862021161571825,323.78832614272216,287.0264687096603,489.1151175773119,741.3115357132295
116.0,59091.95671074795,4144.066668081872,12392.490495723063,4784.01497304477,2251.7600653281693,2203.4792290644373,2566.256153514952,3762.9850849081213,3681.96490068237,3645.5190287831438,3970.4016295600272,3679.23864989526,3987.624422532075,4169.371590893835,3965.1392213414183,2984.721993475456,4569.785676346306,0.07076397227504241,0.07798893605252816,0.7399211185186113,0.4471554849837045,3.9691025966116755,4.519956709314966,7.35540610054207,7.0556477798310056,17.270966774782007,18.019025338054064,0.07139062882178214,0.0728946716412274,306.48127471763775,272.82522452048346,469.8608873961782,712.6518563128494
117.0,54181.32672515446,3806.95353658078,11356.352301119066,4395.285284727201,2039.0334580134981,1991.184451412788,2321.345737444007,3423.116526729417,3353.5932162628214,3318.80764652361,3621.6363918865927,3354.334915093794,3649.6745462679037,3849.5210177728486,3674.9402979964543,2777.8699980807096,4251.686860604672,0.0659610323734687,0.07293193616656503,0.6892441653286285,0.4071985344805607,3.6068670927570357,4.115166793099027,6.761209823726427,6.496310229785436,15.904601377547086,16.65261844424933,0.06574390188904504,0.06749653180908333,289.5992629854303,258.86565523636006,450.5354314992061,683.8037897264335
118.0,49661.72521174347,3494.9746579900084,10402.104903225152,4035.849031256943,1846.6922837783868,1799.698462588507,2100.1011577221416,3113.545326364017,3054.018573554547,3020.9405346839785,3302.5573002570186,3057.4645120705013,3339.1285217741843,3552.0156632141716,3403.5391569622448,2583.3094376688523,3952.378722477488,0.06139097733224727,0.06809446866736225,0.6411150217164732,0.3705455166697807,3.275367456531394,3.7437267216369343,6.208361399730864,5.974695541349783,14.629853451098032,15.370609943199675,0.06047787425484092,0.06242096082043458,273.200057056584,245.20595375118285,431.2476437880691,654.9378927421897
119.0,45506.26574846279,3206.716634501474,9524.357733782683,3703.9557274643057,1672.8590881045286,1627.0544649246076,1900.3320734063172,2831.7983535377416,2780.944545581781,2749.5928344588897,3010.939297648799,2786.459046999676,3054.089829516732,3275.696603544945,3150.122672301577,2400.6226686283617,3671.2730505767922,0.057056112928418765,0.06348222414962619,0.5955436958786505,0.33699261675823566,2.9726183717863566,3.403610135021033,5.695234921800386,5.489469892476743,13.443555070372575,14.170978971777112,0.05557896156867103,0.05766140788622918,257.32598537227835,231.8904539116168,412.0856588500764,626.1930105382703
120.0,41687.63595176273,2940.686672930788,8717.583533650226,3397.796110357469,1515.6943947792624,1471.328997744366,1719.8912596131088,2575.4121883218954,2532.0790178874468,2502.4471788696737,2744.5377522086937,2539.1426806875234,2792.625110467431,3019.3379407485777,2913.8094721476023,2229.3403736225173,3407.691058881089,0.05295663251189067,0.05909878560705978,0.5525173125087153,0.3063202177030618,2.6964967815395218,3.0926283613430616,5.219931849372213,5.039039727628807,12.34190614866162,13.05107299135753,0.05103097383857404,0.05320883261039403,242.01457939830266,218.96029030606184,393.1366843840573,597.707293012145
121.0,38181.03105009192,2695.4619014769382,7976.702070142641,3115.6923258625625,1373.6063472601325,1330.8613684489844,1556.9189017678693,2342.206385423451,2305.3878922373387,2277.4507541444927,2501.3319003753213,2313.5702225139034,2552.969737665744,2781.7692360481465,2693.7347369084932,2068.9843504342834,3160.9228795612753,0.049090295472274996,0.05494497589453932,0.5119986194891375,0.27831289806320125,2.4449358068309044,2.8086281603904713,4.780435785803148,4.621678174054336,11.32077166140909,12.007787282008925,0.04681641227837447,0.0490522885908417,227.29403177669747,206.44875559503134,374.4781383558201,569.6042391472589
122.0,34960.56533072819,2469.5206055778954,7296.372294000712,2855.8165048317687,1245.0134221791432,1204.0152664246348,1409.5724979717115,2129.9646098474636,2098.789658003496,2072.507333540996,2279.241607488421,2107.7478105966375,2333.2852598374207,2561.710762491412,2488.9209057639555,1918.9898064591252,2930.1300561474563,0.0454525178207047,0.05101902532363,0.4739266563578036,0.2527541960062479,2.2158722380454563,2.5494395152818177,4.374575691831851,4.235495996674228,10.375611397540492,11.037523812907395,0.042916179495739136,0.045178810965985895,213.18420808842924,194.3823559827899,356.1798160589014,541.9961011429172
123.0,32006.39657076373,2261.671087576017,6672.478974359789,2616.745229290139,1128.7395533594845,1089.5773929784386,1276.4824826240451,1937.0167634364889,1910.7119006484609,1886.0351300994694,2076.6852196890545,1920.1647533079622,2132.1630513069367,2358.154459857947,2298.5846061527936,1778.8941713541362,2714.619599337465,0.042038361215380286,0.04731798526694092,0.43824000560944604,0.2294767922535623,2.0077197276642393,2.3133822698338524,4.000590763152285,3.878944287947458,9.502695909821348,10.137224665040893,0.03931463098821471,0.041577220106349025,199.69524193456536,182.77722052168087,338.2904291039385,514.9618264076169
124.0,29296.729299867613,2070.580695859216,6100.48325410897,2396.903616705361,1023.5210399141388,986.2454364692019,1156.1767261758405,1761.5510988251783,1739.446940393907,1716.317546861376,1891.934658143984,1749.1753773408582,1948.0553150825608,2169.97172966214,2121.839429728863,1648.1671191718387,2513.5900078475943,0.03884117490332286,0.04383728879327612,0.4048584309722359,0.20829285382997598,1.818703990990012,2.0985681200039674,3.6564396848626957,3.5502149506447456,8.697666368665423,9.3032393738876,0.03599351206050618,0.03823405361293244,186.83432372169813,171.6479509027566,320.8604145753436,488.58368208203086
125.0,26811.829765555936,1894.989007069893,5576.2349212268455,2194.8603202498575,928.2654442940938,892.892546075836,1047.379025665533,1601.968953578873,1583.4874032767243,1561.841462231909,1723.4392539078299,1593.3136555692454,1779.5559009783808,1996.1009962698793,1957.8375373979886,1526.2911743709285,2326.2417199397473,0.035852527494586006,0.04057033285123059,0.37368411378818556,0.18901613870732753,1.647075574839235,1.9031205906001878,3.3399925771219747,3.2474022639064755,7.955918568041349,8.531589173192652,0.03293359685944072,0.03513446949415833,174.6015597861639,161.0031515530917,303.93266652827214,462.93253409502483
126.0,24534.142203755353,1733.7632605355986,5096.030257040784,2009.3030944220359,842.0366378942354,808.5605214206636,948.9993369960002,1456.8771385179334,1441.5121844984503,1421.2828558748895,1569.8362933668022,1451.2940975531671,1625.4180597563225,1835.5693355882795,1805.7859791123165,1412.7708196540084,2151.8144888333477,0.033063858063117575,0.037509937291477495,0.3446204054086044,0.17148789833042738,1.4913488386413944,1.725436146447676,3.049356294719299,2.968799433055026,7.273318466438273,7.818613985725084,0.03011769290954113,0.03226472918855882,162.99150658859455,150.8455180650947,287.53807580949245,438.0602264842085
127.0,22448.748495421303,1585.936751783144,4656.718260992619,1839.1040946363455,764.0512846549499,732.4500986076903,860.1267615807672,1325.10193632455,1312.4058053580416,1293.5244945074191,1429.9737757522946,1322.0310145147714,1484.5840329679686,1687.5402684644325,1664.9975651417499,1307.172710624302,1989.6446869929982,0.030467491788041198,0.03464950310459818,0.3175814466528108,0.15557571474812354,1.3502868831717263,1.5641758912358283,2.7829221561439903,2.7129512384371366,6.646337988729189,7.161158074727825,0.02753114905402991,0.02961295190313315,151.99743175872686,141.17544262506203,271.7000706950223,414.00646307977513
128.0,20536.35590500651,1450.24761872196,4254.216194046401,1682.781145722087,693.3229516475146,663.5596210124386,779.61656249434,1205.149496520376,1194.7439709602809,1177.1412224141877,1302.3763107701798,1204.1367361999366,1355.6907756332891,1550.9104905467789,1534.5531616614448,1208.907862019354,1838.8292964691657,0.028052350271819904,0.03197905023662165,0.29244480266259026,0.14111377113559767,1.2223482790727427,1.417661059956801,2.5385981389110577,2.4779515116402298,6.070349595829752,6.554996730502382,0.02515477787445065,0.027163110611174945,141.60464728134082,131.98800762822648,256.4407862045245,390.81000059472916
129.0,18785.853160455823,1325.9522562306986,3886.161976964224,1539.483242260611,629.298455597682,601.3264305768741,706.8252428495981,1096.1727586489274,1087.7194340104002,1071.3258346838174,1186.1993642974467,1096.8203159185198,1237.952902627003,1425.032500778816,1413.9089397893017,1117.624508633512,1698.8222151339128,0.025811052085092857,0.02949175080159802,0.2691295764707223,0.128001459145137,1.106601193544277,1.284872316764766,2.315081268331354,2.262607284777076,5.542455155391012,5.997447280943956,0.022976565399145596,0.02490496995955625,131.8014139123778,123.27776789210844,241.77028427086677,368.4891887395854
130.0,17182.666406709348,1212.0578021135807,3549.4463143247513,1408.0965015330842,571.2680733869802,545.027733865357,640.9256172972661,997.0748002260092,990.2871335732343,975.0339074023776,1080.340817984987,999.0531009987701,1130.3399692431428,1309.0441627273685,1302.3361220181232,1032.8478086961156,1568.87961156011,0.0237328654803087,0.027177514022296914,0.2475187974845931,0.11610160047366273,1.0017784881181984,1.1644190063701048,2.1105609237197296,2.0652551648389683,5.058611627373205,5.484731129607878,0.020979755215965436,0.02282405800331238,122.56885701312096,115.03480218263005,227.69886585162638,347.06380383847346
131.0,15713.749732521435,1107.6671052982033,3241.2808111179897,1287.6012762949003,518.62271586489,494.04776721845985,581.2098968676121,906.8969634366139,901.528715564531,887.3492049767269,983.8285076570587,909.9296612306778,1031.9334128500727,1202.1500576058818,1199.1499949453269,954.1226233593893,1448.2940923138503,0.021807141802095333,0.025026055636041388,0.22749855776249073,0.10529437012712385,0.9067767320563452,1.0550826729173834,1.9233910581306721,1.8843738610278713,4.6151109510814115,5.013312500949362,0.019149043872458704,0.020906790593242713,113.88453269531215,107.24527603133265,214.22835939184614,326.5400729176986
132.0,14371.082560108904,1012.2284312029515,2959.9511730480626,1177.368812404226,470.9894637303868,448.00995068500777,527.2449984854641,825.0513521785012,820.8806108781016,807.709556335207,896.0657942304963,828.8943742374855,942.1689102555765,1103.859751161675,1103.927518219218,881.167120009668,1336.6280275399404,0.02002728821251019,0.02303098791400624,0.20899844218987818,0.09550665456338642,0.8209229455400029,0.9561196377104372,1.7525626155633933,1.7190300981025586,4.209677658721368,4.581016679016039,0.01747504446355319,0.0191448088346985,105.73427325260947,99.90032980199406,201.35926797834358,306.92085033145094
133.0,13140.860809323847,924.7934579386479,2702.509529133523,1076.2954569344906,427.740336514801,406.28521958785643,478.30518386483993,750.5403792584766,747.3822833317815,735.1577239674588,816.0368181063573,755.0012904656606,860.0803740815236,1013.3163551006794,1015.9204863589323,813.4761412059223,1233.1014380200777,0.018381676604307357,0.021180810230551943,0.19189516126762116,0.08662082349766037,0.7431379085724307,0.866331566035569,1.5964028814584275,1.5676690534652842,3.838514372403038,4.184161718531763,0.015942132427074228,0.017523913918645502,98.09002876859391,92.9810125325598,189.08531561203733,288.19978819485783
134.0,12021.253109430716,845.2434966273895,2468.568393982594,984.2334784542863,388.7854791204435,368.78375326060115,434.2870600874932,683.2251636496064,680.8998603044377,669.5600804371538,743.6036853046843,688.1205195024642,785.5389928819056,930.4116147947,935.0367849590333,750.9893467847936,1137.6249116635004,0.01686923486658446,0.019474548460678906,0.17617730423842226,0.07862240808000821,0.6732867553633993,0.7855708669080217,1.4547222109905664,1.4301173776993077,3.5011976550292694,3.822354314728471,0.014548574846825072,0.016042627829530618,90.9501108406428,86.48660145704143,177.40826462179513,270.38003825868356
135.0,10986.215564091517,771.7357141156817,2252.5389239281585,899.1105104400442,352.989360431322,334.3666324027581,393.87493910094815,621.272773809285,619.6696140861106,609.1605709549817,676.8732989380389,626.5004371375992,716.7269014898837,853.4879773178686,859.8109463910561,692.7033678750297,1048.6209343002333,0.01546448039454752,0.01788634992673707,0.16157501372434718,0.07128091419196649,0.6092707336277671,0.7114908779797874,1.324121671902121,1.3031936313689172,3.1899578727321525,3.487931018489486,0.01326233268021974,0.014671106297097657,84.24628738673056,80.36785022077355,166.29673065124052,253.41954448651535
136.0,10045.893083654082,704.9853267870654,2056.596878628175,821.7355179544002,320.7963815020414,303.47922108332784,357.5833006239887,565.3991547034007,564.3806582142131,554.6453674799201,616.5838990139961,570.8246467058399,654.3522444870151,783.1892693403421,790.8115654644068,639.0070073090396,966.6995355497667,0.014177146623059933,0.016426073168447564,0.14819155318497232,0.06468525976894843,0.5518996995087739,0.6449966736655692,1.2059083279210876,1.1881207236931683,2.9077809570622355,3.1838320702044998,0.01209572083139923,0.013420795730826492,78.00435831980077,74.64328240796642,155.76204617411676,237.3333143018077
137.0,9189.011152027855,644.1738312764036,1878.3127962752153,751.2249010477905,291.73136694809847,275.642058762813,324.85820374801483,514.8263123329315,514.2859496746926,505.27112198936476,561.9224306824536,520.3450608413743,597.6282921399318,718.7833790539368,727.3864569251781,589.4497825378628,891.1425607731001,0.012994678755200254,0.015080852699985815,0.13589545159013122,0.05872881642501684,0.5002044795703907,0.5850010916594873,1.0984770588578852,1.08339215697719,2.6509828188683517,2.9063851532642024,0.011033563678550701,0.012277363501946992,72.18863516033154,69.28637017898174,145.78357293679096,222.09228213649877
138.0,8405.135687966675,588.5456933924585,1715.439471680186,686.7588039266924,265.3537978440461,250.41114323291322,295.1865800608519,468.83361645621125,468.69318065181983,460.3489587230781,512.1364676367944,474.36899076207794,545.8271977687243,659.5933253214778,668.9325009793199,543.6150856636398,821.2870623971876,0.011905574228090422,0.013838901858618798,0.12456623108015862,0.053313822723507015,0.4532964042790666,0.5305073145446824,1.0003563523070356,0.9876268441558029,2.4161858315833564,2.6522238530634596,0.010061951482530168,0.011227674210180973,66.76639570902877,64.2727892453821,136.34237366629915,207.6697831151026
139.0,7689.7150280525,537.7656955509359,1566.9968144130164,627.9715563284237,241.4867941425541,227.61030836311747,268.3634503005296,427.12241673776776,427.31317182083046,419.5919575147287,466.908284773191,432.60528483362106,498.6351129616134,605.3085474547199,615.1647805548746,501.2998271949998,756.811422902809,0.01090402341684815,0.0126940971866825,0.11414474407589928,0.04839954942394414,0.4108065352998445,0.4810968773227554,0.9108866106248463,0.900199976936341,2.201851687446413,2.4197651999761134,0.009174620755410473,0.010265552652403016,61.717899330431706,59.58684202043675,127.42131384743405,194.0402956866652
140.0,7037.677336090563,491.47128024389144,1431.8989938452596,574.4471683724704,219.92812952444245,207.03999983498443,244.1562605567018,389.3549144746755,389.81725666379543,382.67398733402194,425.88281397686785,394.72635944348514,455.7029785744478,555.5866786633898,565.7696570917465,462.2808226137595,697.3693728945543,0.009984094117895168,0.011640184266482632,0.1045703370741998,0.043944146090557266,0.3723561153701745,0.4363402134883554,0.8293916770687754,0.8204709700025825,2.0064042682378926,2.2073894367691103,0.008365146982210948,0.00938467329163732,57.02309547543933,55.212602217639585,119.00311837401581,181.17812870057804
141.0,6432.477509224948,448.7476940063832,1306.7615544171533,524.6068615256718,199.9082666229397,187.98882192826096,221.72525805828832,354.32266822580505,354.98777188397764,348.38706971049305,387.88877848676026,359.5978885927492,415.9128622217908,509.3840882439727,519.7929770094642,425.8812033623675,642.0944957434117,0.009138980390299678,0.010669739520362367,0.09576738809165218,0.039901067511877296,0.3375364115597853,0.39576881640549044,0.7551088388575643,0.7477074112358831,1.8280623102529334,2.0132700851184615,0.00762611774039218,0.00857767475014401,52.658782806032875,51.13120946864778,111.06627634769424,169.05159090809892
142.0,5880.5251681931495,409.7867948404035,1192.8047560116647,479.19114733696335,181.80154079118188,170.78068147505007,201.4577629178925,322.5695555684782,323.39346491262495,317.2960268335885,353.396377678677,327.7069774626135,379.6882834303429,467.04918462859695,477.5452407604388,392.31359606547926,591.1390383721098,0.00836344156577476,0.009777263096752137,0.0876856235266964,0.03623537286152183,0.30602765787551367,0.3590212765429716,0.6874703733368673,0.6813742752385374,1.6655027598459695,1.8360268517489202,0.006952150369640238,0.007839190851552248,48.606389378819564,47.32763794832468,103.59270724959177,157.63308891786272
143.0,5376.154393081565,374.21068505888024,1088.8341632053837,437.71565430786706,165.37257436419225,155.18805704489304,183.08752112919805,293.70991563419364,294.654848405758,289.02435565548075,322.00995060750824,298.68320359469175,346.64280389791554,428.2044921224128,438.6789314683375,361.3290566038738,544.1341874735863,0.0076518214079527806,0.008956651437258411,0.08026580094406308,0.03290943100768022,0.2774941549847737,0.32571477173462066,0.6258590285991833,0.6208825978859921,1.5172833167985478,1.6741660985813491,0.00633729726401953,0.007163279337040212,44.84568288673406,43.78527450114782,96.56198048116346,146.89190187772235
144.0,4915.391824804293,341.7362371138166,994.003099226927,399.85081254775116,150.46755780093142,141.06064922031487,166.43890670791882,267.4851678164414,268.5191831649115,263.32157404467637,293.4564312239625,272.2745285144214,316.50540031102366,392.5761742668959,402.9391387539408,332.74265641092563,500.79423650487837,0.006999373737609527,0.008202773476757613,0.07345904340330185,0.02989297682974495,0.2516651726683471,0.2955400926306019,0.569769940595724,0.5657503818006303,1.3822197647169705,1.526451623929394,0.005776703215343538,0.006545042746737847,41.35903295874515,40.48950843464391,89.95538293231176,136.79971412642618
145.0,4494.231179099345,312.08297762905033,907.4616085614057,365.26098975956893,136.93051005337492,128.24685892242525,151.3344942996462,243.6337275486712,244.72986308638,239.93343973879854,267.4611702857648,248.2264420960736,289.003509516996,359.88794295737046,370.0679559165708,306.3666343668296,460.8330059734883,0.006401401579607638,0.007510521399691602,0.06721680825760563,0.027156728561927888,0.22827968749501526,0.268198534481299,0.5187108521395871,0.5155066743602719,1.2591557319238373,1.3916723510028752,0.005265618865658918,0.005979664120037181,38.12863323837833,37.42545515595745,83.75326185007448,127.32672353592338
146.0,4109.264139543333,285.0087666259068,828.4857276897345,333.6627770537642,124.63219137844553,116.62087551177285,137.62699336160924,221.9367834511291,223.07236228851906,218.64754084007185,243.79250791559315,226.32497725581794,263.90568256341817,329.9013453922578,339.8413814334233,282.0366764811284,423.99821011997744,0.005853660367674287,0.006875257031281231,0.06149533348899141,0.02467497188368849,0.2071088831650644,0.24342777228980864,0.4722449823407359,0.4697328909067307,1.147062927981823,1.268746283041271,0.0047998222361161896,0.005462832025250233,35.137965837980225,34.579182894871785,77.93660480968869,118.44401361372876
147.0,3757.7147811500076,260.3148838930465,756.4862535763791,304.82592849232924,113.46982405345031,106.08278387880705,125.1993310770313,202.21898988984185,203.37462829003732,199.29364479704424,222.26363475365238,206.39790828088866,241.0240348278023,302.4194850195523,312.0730667481501,259.6148647082645,390.07746197242045,0.005352555131864425,0.006293023713780713,0.05625758085133017,0.02242672421452636,0.18796667612083146,0.22101392199657258,0.43001118187216536,0.42808202989877636,1.0450887197786514,1.1567709593789581,0.004375811212803678,0.004990937420403151,32.372541310846515,31.938317878251475,72.4877641197813,110.12465789085473
148.0,3436.281361587382,237.76494731481205,690.7620904669776,278.47666396176214,103.320815311352,96.5133379487217,113.91181182701895,184.2713623112159,185.4316705028404,181.66890567405568,202.65201174062497,188.2400706908657,220.13495030427748,277.2086081634096,286.5420455595035,238.9378986570403,358.81919214804725,0.0048938247474677125,0.005759137751192092,0.051459654334505084,0.02038695796247621,0.17063096023176078,0.20070181207019053,0.3915796338053849,0.3901413105228626,0.9522188443222266,1.0546738851025912,0.003989420362950307,0.004559694388197381,29.81529055854423,29.488315357139996,67.38615458796362,102.3372631258146
149.0,3141.8683169926003,217.1371358579712,630.6562079699645,254.35843895493036,94.07079090568028,87.80133276999896,103.63413190636982,167.89864196872537,169.05190905341533,165.58377809776752,184.7494888262829,171.6596107390955,201.02897059680942,254.04890164050352,263.04015751953335,219.8516020527215,329.98579946873565,0.004473439059407493,0.005269160248632904,0.04706002396719372,0.018532224780376846,0.1548938683123009,0.18225246554389657,0.3565463216480312,0.3555224387520281,0.8674992350708268,0.9614447632915301,0.0036367304400215586,0.004165060684985309,27.4499121272807,27.2152352025471,62.61179620869393,95.05133734798507
150.0,2872.686666884105,198.30227839412862,575.7909343252629,232.3235243614492,85.65724728217583,79.88637947998266,94.2953272108654,152.99231142568925,154.1284553183024,150.93271237544258,168.4389959986268,156.5488514198983,183.58632737077568,232.80907085351615,241.44063041529085,202.2598658672968,303.42893357607625,0.004088858739482299,0.004820235822622676,0.04303244479633449,0.016849202820600095,0.14063875821671665,0.1655306988631126,0.3246729639508629,0.3239945145221952,0.7903627020920757,0.8764734030782538,0.003315405019449905,0.003804563717205809,25.26512451223106,25.10911774863456,58.148847341835754,88.24256618014908
