times,prevXsusceptibleXamong,prevXexposedXamong,prevXinfectiousXamong,prevXrecoveredXamong,prevXinfectiousXamongXagegroup_0,prevXinfectiousXamongXagegroup_5,prevXinfectiousXamongXagegroup_10,prevXinfectiousXamongXagegroup_15,prevXinfectiousXamongXagegroup_20,prevXinfectiousXamongXagegroup_25,prevXinfectiousXamongXagegroup_30,prevXinfectiousXamongXagegroup_35,prevXinfectiousXamongXagegroup_40,prevXinfectiousXamongXagegroup_45,prevXinfectiousXamongXagegroup_50,prevXinfectiousXamongXagegroup_55,prevXinfectiousXamongXagegroup_60,prevXinfectiousXamongXagegroup_65,prevXinfectiousXamongXagegroup_70,prevXinfectiousXamongXagegroup_75
0.0,0.9999145370181838,0.0,8.546298181625502e-05,0.0,8.546298181625501e-05,8.5462981816255e-05,8.546298181625501e-05,8.546298181625502e-05,8.546298181625501e-05,8.5462981816255e-05,8.546298181625502e-05,8.546298181625501e-05,8.546298181625502e-05,8.546298181625501e-05,8.546298181625501e-05,8.546298181625501e-05,8.546298181625502e-05,8.546298181625502e-05,8.546298181625501e-05,8.546298181625502e-05
1.0,0.99989099536053,2.246800020524401e-05,7.613834649758293e-05,1.039829276710279e-05,7.539028560022758e-05,7.566117333747783e-05,7.584148354593061e-05,7.63723339174934e-05,7.612817214638603e-05,7.61080727705164e-05,7.614873820573098e-05,7.617999794271318e-05,7.630704734848452e-05,7.610957351234845e-05,7.584553390215743e-05,7.565428915722646e-05,7.661897581133719e-05,7.651460631207025e-05,7.688860544486808e-05,7.680647910371811e-05
2.0,0.9998696130404444,3.829391258427029e-05,7.171957353179276e-05,2.0373473439486074e-05,6.914169119646128e-05,7.069398237807859e-05,7.158335411747115e-05,7.465799080676201e-05,7.28115330784102e-05,7.269361223519581e-05,7.255572927226713e-05,7.273514998288471e-05,7.29051056188206e-05,7.176343035860011e-05,7.177562115110994e-05,7.067038430669763e-05,7.103181897031202e-05,7.042891428019377e-05,7.07852098763944e-05,7.030652024735527e-05
3.0,0.999848995910734,4.8656746604994574e-05,7.24558437474773e-05,2.9891498913614776e-05,6.695593177509115e-05,7.073536129595293e-05,7.290111737850363e-05,8.058349972361092e-05,7.585117239356553e-05,7.55446334702193e-05,7.494656250215935e-05,7.53810933903039e-05,7.551792940384666e-05,7.268604520845414e-05,7.350695332399887e-05,7.076146127406945e-05,6.892930395396423e-05,6.743401089811031e-05,6.735652321325713e-05,6.615743141604872e-05
4.0,0.9998279283159809,5.5863983716314655e-05,7.702631022318361e-05,3.918139007959639e-05,6.7796503095333e-05,7.430293576257234e-05,7.823462128391012e-05,9.208462211156327e-05,8.375120477653952e-05,8.315857307213371e-05,8.175719584102085e-05,8.249334118647536e-05,8.257105737410721e-05,7.753970209790632e-05,7.949896196209252e-05,7.460087465269468e-05,6.950579830870028e-05,6.684765794613957e-05,6.603824235676194e-05,6.388439474768105e-05
5.0,0.9998055333705842,6.176740958543465e-05,8.413166602769667e-05,4.856755380261832e-05,7.058635402002422e-05,7.987429974885051e-05,8.60266406051094e-05,0.000107214468444119,9.512068365160414e-05,9.41239721789051e-05,9.147019845744128e-05,9.248868961824649e-05,9.253704269508628e-05,8.501183395713264e-05,8.823912765605032e-05,8.085989967688312e-05,7.193462633045414e-05,6.79540124514767e-05,6.623158144570136e-05,6.297306058616924e-05
6.0,0.999781194398037,6.753726277027788e-05,9.289635726729489e-05,5.8371981925373484e-05,7.45508003368932e-05,8.634615525166939e-05,9.519011714973592e-05,0.00012472521295471832,0.0001091137371300408,0.00010756448419546171,0.00010307955868918802,0.00010430646349585332,0.0001044013484098347,9.422209860915386e-05,9.870717389842146e-05,8.862121120171134e-05,7.563386672734525e-05,7.023875383703767e-05,6.750131233714252e-05,6.304305426897005e-05
7.0,0.9997544546654279,7.380765667812092e-05,0.00010286778852752458,6.8869889366437e-05,7.924574300261336e-05,9.307922715313798e-05,0.00010512281030511198,0.00014403045679616566,0.00012538234407723984,0.0001230998993049529,0.00011608112141864577,0.00011740341711014868,0.00011765205375136225,0.00010471862782208594,0.00011037630482497315,9.739193208058753e-05,8.027775876670732e-05,7.34039597429761e-05,6.958994396209953e-05,6.386360744392718e-05
8.0,0.9997249219414345,8.089958467755865e-05,0.00011389081191678585,8.028766197120927e-05,8.447489670865354e-05,9.978856070603514e-05,0.00011557091866253604,0.0001649903930979648,0.00014390369204765393,0.00014067842702821046,0.00013031964707943512,0.00013159857825310355,0.0001321259220091067,0.00011634891092039791,0.00012306877497687637,0.00010698553922673337,8.572606604444442e-05,7.731032157217637e-05,7.23708558298625e-05,6.531556560959106e-05
9.0,0.9996922067673348,8.899272714912285e-05,0.00012598487952669894,9.281562598935804e-05,9.019884322660672e-05,0.00010641822941950956,0.00012648923837145452,0.0001877126579025251,0.00016482798619065714,0.0001604263096612415,0.00014584172265794825,0.00014692221928684933,0.0001478607113635153,0.00012913463196846233,0.0001368130465575102,0.00011740114594452081,9.195211170744535e-05,8.191685331236267e-05,7.579904117468042e-05,6.73503030843204e-05
10.0,0.9996559213964566,9.81982559461429e-05,0.00013926498043026185,0.0001066153671669899,9.647013385029553e-05,0.00011304607163703734,0.00013794948941973012,0.00021243038532505555,0.00018838968082427203,0.0001825586571039071,0.00016280205859124745,0.0001635188610347376,0.00016500204794949442,0.00014319235483991846,0.00015174986803690197,0.00012874190335904906,9.899596864931448e-05,8.72418599658349e-05,7.987967202430692e-05,6.996337705733797e-05
11.0,0.9996156308386005,0.0001086294414561593,0.0001538912942293993,0.00012184842571386644,0.00010338431814752384,0.00011981023564881954,0.00015007291961993387,0.00023943398277094025,0.00021486826261724807,0.00020733679273439968,0.0001814066802265193,0.00018158606104431592,0.0001837461020839138,0.00015868355473293554,0.00016807245961705656,0.0001411597514176188,0.00010693061555947658,9.333270229261665e-05,8.464256160670742e-05,7.317187252727487e-05
12.0,0.9995708520627067,0.00012040009377819952,0.00017006862562535886,0.0001386792178896615,0.00011107631856961245,0.0001269010239156329,0.00016302789059004471,0.0002690730170933168,0.00024459306541657296,0.00023507218016064984,0.00020191288351552504,0.00020137376153517522,0.00020433981183624525,0.00017581463263353244,0.00018602492888736158,0.00015485295496153205,0.00011586127052928887,0.0001002652540887021,9.01418817846518e-05,7.701404010621485e-05
13.0,0.9995210474270221,0.00013363676261871093,0.00018803155134939343,0.00015728425900981644,0.00011970340072376744,0.00013453272123224732,0.0001770089667221867,0.0003017381130533466,0.0002779357324490523,0.0002661172303479651,0.00022461283887698313,0.00022316620653877007,0.00022706471130081232,0.00019482272239369593,0.00020588366635104224,0.00017004814670385315,0.0001259154730506978,0.00010813522223982048,9.644910035681697e-05,8.154299161581206e-05
14.0,0.9994656196318675,0.00014849174146056466,0.000208031180183965,0.00017785744648798557,0.0001294316657316198,0.00014292248016784813,0.0001922202564064699,0.000337843508867086,0.00031529980537819155,0.00030085412120604875,0.00024981865701585254,0.0002472660088438905,0.00025222218451318405,0.00021596277799272262,0.00022794127905481168,0.00018698530674751107,0.00013723424933838367,0.00011705050046984638,0.0001036467218449899,8.682120999959035e-05
15.0,0.9994039507363358,0.00016512945160621312,0.00023031937054853507,0.0002006004415094274,0.00014042257144976546,0.00015227038980920033,0.00020886132588166886,0.0003778045319968991,0.0003571003813181761,0.0003396749771468661,0.00027784353661099674,0.0002739754141410257,0.0002801154759558314,0.00023949201483694035,0.00025248772068398154,0.00020590106400885681,0.0001499621903661136,0.00012712328694831145,0.00011182216453944137,9.29156278046834e-05
16.0,0.9993352879130196,0.00018375331346256552,0.0002551965241714231,0.00022576224934632542,0.00015286193562639267,0.0001627942266755916,0.0002271645699532719,0.00042211844876332763,0.00040384543992764814,0.0003830584256831668,0.00030906162337256875,0.00030365386192295003,0.000311107782434809,0.000265718963153159,0.0002798651127707376,0.00022707275220854592,0.0001642742091938689,0.0001384906639472215,0.0001210837328973419,9.990969340413627e-05
17.0,0.9992587154417805,0.00020461089557294326,0.00028302712678521854,0.0002536465358614607,0.0001669741061375318,0.00017475502160221266,0.00024741126982214147,0.0004713892355732867,0.0004561533402531233,0.00043158692576733716,0.00034392702480725787,0.0003367373848206776,0.00034564007630845915,0.00029501823571900944,0.0003104881005473896,0.0002508361288668479,0.00018038263480001218,0.0001513191797567754,0.00013156320149653974,0.00010790498834525918
18.0,0.9991733096171018,0.00022795709138981012,0.00031416507565596254,0.00028456821585250624,0.00018296122808068605,0.00018835881208747627,0.0002698623808615369,0.0005262090200469948,0.000514653932516567,0.00048585106599054634,0.0003828822189154472,0.00037364725610312185,0.0003841442028057045,0.00032775750006537856,0.0003447512684623609,0.00027750609367837095,0.00019849811443948992,0.00016577682564372878,0.00014339664190780483,0.00011700741920665142
19.0,0.9990780770838814,0.0002540666480825483,0.00034899170288186013,0.0003188645651541678,0.00020104350102683372,0.00020383400620302753,0.0002948005212448526,0.0005872146493846578,0.0005800218744839074,0.0005464837993235507,0.0004264036479865991,0.00041483751280168034,0.0004270848434961589,0.0003643323952944968,0.00038308087236512073,0.00030742357819194113,0.00021884718083927692,0.00018204397966601506,0.0001567298320281359,0.00012733041538350514
20.0,0.9989718152598155,0.00028327788369640204,0.00038795976527324576,0.0003569470912148368,0.0002214757458344897,0.00022142967332753125,0.00032255502994451023,0.0006551638268176166,0.0006530718169784641,0.0006142482204664322,0.0004750573931428419,0.00046084579851321235,0.0004750150593539963,0.0004052145044029058,0.00042597926661982945,0.00034098850676060404,0.00024170131644909415,0.00020033829342628874,0.00017174031232773413,0.00013901281802075423
21.0,0.9988532788446629,0.00031593715161523346,0.000431540797113793,0.00039924320660803913,0.00024452212752676183,0.00024140251702167275,0.00035346901910311045,0.0007308476753859469,0.0007346540294814529,0.0006899406124056644,0.0005294332811555304,0.0005122322084944134,0.0005285112598703856,0.0004508951637113943,0.0004739695759601075,0.00037861677351771144,0.0002673424387761355,0.0002208857128713723,0.00018861239931376717,0.00015219873136171333
22.0,0.9987209688894302,0.00035245658753755275,0.0004803022679576033,0.0004462722550746749,0.00027049344547218866,0.0002640407758139555,0.00038795145905636463,0.0008152236015770588,0.0008258048887024513,0.0007745303808047564,0.0005902419963608351,0.0005696701660866516,0.0005882689254859005,0.0005019673337664484,0.0005276786827485436,0.00042080427040173946,0.0002961097740181406,0.00024395894971542285,0.0002075696626969573,0.0001670633219394114
23.0,0.9985733131339235,0.00039326536302545796,0.0005348407691715178,0.0004985807338795761,0.0002997169697587586,0.00028964724719620245,0.00042643062672247334,0.0009092974539361837,0.0009276150314242785,0.0008690373726854283,0.0006582303658532927,0.0006338669641868695,0.0006550187163249844,0.0005590543606395659,0.0005877656015595417,0.0004680725841475264,0.0003283604018723954,0.00026984513001529633,0.00022884756506210853,0.000183791270335604
24.0,0.9984084428542216,0.00043886613261246565,0.0005958673967797683,0.000556823616386162,0.00033257978334559054,0.00031857126151968045,0.00046941212967151495,0.001014269850881229,0.0010413932497530907,0.000974684307787597,0.0007342884855229118,0.0007056641908906042,0.0007296316741039782,0.0006229000598215017,0.0006550143099250194,0.0005210413064879079,0.0003645206620927869,0.0002988876316571253,0.0002527284223977198,0.00020260452401179923
25.0,0.9982244802663505,0.0004897739077109528,0.0006640886804750177,0.0006216571454635006,0.0003694684917529756,0.00035116478544839957,0.0005173992802594948,0.0011313309290558369,0.0011684360853515625,0.001092683023406525,0.0008193004503542948,0.0007858981362632756,0.0008129728334416482,0.0006942431851102059,0.0007302042183065016,0.000580327198355052,0.0004050148113787908,0.0003314281612374549,0.0002794931580452442,0.00022372396337665043
26.0,0.9980190236074213,0.0005466700524295942,0.0007403844392478923,0.0006939219009011291,0.00041086699189993585,0.0003878661640398885,0.0005710152930104127,0.001261955914668975,0.0013103575594058507,0.0012245424320842125,0.000914366171031326,0.0008756085662087711,0.0009061182532484806,0.0007740039035385726,0.0008143053329073034,0.0006466991639069422,0.00045037433541218725,0.0003678955982307074,0.0003094953047725375,0.00024742836636456055
27.0,0.9977897499975936,0.0006102029590957473,0.0008256176534976264,0.0007744293898129943,0.0004572496399991579,0.0004291053994487956,0.0006308733737802741,0.0014075941541101464,0.001468740070845353,0.0013717418150394549,0.0010205645952228713,0.0009758156931361414,0.0010101235332278836,0.0008630848063389235,0.0009082695237643279,0.0007209114951937248,0.0005011194291837753,0.0004087095844979914,0.0003430805387864453,0.00027399027590825913
28.0,0.997533670909368,0.0006811746440364386,0.0009209385737846133,0.0008642158728109167,0.000509251347574186,0.00047545578913160555,0.000697797308764958,0.0015701809497808512,0.001645686995895932,0.0015362476175753723,0.0011393325360373142,0.0010878786342208154,0.0011263944680521434,0.0009626896272414119,0.001013367392585123,0.0008039718936183215,0.0005579416790310318,0.0004544286806464489,0.00038070905858476276,0.00030377377300183406
29.0,0.997244117433285,0.0007615062299334134,0.0010287721413829915,0.0009656041953986047,0.000568206317855394,0.000528120311849681,0.0007735071179777124,0.001753786097316556,0.0018456474291705135,0.0017222188209169936,0.001273699943069476,0.001214661370698985,0.0012578957216237497,0.0010753547465929816,0.0011322727261661616,0.0008979997639347343,0.0006223049532503506,0.0005062350229656188,0.0004233563509083622,0.0003375496754960941
30.0,0.9969283133176942,0.0008490408602066678,0.001146572650355024,0.001076073171744223,0.0006327162164448483,0.0005858397153695367,0.0008562069042182019,0.0019541431622066793,0.0020639419958388802,0.0019252814608245955,0.0014204855910972473,0.0013531582340690581,0.0014015145367092187,0.0011984181863911566,0.0012621814039028795,0.0010007729870412942,0.0006926689909042803,0.0005628847531954541,0.0004699950119640993,0.0003745065096835025
31.0,0.9965723584822692,0.0009479616295257138,0.0012792015613263166,0.0012004783268787793,0.0007054503437849857,0.0006510166491848674,0.0009493208852054568,0.0021793961857563523,0.002309511139831248,0.0021537922588916584,0.0015857645749802194,0.0015091083036098333,0.0015631953101138925,0.001336963119829811,0.0014084468572386534,0.0011165336741203184,0.0007719773018984092,0.0006267549416949248,0.0005225890572100374,0.00041619537409693546
32.0,0.9961746194029841,0.0010583132569091014,0.0014275886079732185,0.001339478732133512,0.0007869314627048786,0.000724114624909189,0.0010535111063326547,0.0024311073644238367,0.002584048297169283,0.002409332131386667,0.0017706958079081836,0.0016836053255463335,0.0017440698991690391,0.0014919677404960584,0.0015721017825592685,0.0012461057752832343,0.0008607914027542161,0.0006982985554857265,0.0005815094807619137,0.00046291202068786055
33.0,0.9957307265014803,0.0011813291650301766,0.0015933515377462423,0.001494592795743228,0.0008780589054768672,0.0008059468398326585,0.0011699335222825839,0.002711983840333195,0.002890502458941438,0.002694660138095775,0.001977298493898114,0.0018785591696619003,0.0019461138248623678,0.0016651257570504036,0.0017549336045161075,0.0013909099661110387,0.000960090369783513,0.000778307297304116,0.0006474099468902081,0.0005151746549336929
34.0,0.9952347785436558,0.0013186859688374276,0.0017786545082151013,0.001667880979291584,0.0009800347384116394,0.000897600934153786,0.001300131588818201,0.003025644027897811,0.0032328208383573982,0.0030134695885104335,0.002208274204313145,0.0020965249996410524,0.0021719704339826103,0.0018587024879529433,0.0019593322344551864,0.0015528454223353967,0.0010711853487972614,0.0008678414755258691,0.0007211662734249022,0.0005736773250692432
35.0,0.9946813878436399,0.0014718510524024853,0.0019854962768823545,0.0018612648270753163,0.0010939711875520475,0.001000079327816693,0.0014455249282274406,0.0033754207396842614,0.003614646993253591,0.0033691698152223297,0.0024661175223022777,0.0023398610095402344,0.002424080639938226,0.002074792771188469,0.0021875044957209207,0.0017336678016868392,0.0011952939371780453,0.0009678856184272398,0.0008035919350566493,0.0006390649440057909
36.0,0.9940642073907785,0.0016425615907854172,0.0022162220994346163,0.0020770089190014517,0.001221175791474497,0.0011145613584053137,0.0016077820813817606,0.0037652196184408656,0.004040248580065945,0.00376575555032091,0.0027537551448548183,0.0026113345355572495,0.0027053084958858675,0.0023158555219680594,0.0024420404906593954,0.0019354389339952668,0.0013338470967455883,0.0010795971513154108,0.0008956436072717897,0.0007120961856202019
37.0,0.9933754775796501,0.0018329005546171655,0.0024737326256785773,0.00231788924005414,0.0013632706268108465,0.0012425121332073005,0.0017889740171794285,0.0041998652278367726,0.004514889641295382,0.004208156630670616,0.0030748063885215025,0.0029143692802356545,0.0030191962085137935,0.0025849335035176874,0.002726146001314881,0.0021607128570698534,0.001488616462527844,0.0012044097188295098,0.0009985063403942077,0.0007937113446226824
38.0,0.9926086923504768,0.0020445712111926985,0.0027604788290547183,0.0025862576092757477,0.0015216314909019752,0.0013851759761350662,0.0019908565734298852,0.004683422999679774,0.005043001681601505,0.004700526407176874,0.003432328920566023,0.0032518591309071243,0.0033687371541822565,0.002884600038888897,0.0030425313060120827,0.0024116515040093025,0.00166110422942184,0.0013435397572909328,0.0011131862542198515,0.0008847091548075908
39.0,0.9917535042016852,0.002280314676253948,0.0030803450509329774,0.002885836071127936,0.0016984349390812622,0.0015445202318169302,0.0022162080870076484,0.005222344268187417,0.005631620028344282,0.005249456236909541,0.0038311690008472066,0.0036283896720437033,0.003758675053368851,0.0032189316860928396,0.0033954906284252863,0.0026916783139722222,0.0018536871810625672,0.0014989113104952583,0.0012412742684406392,0.0009863523075453896
40.0,0.9907998950429916,0.002542829257765442,0.0034370179073202395,0.0032202577919227568,0.0018957620330119066,0.0017224280689018007,0.002467679690181551,0.005822708458380639,0.0062873700891151975,0.005861164015778381,0.004275924675670244,0.004048315706615464,0.004193514354611512,0.003591806641584053,0.003789102093625632,0.0030040535852469932,0.0020686441163366345,0.0016723716561195885,0.0013843005592819645,0.0010998559513881222
41.0,0.9897370634821882,0.0028349197136109685,0.0038345311363309647,0.0035934856678698224,0.002115891961669413,0.0019209648910672409,0.002748178100831867,0.00649116603957625,0.007017492552810364,0.006542446897438004,0.004771626612041951,0.004516403199338386,0.004678183561327502,0.0040074678739873545,0.004227829166947694,0.0033523461286202585,0.0023084678389872493,0.0018659422328651165,0.0015439400039334319,0.0012265505596346807
42.0,0.9885528920993011,0.003159631568954171,0.004277507260202881,0.0040099690715418275,0.0023614266305955157,0.0021424879140624587,0.003061027853103365,0.007235369314182856,0.007830317727913368,0.007301118123274545,0.005324040831283283,0.005038112577933018,0.0052183291342826395,0.004470771258238399,0.004716785865363237,0.003740638623525641,0.0025759978508858813,0.0020819240115042036,0.0017220971152357117,0.001367948655125881
43.0,0.9872340744152597,0.003520476259642203,0.004770819174169745,0.0044746301509283855,0.0026351542658422282,0.002389527959523992,0.003409777999816598,0.008063266404726491,0.00873447788533837,0.00814530416223551,0.005939241501439839,0.005619207628444639,0.005819908654150163,0.004986862160835321,0.0052613730514839115,0.004173269213654585,0.002874289050852621,0.002322799464516542,0.0019208333342936573,0.0015256895315323236
44.0,0.9857657519316666,0.0039212051623707805,0.005320005492742955,0.004993037413219646,0.002940240506295062,0.0026649603807449764,0.0037984644392798097,0.008983899468474825,0.009739790175416638,0.009084246218155557,0.006624132941773096,0.006266240580274986,0.0064896942023248,0.005561586434744322,0.005867728708547315,0.0046551657651974394,0.0032068087376299027,0.0025913863737981333,0.0021424885787720786,0.001701633728977466
45.0,0.9841326005563524,0.0043656347152981135,0.0059307590945609145,0.005571005633788486,0.0032799632094753406,0.002971766786632814,0.004231264796161235,0.010006502964469526,0.010856262316974515,0.010127381907495533,0.007385809527943639,0.006985951422326964,0.007234649463179119,0.00620096581302454,0.006542167971766869,0.005191411761722381,0.0035771506487838407,0.002890609389046352,0.002389495145873469,0.0018977164093053494
46.0,0.9823161386779866,0.004858401569603858,0.0066099400563585905,0.006215519696050925,0.0036582660463887226,0.003313533117832462,0.004713205106493814,0.011142219905771914,0.012095975627471642,0.011286099753076791,0.008232820666763558,0.007786460438956502,0.008063164962644061,0.006912253279150388,0.007292299044699286,0.005788128155224966,0.003989637865443554,0.0032239855591373544,0.0026647771076408577,0.0021162636707348055
47.0,0.9802971326632862,0.005404212401936902,0.007364635278824765,0.006934019655952138,0.004079280391664093,0.003694025737136212,0.005249546873504491,0.012402419165184139,0.01347121533898302,0.012572020314029791,0.0091739924275689,0.008676168112997658,0.008983915576455651,0.007702973023095687,0.008125995148547048,0.006451681412468743,0.00444880885953182,0.003595216893887581,0.002971420787950246,0.002359733522969722
48.0,0.978054429042872,0.006007964207816298,0.008202800836245408,0.007734805913066315,0.004547624989508952,0.004117458313628217,0.00584618878598874,0.013799903670040253,0.014995817200913086,0.013998224144866669,0.010219236133318696,0.00966450695468299,0.010006641537851628,0.008581560935385991,0.009052091308139738,0.007189204062105028,0.004959736596660303,0.004008440616695712,0.0033128751421189866,0.0026308712977525955
49.0,0.9755646811881139,0.006675151865901857,0.009133013706229544,0.008627153239754659,0.005068362977188494,0.004588460225978333,0.006509582972303661,0.01534827053109209,0.0166844219554205,0.015578608317092507,0.011379227443731234,0.01076165967437899,0.01114185134331361,0.009557157618385074,0.01008013152198917,0.008008448723796389,0.005527995069377781,0.004468215235475091,0.0036929512711696543,0.0029327148405470893
50.0,0.9728033303347183,0.007411370065051982,0.010164292217559427,0.009621007382670337,0.005646865559069564,0.005111951568393313,0.007246574526923812,0.017061696946800826,0.018552257606237847,0.01732766218437752,0.012665185753814142,0.011978343130372434,0.012400599995317528,0.010639399397650847,0.011220161697195108,0.008917602377332612,0.006159506041335767,0.004979392189783258,0.004115712854535421,0.0032685054260847644
51.0,0.9697443343380197,0.008222232769260459,0.011306186088567764,0.010727246804152102,0.006288901959900991,0.005693233262310904,0.00806451868414021,0.01895498923096937,0.02061516264720536,0.019260516817142994,0.01408898170293049,0.013325923566055036,0.013794604053502673,0.011838533691115403,0.012482837853486958,0.009925394883352597,0.006860645315362412,0.00554720992236122,0.0045855611566664525,0.003641757127196155
52.0,0.96635748007143,0.009114271956501477,0.012569763053695391,0.011958484918373181,0.007001160405728374,0.006338450701944146,0.008971941562042096,0.021045302211257583,0.022891486627708534,0.021394703493198216,0.015664372452794745,0.014817574011640255,0.0153374424948265,0.013166437846142343,0.013880510199414369,0.011041945214720754,0.007638805080258138,0.006177742068972693,0.005107599554839178,0.004056544616106739
53.0,0.9626118496801297,0.010094027595771972,0.01396617110838365,0.013327951615714696,0.007790506181060599,0.007053931823192391,0.009977584203644923,0.02334960011688712,0.025399285210246963,0.023747560990043833,0.01740519659219508,0.01646658346131587,0.017042802747854528,0.014635142146282153,0.015425644861233918,0.012277540139727382,0.008501594907514053,0.0068772620945521295,0.005687118291754709,0.004517097867492075
54.0,0.9584741583690681,0.011167531400080226,0.015507647562834447,0.014850662668017198,0.00866457067343764,0.007846741859026528,0.011091200287806297,0.02588624213040222,0.02815799587278413,0.026337844016568655,0.019326633819962698,0.018287571656049082,0.018925729514598835,0.01625790226786744,0.017131946741694472,0.013643540858137277,0.009457499383190696,0.007652787649124856,0.006330056263637434,0.005028168181685241
55.0,0.953910517495265,0.012340771127389596,0.017206519847996853,0.016542191529348573,0.009631144824897115,0.008724110129073407,0.012322740860978228,0.028673465721681394,0.031186852496201456,0.02918418538913109,0.02144395957220287,0.02029528197850313,0.021001386102604373,0.018048124692202173,0.019013241215733608,0.01515146717768407,0.010515200077069825,0.008511516065853944,0.007042520081182675,0.005594645466894397
56.0,0.9488824463845734,0.013620349697579661,0.01907628386726518,0.018420920050581782,0.010699084313134275,0.009694300526273028,0.01368348548519458,0.031730446551262795,0.034505843235052305,0.032306181143744374,0.02377384864292659,0.02250590355067733,0.0232863944890197,0.02002065367433965,0.02108472998432787,0.016814169602649795,0.01168461357279313,0.00946171998371738,0.00783157309438611,0.006222201046462889
57.0,0.9433408320102551,0.015013294776955358,0.02113413311357058,0.020511740099219022,0.011879981015495044,0.010768196183104909,0.015188226617128937,0.03508083467439741,0.03813935816004923,0.03572799105146545,0.026337491150894638,0.02494011748021876,0.025801956352620246,0.022194551436500835,0.023365833608332283,0.01864823870763245,0.012978780421685824,0.010514337245637191,0.008706606156487844,0.006918387648475428
58.0,0.9372653919409055,0.01652242996254106,0.02338693184568377,0.022825246250869718,0.013178613556799267,0.011950305718625123,0.016843049334697047,0.038733690410374756,0.04209662727724329,0.03945887461411724,0.029143313743141108,0.027606193560849108,0.0285565388278535,0.02457750023715506,0.02586432571848526,0.02066040267161981,0.014403115723136153,0.011673931014824498,0.009671562980785869,0.007686381560385891
59.0,0.9306136983802638,0.01815226555208247,0.025848952724079985,0.025385083343573863,0.014605256425412341,0.013250388828146038,0.018661057947702373,0.04270703765056031,0.04639572380828483,0.04351724173475702,0.0322087805275818,0.030521384171650987,0.03156776899077618,0.027185634307010365,0.028596430576079808,0.02286489064859147,0.015969301650283797,0.012950409977811952,0.010735052878304334,0.008533133499574429
60.0,0.9233408410978416,0.019905188791904706,0.028536281432414472,0.028217688677839192,0.016171348448685473,0.014679333312751633,0.020656957597888045,0.04702145427975546,0.05105733220223216,0.04792409087458985,0.035553592031877884,0.03370514271039006,0.03485552655293443,0.030037063019153626,0.0315803971447466,0.025277629096291904,0.01769036265558442,0.014354819383738199,0.0119066767775087,0.009466384364504319
61.0,0.9154060697058878,0.02178293442190115,0.03146145313412629,0.03134954273808474,0.017887149589093983,0.01624708296818491,0.022843806492459675,0.05168974039312589,0.05609325103159421,0.052692496997835035,0.03919283984819957,0.03717276846136626,0.03843533265926564,0.03314653890972149,0.034830662605587495,0.027911977214779272,0.019578178621444595,0.01589743021191148,0.013195534774056083,0.010493528796809065
62.0,0.9067691495478999,0.023785003006324787,0.034636411619855006,0.034809435825920255,0.01976314735112802,0.01796392304750423,0.02523497865560667,0.05672233569692786,0.061512363022203316,0.057833116133452024,0.04314073910201102,0.04093891300610327,0.0423219853255125,0.03652843416284949,0.03836106868671584,0.030781144080468767,0.021645021814122877,0.017588962205822352,0.01461122466494278,0.011622388546504032
63.0,0.8973977569931426,0.02590748343629201,0.03807023002281461,0.038624529547750704,0.021808322440186555,0.019838834933420313,0.027841983569835613,0.062124654375993474,0.06731804606766414,0.06335145939004186,0.04740783387665012,0.045014798559340784,0.046526724638777044,0.04019410068662531,0.042182232802061334,0.033895834888127654,0.02390159414245646,0.019438915023705042,0.016162394228848704,0.012860039632414928
64.0,0.8872623379241532,0.02814614378496619,0.041769065734791055,0.04282245255608955,0.02403073003042817,0.02188007420185216,0.030674991672071463,0.06789569168539272,0.07350640936264427,0.06924650038255553,0.052000810569113515,0.0494081607860574,0.05105713444316631,0.04415209831703677,0.046301593316436414,0.037264639111018974,0.02635772549781168,0.02145622923791847,0.017857370281114095,0.01421335504934911
65.0,0.8763343436786802,0.030495123367518123,0.04573599624454091,0.047434536709260795,0.02643806566656021,0.024095833283394867,0.033743559349284795,0.07402615372241092,0.08006387600721404,0.07550876462447227,0.05692212983711675,0.05412310434247846,0.055916932885755145,0.04840830439976459,0.0507232969855766,0.04089432302139954,0.029023149328304514,0.023650066328726422,0.019704946726985736,0.015689670466216988
66.0,0.8645946292608735,0.03293460040297203,0.049979084354815316,0.05249168598133918,0.02903872928072732,0.026494924221972086,0.037059310729989046,0.08051917368357703,0.0869910372493322,0.08214134284669011,0.06218091566434035,0.059169764783496066,0.061116189640741385,0.052972889390032085,0.055456633424924864,0.044794542354262,0.031908343874690284,0.02602993472469703,0.02171401753259458,0.017296231201346098
67.0,0.8520264373507828,0.035451531636187944,0.054492986626661584,0.05802904438636767,0.03183795486459569,0.029083776202459236,0.04062835407377221,0.08734642985957271,0.09425271187353326,0.08911533001561021,0.06776829086713412,0.06454208698232972,0.06664793695084892,0.0578436234718339,0.060496456890859154,0.04896599658974156,0.03502088713220851,0.02860380021827074,0.023892928625421833,0.019040191219268806
68.0,0.8386249267973214,0.03802566106542109,0.059269433416423926,0.06407997872083364,0.03483869755393874,0.031866853702828324,0.04445437057155272,0.09447597203414154,0.10181014314066111,0.09639810336588774,0.07367165330221868,0.0702304266545194,0.07250154273952675,0.06301475872250299,0.06583405597527467,0.053406201079400584,0.03836604063478108,0.03137776263081029,0.026248542203411423,0.02092748678613019
69.0,0.8243971004283462,0.040629706461043365,0.06429284730136338,0.07068034580924709,0.03804104926978944,0.034846414670262664,0.04853738338568732,0.10186095856918408,0.10960805511421562,0.10394183210808897,0.07986858005513389,0.07621618186576028,0.0786570172289297,0.06847306930881013,0.07145240003611193,0.058106798061673265,0.04194641470954935,0.03435619066481605,0.02878672687247541,0.02296337973325578
70.0,0.8093602955075565,0.04323666492057984,0.0695443034007852,0.07785873617107837,0.04144196658095727,0.03802167079920239,0.05287343642202085,0.10945214388189728,0.11758951277485652,0.11169623408706868,0.08633253280001942,0.08247644706198917,0.08509004665298621,0.07420106580019356,0.07733038865858129,0.06305548092195773,0.04576104555349975,0.037540360307981566,0.031510649298307304,0.025150932678286893
71.0,0.793543575935386,0.04581450995066324,0.07499707982197001,0.08564483429198073,0.04503488032189542,0.041388936932006064,0.05745397155432041,0.11718562077366598,0.12568169270376947,0.11959608577799712,0.0930265370799189,0.0889786136429074,0.09176624119281908,0.08017301572588652,0.08343792307301709,0.0682333146278634,0.049805545200357,0.040929127447434765,0.034421870921968065,0.027492040437796614
72.0,0.7769893566772018,0.04832805626612489,0.08061587525705316,0.09406671179962016,0.04880867724104026,0.04494058886758061,0.062264471203650223,0.12498302106960686,0.1337965586570398,0.12756143812462145,0.09990224858166813,0.09567927647943378,0.09864006644947601,0.0863537838727718,0.08973488622926792,0.07361359513164098,0.05407089019690153,0.04451784655282279,0.03751937491787067,0.02998663745084447
73.0,0.7597530929288202,0.05073909277306929,0.08635874329278405,0.10314907100532648,0.052747936842735765,0.048665145374141024,0.06728493651894507,0.13275664528818723,0.14183676090805333,0.1355028095989386,0.10690260822404524,0.10252654141003689,0.10565728659033152,0.09270051476417188,0.09617321828392696,0.07916300140332647,0.05854352073884749,0.048298287318062835,0.040799352760381304,0.032632471026795555
74.0,0.7419043932070531,0.053006414827327826,0.09217651387933726,0.11291267808628178,0.0568322149326356,0.052546567119308954,0.07248895974085556,0.14040947341175014,0.14969597956175637,0.14332122401207661,0.11396110466676823,0.10945919045621366,0.11275415170808739,0.09916176269569289,0.10269611383875595,0.08484073929080009,0.06320456057608168,0.05225796590199677,0.044254642266898694,0.03542464837493401
75.0,0.7235254731456695,0.05508959581358174,0.09801167973174854,0.12337325130900016,0.06103510807862425,0.056563312098993214,0.07784236074724299,0.14783415807395117,0.1572581736919718,0.1509072423379627,0.12100038368878073,0.1164052088929051,0.11985592949636241,0.10567612925739558,0.10923667666639263,0.09059729934607458,0.06802877183902845,0.05637924480950585,0.04787395535919084,0.03835502340803154
76.0,0.7047153018780267,0.05694864446581011,0.10379578693910968,0.1345402667170535,0.06532233611087064,0.06068657277211245,0.08330071815897633,0.15490996035406512,0.16439465568238174,0.15813779825180482,0.1279288624614699,0.12327840031748492,0.1268734492816308,0.1121690925675841,0.11571476730073524,0.09637169106878873,0.07298246717211587,0.060637658115729104,0.051640557114508885,0.04141116286978489
77.0,0.68556039793049,0.058553026600549486,0.10947000147353385,0.1464165739954266,0.06966255921464878,0.06488952269303556,0.08882342842030877,0.16153766200030734,0.1710008722861012,0.16491176145102535,0.13466815071530647,0.13000438101107056,0.1337299402059239,0.11857565652285192,0.12206116838532724,0.10211013604153535,0.07803438560799797,0.06500998242616318,0.05553803750103228,0.044580685532368096
78.0,0.6661785295048299,0.05986708348986568,0.11495647147414609,0.15899791553115833,0.07401125289631018,0.06913330666856918,0.09435283812363361,0.16759341855650128,0.17694830791436728,0.17110289822870037,0.14111509829471008,0.1364842900743401,0.14032365224739465,0.12480829708804121,0.12818377720381097,0.10773927993918009,0.0831392578082642,0.06946180884193012,0.059541213073355255,0.04784434265564041
79.0,0.6466861772138941,0.06086561431879941,0.12017819100168528,0.17227001746562123,0.07832022224620647,0.07337474721087507,0.09982595943956649,0.1729650750685486,0.18212378537564486,0.17659704038572585,0.14716840617644192,0.14261952976131895,0.14655355838491774,0.13077835721846626,0.13399072073305174,0.11318353934920428,0.08824708089586927,0.0739541037200869,0.06362050204354136,0.05117925407836381
80.0,0.6271727328642397,0.061531324645129976,0.12507757230629404,0.18621837018433632,0.0825513595105134,0.07757924200230312,0.10519278748932036,0.17757384289956782,0.18644941875346013,0.18131404052628275,0.15275269880009848,0.14833600575750974,0.15234394473732626,0.13641849582376733,0.13941290907183151,0.11838486771539698,0.09331792304658007,0.07845527477890236,0.0677516229111094,0.05456653681325807
81.0,0.6077679607873642,0.06184836845237199,0.1295724976258548,0.20081117313440902,0.08664609556243028,0.08169287688390857,0.11037749331963126,0.1813164725891726,0.18982523101432855,0.18514873020260533,0.15776202474526715,0.15352851276541382,0.15758760672071667,0.1416312580658052,0.14435181323014423,0.12325795988653952,0.09828939905077512,0.08291502990215012,0.07189486807161866,0.05797494931434346
82.0,0.5885831582621662,0.06181522026157944,0.13359091695639078,0.21601070451986368,0.09055043279059737,0.08566541144334569,0.11531114166521536,0.1841074499742933,0.19216908347679035,0.18801377892592777,0.16210490817133819,0.15810569257973187,0.16219158410161097,0.14633076105027612,0.14872157828511473,0.1277268676103937,0.10310333329459655,0.08728578782287441,0.07601192931066161,0.06137401526916787
83.0,0.5697228563680853,0.06143569797021875,0.13707143970415703,0.23177000595753897,0.0942104831670932,0.08944498096003958,0.1199232898476161,0.18589357585373265,0.1934371740542905,0.1898550936973248,0.16570498295494313,0.1619882993196009,0.16607606327239874,0.15043996494377254,0.15244770791010456,0.1317211538374579,0.10770009766158832,0.09151741015417292,0.0800612934823644,0.0647305658875259
84.0,0.5512881364819423,0.06072220661895298,0.13995941890970337,0.24803023798940127,0.0975714425376982,0.09297764753500389,0.12414286801843234,0.18664257462308256,0.19360901675346168,0.1906397788797383,0.16849696703435554,0.1651064914420626,0.16917124876251283,0.15388818031118645,0.15546408298604408,0.135174165153559,0.11201768909107725,0.09555651453373717,0.08399756266255529,0.06800794495587713
85.0,0.533360545021637,0.059693305546714995,0.14221558749008711,0.26473056194156097,0.10058691422591536,0.09621653758183818,0.12791006224666313,0.1863467659932698,0.19268881763433898,0.19035989234018214,0.17043696202363576,0.1674110192237814,0.17142848283675283,0.15662265648374046,0.1577236456935203,0.13803413332738468,0.11600220091396958,0.0993554934044987,0.08777911289468168,0.07117220396852333
86.0,0.5160139100803465,0.05837410127575064,0.14381039823912534,0.2818015904047776,0.10321320724440017,0.09911618780144094,0.13116885119832175,0.18501979184819117,0.19070348315487842,0.18902913630290022,0.1714957381413374,0.16886602278902701,0.17281305582897158,0.15860129839799283,0.15919158110892465,0.1402572820567125,0.11960127870873556,0.10286682741655483,0.09136317615042926,0.07418813289330808
87.0,0.49930992918222217,0.056795155978297665,0.1447263340714168,0.29916858076806335,0.10541243022309213,0.10163563954351787,0.13387098878692258,0.18269619911098436,0.18770120534274237,0.18668244407516324,0.17166136904050494,0.16945210609385838,0.17330720893974233,0.15979606660145165,0.15984827571981527,0.14181123606358065,0.12276761907619434,0.10604613663685812,0.09470843261464845,0.07702135990731339
88.0,0.4832974355007156,0.0549908217186431,0.1449585385918835,0.3167532041887578,0.10715397626358701,0.1037399958867025,0.1359779157804565,0.17942990506677423,0.18374930644188187,0.18337441846394165,0.170939754977323,0.16916718387832175,0.1729109013561502,0.1601941587456156,0.15969016971059033,0.14267637120952162,0.1254606885794508,0.10885373566557403,0.09777636665568867,0.07963946396188591
89.0,0.46801332242913873,0.052997544588034885,0.1445151821625461,0.3344739508202802,0.10841520933515725,0.10540114127485967,0.13746168976373596,0.1752936992811804,0.17893350478969913,0.1791788264242927,0.16935496925438911,0.16802697479687534,0.17164227138576077,0.15979862539320555,0.15873022767628206,0.14284647872407236,0.127647494613892,0.11125530841866539,0.1005318192855764,0.08201241892084765
90.0,0.4534825541298054,0.050852342662440334,0.1434163398857851,0.35224876332196925,0.10918219511729978,0.10659875844950588,0.1383058966689971,0.17037448099784774,0.1733524804591795,0.1741837775637224,0.1669471920874241,0.16606340360340444,0.16953588863639896,0.15862750603348394,0.15699653487248116,0.142328481575004,0.12930370559182433,0.11322314452624122,0.10294425870618325,0.08411368809021123
91.0,0.4397190689127533,0.04859188850119421,0.14169292522148857,0.3699961173645639,0.10944988963704803,0.10732073263655871,0.13850590290281808,0.16476989216811064,0.16711415411004374,0.16848830416031801,0.16377090740117328,0.16332309251972973,0.16664114037560165,0.15671281250973887,0.1545309447769039,0.14114184748580405,0.13041405805324102,0.11473667766516384,0.10498837893624174,0.08592075106655916
92.0,0.42672696334977456,0.04625149195155359,0.13938595084339384,0.38763559385527807,0.10922221033480028,0.10756337720443804,0.13806893262701986,0.1585861727027005,0.160333399708895,0.16220019181133316,0.15989361321995657,0.15986624542656772,0.16302105384812163,0.154099748343689,0.1513880759640474,0.13931809760012498,0.1309725897207095,0.11578282007516838,0.10664448582689488,0.08741544857842164
93.0,0.4145016961396269,0.0438638844908599,0.1365435162215847,0.4050909031479284,0.10851125515046545,0.10733109082386529,0.13701287020352482,0.1519315930136151,0.15312519980839545,0.15542934026558478,0.15539110073411969,0.15576229348962378,0.15874778104230833,0.15084327405254158,0.14763135295479796,0.13689823752497426,0.1309822937574032,0.11635611048136986,0.10789905385606299,0.08858456512439818
94.0,0.4030312327037116,0.04145910074848059,0.1332196582789618,0.42229000826884605,0.10733680075155363,0.10663603139797806,0.13536561642083572,0.14491444287399138,0.1456026843124227,0.1482857221525308,0.1503456673228662,0.15108819380745217,0.1539008503452587,0.14700667391636463,0.1433314398503831,0.13393161553533026,0.13045473971914517,0.11645853778962806,0.10874470912182671,0.08941985144413285
95.0,0.39229699362833476,0.0390638335341752,0.12947395044252835,0.43916522239496164,0.10572620948413375,0.10549813748401789,0.13316499257681308,0.13764219759055807,0.13787633928556228,0.14087853557526292,0.14484536828932332,0.14592773094096062,0.14856644844857886,0.14266099549509256,0.13856559678732405,0.13047550046854806,0.12941010876237327,0.11609966671355103,0.10918042472620215,0.08991820254634277
96.0,0.3822745266016434,0.03670160583085435,0.12537031665210402,0.4556535509153982,0.10371388147366031,0.10394469337810192,0.1304577929820273,0.13021960630485555,0.13005223239212885,0.13331430339466077,0.1389821868340228,0.1403697073659818,0.14283558416437547,0.13788355236929725,0.13341604726663117,0.12659386296220138,0.12787676581694393,0.11529641323534658,0.10921147905946064,0.09008168587673919
97.0,0.3729372175345174,0.034390890782892376,0.1209676210477406,0.47170427063484954,0.10133590746676721,0.10200601860720444,0.12729241619540307,0.12273421361552435,0.122217718671778,0.12568217207374205,0.13283845514173223,0.134494681765793,0.13679054340555627,0.1327462821174329,0.12795770997617026,0.12234764796961733,0.12588666963600476,0.11407020311807084,0.10884830696567407,0.08991696903123494
98.0,0.36425765250167863,0.032146932837370974,0.11632191467692743,0.4872734999840229,0.09862930586073874,0.09971420422982585,0.12371839265297901,0.11526386774563392,0.11444955060861615,0.11806145577089203,0.12649106701139218,0.1283786096728438,0.1305087316255356,0.12731807615549667,0.12226138453667874,0.11779608103863891,0.12347388305966184,0.11244510029564316,0.10810436382429678,0.08943337748775627
99.0,0.3562036127237157,0.02998290600268413,0.11149387748447925,0.502319603789121,0.09563765070940455,0.09710830526239073,0.11979406166712103,0.10788546425267694,0.10682217324573377,0.11053052635850853,0.12002122639394937,0.12210270841804849,0.12407266670881414,0.12167399049167393,0.11640296693633259,0.11300483263113792,0.12068021964239192,0.1104521545315306,0.10699911875182283,0.08864511158400575
100.0,0.34874435318578595,0.027908469591101145,0.1065358954492862,0.5168112817738266,0.09240179471236269,0.09422592335959809,0.11557352001282092,0.10065907440518605,0.09939275424567062,0.10315073075319701,0.11349699266912962,0.11573582480633428,0.11755212684605583,0.11587906158526667,0.11044706450286815,0.1080318319823145,0.11754629439159085,0.10812278198262389,0.10555385316635835,0.08756827383828221
101.0,0.34184374661849126,0.02592999356722482,0.10150585085719611,0.5307204089570878,0.08896961117409422,0.09111166048412918,0.11111854155446917,0.09364623333118915,0.09221934108187442,0.0959851713226505,0.10699177158700057,0.10935263487270414,0.11102270991582175,0.11000525019777121,0.10446414527982052,0.10294194033782482,0.11412080038029014,0.10549556283570571,0.1037960626652319,0.08622425514490548
102.0,0.3354684710551786,0.02405169443201347,0.09645097012562352,0.5440288643871845,0.08538407898791338,0.08780697605814021,0.10648517186239198,0.08688898588485428,0.08533986797442744,0.08907701175050572,0.10056281889982088,0.10301260500933361,0.10454434184177384,0.1041114517910764,0.0985105137245205,0.09778956569999354,0.11044921013673756,0.10260794882915425,0.10175404547433836,0.08463541060487323
103.0,0.32958397843788645,0.022276117529441673,0.0914151504572857,0.5567247535753861,0.08168827338717802,0.0843543176177421,0.10172909875191302,0.08042036935113678,0.07878291389556127,0.08246031727106998,0.09426105494530303,0.09676942920651616,0.0981709671564946,0.09825232276694398,0.09263729194292111,0.09262620930445277,0.10657849966268107,0.09949968985055258,0.09945914047222926,0.0828268658925234
104.0,0.3241589556413371,0.020603849863254507,0.08643433338198908,0.5688028611134192,0.07791981699245182,0.08079140577433319,0.0968983687177428,0.07426298045842629,0.07256707070521927,0.07615854707641538,0.08812628049307972,0.090665655312006,0.09194522760603584,0.09247238919784899,0.08688523977600082,0.08749457767882825,0.10255081345383754,0.09620724322743501,0.09694107363551835,0.08082276464947802
105.0,0.319162109124481,0.019034099785661812,0.08154086793935983,0.5802629231504973,0.07411483135072572,0.07715509101385694,0.0920386984011207,0.06843279059600693,0.06670431188612307,0.07018844235266249,0.08219245694895065,0.0847382021964392,0.08590401038091347,0.0868114714579706,0.08128995759194185,0.08243360867889706,0.09840773221544938,0.09276732934677552,0.09423073819324243,0.07864844333199572
106.0,0.3145632514458721,0.0175648559974397,0.07676230271417359,0.5911095898425146,0.07030640253304538,0.07347976470106064,0.08719154505431101,0.0629388851314892,0.06119992057171959,0.06455973509783386,0.07648653470518801,0.07901703316554914,0.08007713382906985,0.08130316632934155,0.07588059052749195,0.07747693292737738,0.09418849504813118,0.08921534483807676,0.09135885519290865,0.07632933134634382
107.0,0.3103340554608303,0.016193183811909456,0.0721211430793594,0.6013516176479009,0.06652373542557495,0.06979637340346662,0.08239312857584738,0.057784412795045946,0.056053568536831494,0.05927608939366356,0.07102861196309879,0.07352516891182984,0.07448739135656005,0.07597456070208872,0.0706797796858922,0.07265241117701524,0.08992885156483248,0.08558421566235017,0.08835486907695338,0.07389000326770691
108.0,0.3064473339631909,0.014915511111506094,0.0676356842338419,0.6110014706914612,0.06279282678308651,0.06613304487640713,0.07767532794386119,0.05296747016930823,0.05126013230864962,0.05433600387993178,0.06583300787280484,0.06827978371254945,0.06915165930524007,0.07084727340291563,0.0657046909468806,0.06798307258773359,0.08566175350460198,0.08190494976866951,0.08524736059707975,0.07135449601486041
109.0,0.30287749327598534,0.013727820033021204,0.06332006947750878,0.6200746172134846,0.05913606472369909,0.06251456277787355,0.07306524482629606,0.04848200900653913,0.04681067040199707,0.04973371978376673,0.06090868982578977,0.06329253812241653,0.06408125278689296,0.06593756577912181,0.060967288272742455,0.06348707179129601,0.08141670897595432,0.07820593928086964,0.0820633178871432,0.0687456722939029
110.0,0.29960056201682933,0.01262577661848439,0.059184739979911825,0.6285889213847745,0.0555723503205005,0.05896238761827103,0.06858541499703816,0.044318776799272694,0.042693368529172306,0.045460173582724785,0.05626005932485016,0.05857032534754547,0.05928269069362667,0.061256941042394354,0.056475013139849026,0.059178148678180775,0.07721975778265126,0.0745128266631855,0.07882789875720593,0.0660849912597902
111.0,0.29659378308770523,0.01160483682574521,0.0552368783801589,0.6365645017063907,0.05211746960152497,0.05549500057492056,0.06425430302789481,0.040465760867068525,0.03889394105989768,0.04150345108091539,0.051887527248608865,0.05411586327212489,0.054758292182736965,0.05681271283725346,0.052231341961728926,0.05506614424287169,0.07309384091255668,0.07084879553746005,0.07556463999974064,0.06339266842321585
112.0,0.29383616467580465,0.010660400304822805,0.051480724149276146,0.6440227108700964,0.0487839563420047,0.05212762531015394,0.06008623705216653,0.03690928634180478,0.03539676706645776,0.03784989299875884,0.04778827400200045,0.0499283844238684,0.050506888939971434,0.0526084767211798,0.04823639780002026,0.051157297465516595,0.069058379835654,0.06723402892179389,0.0722947839694855,0.06068706694388775
113.0,0.2913080972037465,0.009787829239866784,0.04791806157250414,0.6509860119838826,0.04558156489487803,0.04887267962856481,0.05609201948250743,0.0336343938372454,0.032185213158667555,0.03448448598344167,0.0439568429522801,0.04600426072075388,0.04652445241205565,0.04864474000753399,0.04448754391356159,0.04745483469881813,0.06512976496338557,0.06368610877369552,0.06903757721485376,0.05798493273538802
114.0,0.2889911677293082,0.008982572647103424,0.04454844226141351,0.6574778173621748,0.04251746486920656,0.04573994632731333,0.052279183590567796,0.030625059484678738,0.02924183050167414,0.031391089925473216,0.040385444191241085,0.042337317496353256,0.04280440983090746,0.04491922542225722,0.0409796799639011,0.0439592458067172,0.06132152049784464,0.060220130372434615,0.06581032223000384,0.05530142771610802
115.0,0.28686837752264527,0.00824019005675057,0.0413696460374345,0.6635217863831697,0.03959647204379511,0.04273672863246766,0.04865237301891171,0.027864981158462126,0.02654912959807149,0.028553233802276853,0.03706469926339657,0.038919565609742385,0.03933838766858508,0.04142749778247857,0.03770591587552195,0.0406688017933364,0.05764439110360571,0.05684866858578262,0.06262819563956257,0.052649940728988515
116.0,0.2849240623362692,0.007556354788451292,0.03837802651187512,0.6691415563634042,0.03682135666366255,0.039868128092180065,0.04521374979806568,0.02533791416566409,0.024089885830584162,0.02595446302083826,0.033984099621363374,0.0357416762117956,0.03611669008993525,0.038163427704085234,0.034658019362677595,0.037579976927058875,0.05410661558553115,0.0535819726923923,0.05950434251571195,0.05004215022858098
117.0,0.28314363005355503,0.0069269672096330705,0.03556863732784366,0.6743607654089682,0.03419305773127689,0.037137264184349775,0.04196323293813434,0.02302761498579838,0.021847057977137836,0.023578291057390784,0.031132105142618327,0.03279310314713932,0.03312841912175789,0.0351193599624918,0.03182654141599832,0.03468763142814128,0.05071416913335844,0.05042818547502602,0.05645005692776309,0.04748817865881004
118.0,0.2815131583497139,0.006347992413506782,0.032935317590938186,0.6792035316458411,0.03171085446851058,0.03454548592792269,0.03889873963667887,0.020917698937842795,0.01980360632573025,0.021408051263881085,0.028496156205417508,0.030062127501306758,0.03036151104390674,0.03228620061729288,0.02920086702864319,0.03198513097780482,0.04747102075411403,0.04739361088249178,0.0534750686082376,0.04499683310153492
119.0,0.2800211586360702,0.005815967183413262,0.030472013774442603,0.6836908604060739,0.02937301264309136,0.03209274513169982,0.03601716130569311,0.01899411176508094,0.017945006166292837,0.019429421647357552,0.02606488397420482,0.02753799705576202,0.027804924188103673,0.029655250291091347,0.026771185549520172,0.029465830987242887,0.04437922139715608,0.044482394098200984,0.050586650082089415,0.04257475037522307
120.0,0.2786559628109213,0.005327274467140216,0.028171648164909243,0.6878451145570291,0.027176676210981326,0.029777860739417992,0.033314002279997555,0.017242115476340084,0.016256109066356307,0.017627361284048206,0.023825824246212296,0.025208797171867015,0.025446445055200134,0.027216560471555126,0.024526564665813277,0.027121886022539277,0.04143960066416443,0.041697646055360284,0.04779133101941591,0.040227963121862595
121.0,0.27740677231448757,0.004878587554400916,0.02602655331888694,0.6916880868122245,0.02511788673335123,0.02759836142052649,0.03078346691237913,0.015647520567615914,0.014722431802552335,0.01598736920774249,0.02176635250093773,0.023062316434963682,0.02327358252807004,0.02495960016702484,0.022455732884247622,0.024944723732521382,0.038651407320272564,0.03904089361796637,0.04509407910634941,0.037961161918363615
122.0,0.276263239004745,0.004466642097597914,0.024028433414240883,0.6952416854834161,0.02319164527784656,0.02555060306830169,0.028418579577976003,0.014196407604441567,0.013329841267741057,0.01449519292897547,0.019873531854329305,0.02108592621698305,0.021273435929737357,0.022873179813192986,0.02054697422677456,0.02292502021993055,0.03601246967730896,0.036512279495471776,0.04249855685395286,0.03577791079496152
123.0,0.27521765495308564,0.004088910493904214,0.022170589744202995,0.6985228448088072,0.02139353794040544,0.023631131275935042,0.026213345526550656,0.01287826140201233,0.012067698320052833,0.013140049872970178,0.01813728867400014,0.019269733104349793,0.019435907697896198,0.020948371421994932,0.018791076591995262,0.021055221962553806,0.03352034627871606,0.03411114593058367,0.040006874566880485,0.03368032526403912
124.0,0.27426157041492677,0.0037425653713652365,0.02044523711180054,0.7015506271019075,0.01971815814664784,0.02183554341852485,0.024160527853010455,0.011681445393242637,0.010924261005265308,0.011909996114852672,0.01654623033538564,0.017602499779541873,0.01774953484066801,0.01917490616443051,0.017177550972808153,0.019326553329695226,0.03117161315500579,0.03183607485402745,0.037620710415695355,0.031670188622215115
125.0,0.2733868773265012,0.003424953257379518,0.0188440668153764,0.7043441026007429,0.01815926872869751,0.02015846224883107,0.022251893811092747,0.010594535522814235,0.009888070767898856,0.010793295506318445,0.015088736239093443,0.016072672580760547,0.016202547696619076,0.017542014154497805,0.015695569187665195,0.01772965047661624,0.02896163361385375,0.02968443238552698,0.035340532044664794,0.029748247166141356
126.0,0.2725867780498884,0.00313383450214945,0.01735958575462908,0.7069198016933331,0.016710918390915045,0.018594577954444202,0.020479715881177075,0.00960788977837172,0.008949493356650082,0.009780027786565703,0.01375469415660457,0.014670140829045825,0.014784653576747095,0.016040112839174364,0.014335623184929383,0.016256078212796503,0.02688555579879464,0.027653080323741447,0.03316587960035389,0.027914385585533576
127.0,0.27185564989449085,0.0028673360672309724,0.015985403261900538,0.7092916107763776,0.015367914466517963,0.017139197242166757,0.018837299019842425,0.00871351823942022,0.008100558009647225,0.008861966387380326,0.012535611336887785,0.013386392919016719,0.013487189876924642,0.014661076774296391,0.013089696653759059,0.014898646937823562,0.024939003461365173,0.025739070592734774,0.03109605583516177,0.026168229114212568
128.0,0.2711865947154215,0.002623020764192048,0.014713220013868879,0.7114771645065175,0.014123230429612105,0.015785819400825626,0.017315724889741025,0.007901651203192415,0.007331544151768789,0.008029033948886488,0.01142082310388527,0.012210692912570004,0.01229923299231967,0.013394503020146813,0.011947647138070687,0.013648061315014693,0.02311562366074664,0.023937814056924543,0.029129210683714827,0.024508456788650216
129.0,0.2705754815070833,0.002399446494867458,0.013537809869358383,0.7134872621286907,0.012972315643218598,0.014530156345028283,0.01590923698328277,0.007166403327246663,0.006636617244165054,0.007275158312384233,0.010403771429868598,0.011136412015055192,0.011214043375577083,0.012233906118438397,0.010903198023226693,0.012498477701105636,0.0214111453471422,0.022246097650256598,0.027263816962119453,0.022933908348287187
130.0,0.27001672040789265,0.002194679655358491,0.012451834727978159,0.7153367652087708,0.011908673210076492,0.013366012106134873,0.014609635734479338,0.006499791223036228,0.00600788400883185,0.0065921007735349054,0.009475423804926402,0.010154393365844977,0.0102223149847288,0.011170263644473287,0.009947665546050994,0.011441720769441898,0.019819252310534722,0.02065903970852371,0.025497222882600288,0.021442525300063145
131.0,0.2695054042725531,0.002007057843909305,0.011448407804414222,0.7170391300791233,0.010925984639154623,0.012287226373472251,0.013409022626827765,0.005894829533838463,0.005438470631481092,0.0059726450216229686,0.00862762542121562,0.009256324113629132,0.009315605012039643,0.01019525766995258,0.009073138934800704,0.010470169109168329,0.018333450858614715,0.01917138851613571,0.023826097736064342,0.02003162589615433
132.0,0.2690385403158952,0.0018355628542575263,0.010523302436190323,0.7186025943936569,0.01002035324917886,0.0112899914716165,0.012302534276599079,0.005347261098324661,0.004924189661424399,0.005412392278327063,0.007855389160863702,0.008437117655721148,0.008488747721091476,0.009303789438306368,0.008274775522238008,0.009579145016965,0.016949728653964817,0.017779887167515995,0.02224838259382937,0.018699542049850856
133.0,0.2686113040747797,0.0016784576156127318,0.009669443474143362,0.7200407948354642,0.00918511416275712,0.010367707499615639,0.011281951750650984,0.004850332314912928,0.00445841085732776,0.004904351831896442,0.007150626181980992,0.007688496510197415,0.007733336176143372,0.008487459621134218,0.007544674670060206,0.008760888972627615,0.01566089872422771,0.01647853096449418,0.020759854102781156,0.017442800633387958
134.0,0.2682230927556892,0.0015355286923357657,0.008886059945487164,0.7213553186064879,0.008419574788056522,0.009519723925112255,0.010346415553299768,0.004403176505116967,0.00404027385143276,0.004447626864012338,0.006512360665971802,0.00700947444602261,0.007048367327871667,0.007745296811573659,0.006881901233025383,0.008014525218992007,0.014466350308272487,0.015266871982572172,0.019360388991945532,0.016261299927459855
135.0,0.2678645538776699,0.0014033817071014588,0.008158598534513352,0.7225734658807154,0.007709717425515751,0.008731893802227993,0.009478680553093375,0.003992831094687053,0.00365712511846499,0.004028798229977867,0.0059246004909328616,0.006383593608576092,0.006417139458700443,0.00706038375592309,0.006270698032163315,0.0073242565563352005,0.013350174027462705,0.014131185863207829,0.0180393752900387,0.015146243278720906
136.0,0.2675392957509888,0.0012833337106117823,0.007492640497064335,0.723684730041335,0.007060896156352469,0.008009610164522098,0.008685332424336945,0.003624288103547932,0.0033138410886191863,0.0036530346632213627,0.005393488844463661,0.005817172629713388,0.005846066182123338,0.006439209193936734,0.0057171124117292365,0.00669613429992506,0.01231846907034308,0.01307672524144383,0.016800947766517426,0.014101038391713559
137.0,0.267242944642244,0.0011738560708516824,0.006881096042272218,0.724702103244632,0.006466203307049699,0.0073458193794251675,0.007957863605435612,0.0032914831425020132,0.003004528101728685,0.003314064022638801,0.0049114183439510255,0.005302354937164746,0.005327180291948525,0.005873641489240747,0.005213607553745382,0.0061225125209380905,0.011363188598870215,0.012096424219438804,0.015639422333595294,0.013120947375217348
138.0,0.266971486597332,0.0010735424776783433,0.0063174691457080715,0.7256375017792814,0.005919310859660462,0.006734061177577415,0.007288484876015879,0.0029888591289601845,0.0027237843593692474,0.0030061380494609755,0.00447141905573413,0.004831942949572413,0.004853182384368055,0.0053562304861710965,0.00475327900554425,0.005596387247405257,0.010476957206308013,0.011183807070596383,0.014549585907749444,0.012201624904127503
139.0,0.2667231320509221,0.0009818044484897882,0.0057985957055690755,0.7264964677950191,0.005417030590012107,0.006170986806018794,0.006673319834666218,0.002714042514971842,0.0024693248799973633,0.0027267991716025046,0.004070345839261555,0.004402658306773574,0.004420750388193553,0.00488349600489261,0.004332962962936458,0.00511442666261491,0.009655763566786598,0.010335192460558265,0.013528172823968664,0.011340305389000516
140.0,0.2664960552496648,0.0008980193140833847,0.005321272328399096,0.7272846531078527,0.0049561335336715225,0.005653210173989652,0.006108454919670351,0.002464623966597515,0.00223882749444293,0.0024735509454712878,0.003705009625272226,0.004011178924214114,0.00402651712240201,0.00445191045793496,0.00394945325361321,0.004673256403982298,0.008895551929223694,0.009546863496660736,0.01257188869139672,0.010534197021505032
141.0,0.26628849223643947,0.0008209984841318808,0.004882774384591109,0.7280077348948375,0.004533713591049168,0.0051777362340694215,0.005590748540475933,0.0022387098381305127,0.002030419744898236,0.0022443804181150446,0.003372804621215439,0.0036548124680724848,0.0036677366094874995,0.004058495160033019,0.0036001243769909074,0.004270035700263777,0.008192646168339139,0.008815448147060008,0.01167769970934553,0.00978061060011202
142.0,0.2660987752056225,0.0007506554633268089,0.004479688522863591,0.7286708808081872,0.0041464731296236654,0.004740999823967598,0.005115818654776366,0.0020337344767407785,0.0018416916821747049,0.002036684835408301,0.0030703619457241676,0.0033300104872159638,0.003340833272427238,0.0036995696822593265,0.003281568429718902,0.003901198272177521,0.007542732515476742,0.008136905720875847,0.010841858558273427,0.009076480383869328
143.0,0.26592531719287715,0.0006863324564959623,0.004109199710876044,0.7292791506397508,0.00379155538939912,0.004339975114357466,0.00468024814600084,0.0018476979993466863,0.0016707191375842007,0.0018483902136962472,0.002794987077705905,0.003033959272535916,0.0030429552988221003,0.0033721126834385974,0.002991059853987273,0.0035638307369380653,0.0069420724691424225,0.00750774079367542,0.010061091952327432,0.008419013173107236
144.0,0.2657667875068949,0.0006275368920353614,0.0037688716785181154,0.7298368039225516,0.0034664943093429454,0.003972029165267994,0.004281055216278859,0.0016789106490971853,0.0015158847434631599,0.00167774841505635,0.0025443820530091244,0.0027642513621650546,0.002771664557440767,0.003073536731210863,0.0027262669354605608,0.0032554272697939922,0.0063873766885893645,0.006924851185928229,0.009332441067721312,0.007805693141257588
145.0,0.26562189859429997,0.000573780278809684,0.0034563249987156672,0.7303479961281748,0.0031688764522701885,0.0036345751904535246,0.003915328288783926,0.0015257572300567436,0.0013756451110293728,0.0015230888929518949,0.0023163339279267457,0.0025185653425637187,0.0025246105071969945,0.0028013377296315753,0.002484938506335652,0.0029735548019987545,0.005875383403725821,0.0063851408757096524,0.008652904808464682,0.007233965026527472
146.0,0.2654895041136549,0.00052463735583817,0.0031694061357812977,0.7308164523947256,0.002896518410770114,0.003325260593187504,0.0035804268999484533,0.0013868080965737015,0.0012486383382236132,0.0013829348664611758,0.0021088690949770087,0.002294826758290455,0.002299693585537906,0.002553272431599571,0.002265061287925877,0.00271602540236818,0.005403095676487994,0.005885744575214854,0.00801965860895575,0.0067014246597647655
147.0,0.2653686546578568,0.0004797577495206554,0.002906297874369936,0.7312452897182525,0.00264757943339826,0.0030420886326448914,0.0032741216696631,0.001260894335403599,0.0011337550753195438,0.0012560806071578437,0.0019203571254871369,0.002091317514309069,0.0020951757750249686,0.0023274758968285167,0.0020649658096217826,0.00248101054692803,0.0049679313317099166,0.0054241690043128074,0.007430187509276681,0.006205931172901613
148.0,0.26525822006751215,0.0004387247869909789,0.0026648435840561408,0.7316382115614407,0.0024198751554222356,0.002782692540631159,0.002993767358569932,0.0011466212355622115,0.0010296708378024883,0.0011410871302651854,0.001748856142051501,0.0019059922027349833,0.0019089877561912305,0.0021217294235927114,0.0018826650323519195,0.0022663369402540225,0.0045668356186464735,0.004997469481098281,0.006881527446406679,0.005744962743790643
149.0,0.26515713752077463,0.000401146401087934,0.0024430060216580085,0.7319987100564794,0.0022113432956499183,0.002544833874916347,0.002736865951341958,0.0010426828196482085,0.0009351466417394655,0.001036607546869353,0.0015925429207726248,0.001736929109602966,0.0017391856074763102,0.0019339463303405726,0.0017162914122402038,0.00206995758664719,0.004196906023397421,0.004602840171733584,0.006370833547220166,0.005316099174526898
150.0,0.2650647783032844,0.0003667886896362959,0.00223951996145379,0.7323289130456255,0.0020207084002164914,0.0023271026260252366,0.0025018687893133447,0.0009483418425618877,0.0008494911202545415,0.0009418850092810128,0.001450355883169868,0.001583000931410085,0.00158463071064842,0.001762888373469442,0.0015647450158822608,0.0018906381585899925,0.0038562343657496923,0.004238386636207707,0.005896068227072497,0.004917605551421349
