,Province/States,Country/Region,WHO region,1/21/2020,1/22/2020,1/23/2020,1/24/2020,1/25/2020,1/26/2020,1/27/2020,1/28/2020,1/29/2020,1/30/2020,1/31/2020,2/1/2020,2/2/2020,2/3/2020,2/4/2020,2/5/2020,2/6/2020,2/7/2020,2/8/2020,2/9/2020,2/10/2020,2/11/2020,2/12/2020,2/13/2020,2/14/2020,2/15/2020,2/16/2020,2/17/2020,2/18/2020,2/19/2020,2/20/2020,2/21/2020,2/22/2020,2/23/2020,2/24/2020,2/25/2020,2/26/2020,2/27/2020,2/28/2020,2/29/2020,3/1/2020,3/2/2020,3/3/2020,3/4/2020,3/5/2020,3/6/2020,3/7/2020,3/8/2020,3/9/2020,3/10/2020,3/11/2020,3/12/2020,3/13/2020,3/14/2020,3/15/2020,3/16/2020,3/17/2020,3/18/2020,3/19/2020,3/20/2020,3/21/2020,3/22/2020,3/23/2020,3/24/2020,3/25/2020,3/26/2020,3/27/2020,3/28/2020,3/29/2020,3/30/2020,3/31/2020,4/1/2020,4/2/2020,4/3/2020
0,Confirmed,Globally,,282.0,314.0,581.0,846.0,1320.0,2014.0,2798.0,4593.0,6065.0,7818.0,9826.0,11953.0,14557.0,17391.0,20630.0,24554.0,28276.0,31481.0,34886.0,37558.0,40554.0,43103.0,45171.0,46997.0,49053.0,50580.0,51857.0,71429.0,73332.0,75204.0,75748.0,76769.0,77794.0,78811.0,79331.0,80239.0,81109.0,82294.0,83652.0,85403.0,87137.0,88948.0,90870.0,93091.0,95324.0,98192.0,101927.0,105586.0,109577.0,113702.0,118319.0,125048.0,132758.0,142539.0,153517.0,167515.0,179111.0,191127.0,209839.0,234073.0,266073.0,292142.0,332930.0,372755.0,413467.0,462684.0,509164.0,571659.0,634813.0,693282.0,750890.0,823626.0,896450.0,972303.0
1,Deaths,Globally,,,,,,,,,,,,,,,,,,,,,,,,,,,,,,,,,,,,,,,,,,,,,,,,,,,,,,,,,,7426.0,7807.0,8778.0,9840.0,11184.0,12783.0,14509.0,16231.0,18433.0,20834.0,23335.0,26493.0,29891.0,33106.0,36405.0,40598.0,45525.0,50321.0
2,Confirmed,China,Western Pacific Region,278.0,309.0,571.0,830.0,1297.0,1985.0,2741.0,4537.0,5997.0,7736.0,9720.0,11821.0,14411.0,17238.0,20471.0,24363.0,28060.0,31211.0,34598.0,37251.0,40235.0,42708.0,44730.0,46550.0,48548.0,50054.0,51174.0,70635.0,72528.0,74280.0,74675.0,75569.0,76392.0,77042.0,77262.0,77780.0,78191.0,78630.0,78961.0,79394.0,79968.0,80174.0,80304.0,80422.0,80565.0,80711.0,80813.0,80859.0,80904.0,80924.0,80955.0,80981.0,80991.0,81021.0,81048.0,81077.0,81116.0,81116.0,81174.0,81300.0,81416.0,81498.0,81601.0,81747.0,81848.0,81961.0,82078.0,82230.0,82341.0,82447.0,82545.0,82631.0,82724.0,82802.0
3,Confirmed,Outside of China,,4.0,5.0,10.0,16.0,23.0,29.0,57.0,56.0,68.0,82.0,106.0,132.0,146.0,153.0,159.0,191.0,216.0,270.0,288.0,307.0,319.0,395.0,441.0,447.0,505.0,526.0,683.0,794.0,804.0,924.0,1073.0,1200.0,1402.0,1769.0,2069.0,2459.0,2918.0,3664.0,4691.0,6009.0,7169.0,8774.0,10566.0,12669.0,14759.0,17481.0,21110.0,24727.0,28673.0,32778.0,37364.0,44067.0,51767.0,61518.0,72469.0,86438.0,97995.0,110011.0,128665.0,152773.0,184657.0,210644.0,251329.0,291008.0,331619.0,380723.0,427086.0,489429.0,552472.0,610835.0,668345.0,740995.0,813726.0,889501.0
4,Deaths,China,Western Pacific Region,,,,,,,80.0,106.0,132.0,170.0,213.0,259.0,304.0,361.0,425.0,491.0,564.0,637.0,723.0,812.0,909.0,1017.0,1114.0,1260.0,1381.0,1524.0,1666.0,1772.0,1870.0,2006.0,2121.0,2239.0,2348.0,2445.0,2595.0,2666.0,2718.0,2747.0,2791.0,2838.0,2873.0,2915.0,2946.0,2984.0,3015.0,3045.0,3073.0,3100.0,3123.0,3140.0,3162.0,3173.0,4955.0,3194.0,3204.0,3218.0,3231.0,3231.0,3242.0,3253.0,3261.0,3267.0,3276.0,3283.0,3287.0,3293.0,3298.0,3301.0,3306.0,3310.0,3314.0,3321.0,3327.0,3331.0
5,Hubei ,China,Western Pacific Region,258.0,270.0,375.0,375.0,,,,,,,,7153.0,9074.0,11177.0,13522.0,16678.0,19665.0,22112.0,24953.0,27100.0,29631.0,31728.0,33366.0,34874.0,51968.0,54406.0,56249.0,58182.0,59989.0,61682.0,62031.0,62662.0,63454.0,64084.0,64287.0,64786.0,65187.0,65596.0,65914.0,66337.0,66907.0,67103.0,67217.0,67332.0,67466.0,67592.0,67666.0,67707.0,67743.0,67760.0,67773.0,67781.0,67786.0,67790.0,67794.0,,,,,,,,,,,,,,,,,,,
6,Guangdong,China,Western Pacific Region,14.0,17.0,26.0,32.0,,,,,,,,520.0,604.0,683.0,797.0,870.0,944.0,1018.0,1075.0,1120.0,1151.0,1177.0,1219.0,1241.0,1261.0,1295.0,1316.0,1322.0,1328.0,1331.0,1332.0,1333.0,1339.0,1342.0,1345.0,1347.0,1347.0,1347.0,1348.0,1349.0,1349.0,1350.0,1350.0,1350.0,1350.0,1351.0,1352.0,1352.0,1352.0,1353.0,1353.0,1356.0,1356.0,1356.0,1357.0,,,,,,,,,,,,,,,,,,,
7,Henan,China,Western Pacific Region,,1.0,1.0,1.0,,,,,,,,422.0,493.0,566.0,675.0,764.0,851.0,914.0,981.0,1033.0,1073.0,1105.0,1135.0,1169.0,1184.0,1212.0,1231.0,1246.0,1257.0,1262.0,1265.0,1267.0,1270.0,1271.0,1271.0,1271.0,1271.0,1272.0,1272.0,1272.0,1272.0,1272.0,1272.0,1272.0,1272.0,1272.0,1272.0,1272.0,1272.0,1272.0,1272.0,1273.0,1273.0,1273.0,1273.0,,,,,,,,,,,,,,,,,,,
8,Zhejiang,China,Western Pacific Region,,5.0,5.0,5.0,,,,,,,,599.0,661.0,724.0,829.0,895.0,954.0,1006.0,1048.0,1075.0,1104.0,1117.0,1131.0,1145.0,1155.0,1162.0,1167.0,1171.0,1172.0,1173.0,1175.0,1203.0,1205.0,1205.0,1205.0,1205.0,1205.0,1205.0,1205.0,1205.0,1205.0,1206.0,1213.0,1213.0,1215.0,1215.0,1215.0,1215.0,1215.0,1215.0,1215.0,1215.0,1215.0,1227.0,1231.0,,,,,,,,,,,,,,,,,,,
9,Hunan,China,Western Pacific Region,,1.0,1.0,1.0,,,,,,,,389.0,463.0,521.0,593.0,661.0,711.0,772.0,803.0,838.0,879.0,912.0,946.0,968.0,988.0,1001.0,1004.0,1006.0,1007.0,1008.0,1010.0,1011.0,1013.0,1016.0,1016.0,1016.0,1016.0,1017.0,1017.0,1018.0,1018.0,1018.0,1018.0,1018.0,1018.0,1018.0,1018.0,1018.0,1018.0,1018.0,1018.0,1018.0,1018.0,1018.0,1018.0,,,,,,,,,,,,,,,,,,,
10,Anhui,China,Western Pacific Region,,,,,,,,,,,,297.0,340.0,408.0,480.0,530.0,591.0,665.0,733.0,779.0,830.0,860.0,889.0,910.0,934.0,950.0,962.0,973.0,982.0,986.0,987.0,988.0,989.0,989.0,989.0,989.0,989.0,989.0,990.0,990.0,990.0,990.0,990.0,990.0,990.0,990.0,990.0,990.0,990.0,990.0,990.0,990.0,990.0,990.0,990.0,,,,,,,,,,,,,,,,,,,
11,Jiangxi,China,Western Pacific Region,,1.0,2.0,2.0,,,,,,,,286.0,333.0,391.0,476.0,548.0,600.0,661.0,698.0,740.0,771.0,804.0,844.0,872.0,900.0,913.0,925.0,930.0,933.0,934.0,934.0,934.0,934.0,934.0,934.0,934.0,934.0,934.0,935.0,935.0,935.0,935.0,935.0,935.0,935.0,935.0,935.0,935.0,935.0,935.0,935.0,935.0,935.0,935.0,935.0,,,,,,,,,,,,,,,,,,,
12,Shandong,China,Western Pacific Region,,1.0,1.0,1.0,,,,,,,,202.0,225.0,246.0,270.0,298.0,343.0,379.0,407.0,435.0,459.0,486.0,497.0,506.0,519.0,530.0,537.0,541.0,543.0,544.0,546.0,748.0,750.0,754.0,755.0,755.0,756.0,756.0,756.0,756.0,756.0,758.0,758.0,758.0,758.0,758.0,758.0,758.0,758.0,758.0,759.0,760.0,760.0,760.0,760.0,,,,,,,,,,,,,,,,,,,
13,Jiangsu,China,Western Pacific Region,,,,,,,,,,,,202.0,231.0,271.0,308.0,341.0,373.0,408.0,439.0,468.0,492.0,515.0,543.0,570.0,593.0,604.0,617.0,626.0,629.0,631.0,631.0,631.0,631.0,631.0,631.0,631.0,631.0,631.0,631.0,631.0,631.0,631.0,631.0,631.0,631.0,631.0,631.0,631.0,631.0,631.0,631.0,631.0,631.0,631.0,631.0,,,,,,,,,,,,,,,,,,,
14,Chongqing,China,Western Pacific Region,,1.0,5.0,5.0,,,,,,,,238.0,262.0,300.0,337.0,366.0,389.0,411.0,426.0,446.0,468.0,486.0,505.0,518.0,529.0,537.0,544.0,551.0,553.0,555.0,560.0,567.0,572.0,573.0,575.0,576.0,576.0,576.0,576.0,576.0,576.0,576.0,576.0,576.0,576.0,576.0,576.0,576.0,576.0,576.0,576.0,576.0,576.0,576.0,576.0,,,,,,,,,,,,,,,,,,,
15,Sichuan,China,Western Pacific Region,,1.0,2.0,2.0,,,,,,,,207.0,236.0,254.0,282.0,301.0,321.0,344.0,363.0,386.0,405.0,417.0,436.0,451.0,463.0,470.0,481.0,495.0,508.0,514.0,520.0,525.0,526.0,526.0,527.0,529.0,531.0,534.0,538.0,538.0,538.0,538.0,538.0,538.0,538.0,539.0,539.0,539.0,539.0,539.0,539.0,539.0,539.0,539.0,539.0,,,,,,,,,,,,,,,,,,,
16,Heilongjiang,China,Western Pacific Region,,,,,,,,,,,,80.0,95.0,118.0,155.0,190.0,227.0,277.0,282.0,307.0,331.0,360.0,378.0,395.0,418.0,425.0,445.0,457.0,464.0,470.0,476.0,479.0,479.0,480.0,480.0,480.0,480.0,480.0,480.0,480.0,480.0,480.0,480.0,480.0,481.0,481.0,481.0,481.0,481.0,481.0,482.0,482.0,482.0,482.0,482.0,,,,,,,,,,,,,,,,,,,
17,Beijing,China,Western Pacific Region,5.0,5.0,10.0,10.0,,,,,,,,156.0,183.0,212.0,228.0,253.0,274.0,297.0,315.0,326.0,337.0,342.0,352.0,366.0,372.0,375.0,380.0,381.0,387.0,393.0,395.0,396.0,399.0,399.0,399.0,400.0,400.0,410.0,410.0,411.0,413.0,414.0,414.0,417.0,418.0,422.0,426.0,428.0,428.0,429.0,435.0,435.0,436.0,437.0,442.0,,,,,,,,,,,,,,,,,,,
18,Shanghai,China,Western Pacific Region,1.0,2.0,9.0,9.0,,,,,,,,153.0,177.0,193.0,208.0,233.0,254.0,269.0,281.0,292.0,295.0,302.0,306.0,313.0,318.0,326.0,328.0,331.0,333.0,333.0,333.0,334.0,334.0,335.0,335.0,335.0,336.0,337.0,337.0,337.0,337.0,337.0,338.0,338.0,338.0,339.0,342.0,342.0,342.0,342.0,344.0,344.0,346.0,350.0,353.0,,,,,,,,,,,,,,,,,,,
19,Hebei,China,Western Pacific Region,,,,,,,,,,,,96.0,104.0,113.0,126.0,135.0,157.0,171.0,195.0,206.0,218.0,239.0,251.0,265.0,283.0,291.0,300.0,301.0,302.0,306.0,307.0,308.0,309.0,311.0,311.0,311.0,312.0,317.0,318.0,318.0,318.0,318.0,318.0,318.0,318.0,318.0,318.0,318.0,318.0,318.0,318.0,318.0,318.0,318.0,318.0,,,,,,,,,,,,,,,,,,,
20,Fujian,China,Western Pacific Region,,,,,,,,,,,,144.0,159.0,179.0,194.0,205.0,215.0,224.0,239.0,250.0,261.0,267.0,272.0,279.0,281.0,285.0,287.0,290.0,292.0,293.0,293.0,293.0,293.0,293.0,293.0,294.0,294.0,296.0,296.0,296.0,296.0,296.0,296.0,296.0,296.0,296.0,296.0,296.0,296.0,296.0,296.0,296.0,296.0,296.0,296.0,,,,,,,,,,,,,,,,,,,
21,Guangxi,China,Western Pacific Region,,,,,,,,,,,,100.0,111.0,127.0,139.0,150.0,168.0,172.0,183.0,195.0,210.0,215.0,222.0,222.0,226.0,235.0,237.0,238.0,242.0,244.0,245.0,246.0,249.0,249.0,251.0,252.0,252.0,252.0,252.0,252.0,252.0,252.0,252.0,252.0,252.0,252.0,252.0,252.0,252.0,252.0,252.0,252.0,252.0,252.0,252.0,,,,,,,,,,,,,,,,,,,
22,Shaanxi,China,Western Pacific Region,,,,,,,,,,,,101.0,116.0,128.0,142.0,165.0,173.0,184.0,195.0,208.0,213.0,219.0,225.0,229.0,230.0,232.0,236.0,240.0,240.0,242.0,245.0,245.0,245.0,245.0,245.0,245.0,245.0,245.0,245.0,245.0,245.0,245.0,245.0,245.0,245.0,245.0,245.0,245.0,245.0,245.0,245.0,245.0,245.0,245.0,245.0,,,,,,,,,,,,,,,,,,,
23,Yunnan,China,Western Pacific Region,,1.0,1.0,1.0,,,,,,,,91.0,99.0,109.0,117.0,122.0,128.0,135.0,138.0,140.0,141.0,149.0,154.0,155.0,162.0,168.0,169.0,171.0,172.0,172.0,172.0,174.0,174.0,174.0,174.0,174.0,174.0,174.0,174.0,174.0,174.0,174.0,174.0,174.0,174.0,174.0,174.0,174.0,174.0,174.0,174.0,174.0,174.0,174.0,174.0,,,,,,,,,,,,,,,,,,,
24,Hainan,China,Western Pacific Region,,,,,,,,,,,,57.0,63.0,70.0,79.0,89.0,100.0,111.0,123.0,128.0,136.0,142.0,145.0,157.0,157.0,162.0,162.0,162.0,163.0,163.0,168.0,168.0,168.0,168.0,168.0,168.0,168.0,168.0,168.0,168.0,168.0,168.0,168.0,168.0,168.0,168.0,168.0,168.0,168.0,168.0,168.0,168.0,168.0,168.0,168.0,,,,,,,,,,,,,,,,,,,
25,Guizhou,China,Western Pacific Region,,,,,,,,,,,,29.0,38.0,46.0,56.0,64.0,69.0,77.0,89.0,96.0,109.0,118.0,131.0,135.0,140.0,143.0,144.0,146.0,146.0,146.0,146.0,146.0,146.0,146.0,146.0,146.0,146.0,146.0,146.0,146.0,146.0,146.0,146.0,146.0,146.0,146.0,146.0,146.0,146.0,146.0,146.0,146.0,146.0,146.0,146.0,,,,,,,,,,,,,,,,,,,
26,Tianjin,China,Western Pacific Region,,2.0,2.0,2.0,,,,,,,,34.0,40.0,49.0,63.0,67.0,70.0,94.0,81.0,88.0,91.0,96.0,106.0,112.0,119.0,120.0,122.0,124.0,125.0,128.0,130.0,131.0,133.0,135.0,135.0,135.0,135.0,135.0,136.0,136.0,136.0,136.0,136.0,136.0,136.0,136.0,136.0,136.0,136.0,136.0,136.0,136.0,136.0,136.0,136.0,,,,,,,,,,,,,,,,,,,
27,Shanxi,China,Western Pacific Region,,,,,,,,,,,,47.0,56.0,66.0,74.0,81.0,90.0,96.0,104.0,115.0,119.0,122.0,124.0,126.0,126.0,127.0,128.0,129.0,130.0,131.0,131.0,132.0,132.0,132.0,132.0,133.0,133.0,133.0,133.0,133.0,133.0,133.0,133.0,133.0,133.0,133.0,133.0,133.0,133.0,133.0,133.0,133.0,133.0,133.0,133.0,,,,,,,,,,,,,,,,,,,
28,Liaoning,China,Western Pacific Region,,,,,,,,,,,,60.0,64.0,70.0,74.0,81.0,89.0,94.0,99.0,105.0,107.0,108.0,111.0,116.0,117.0,119.0,120.0,121.0,121.0,121.0,121.0,121.0,121.0,121.0,121.0,121.0,121.0,121.0,121.0,121.0,122.0,122.0,125.0,125.0,125.0,125.0,125.0,125.0,125.0,125.0,125.0,125.0,125.0,125.0,125.0,,,,,,,,,,,,,,,,,,,
29,Hong Kong,China,Western Pacific Region,,,1.0,2.0,5.0,5.0,8.0,8.0,8.0,10.0,12.0,13.0,14.0,15.0,15.0,18.0,21.0,24.0,26.0,26.0,36.0,42.0,49.0,50.0,53.0,56.0,56.0,57.0,60.0,62.0,65.0,68.0,68.0,70.0,74.0,81.0,85.0,91.0,93.0,94.0,95.0,98.0,101.0,100.0,104.0,104.0,107.0,109.0,114.0,115.0,120.0,129.0,131.0,137.0,141.0,,,,,,,,,,,,,,,,,,,
30,Jilin,China,Western Pacific Region,,,,,,,,,,,,17.0,21.0,31.0,42.0,54.0,59.0,65.0,69.0,78.0,80.0,81.0,83.0,84.0,86.0,88.0,88.0,89.0,89.0,90.0,91.0,91.0,91.0,91.0,93.0,93.0,93.0,93.0,93.0,93.0,93.0,93.0,93.0,93.0,93.0,93.0,93.0,93.0,93.0,93.0,93.0,93.0,93.0,93.0,93.0,,,,,,,,,,,,,,,,,,,
31,Gansu,China,Western Pacific Region,,,,,,,,,,,,35.0,45.0,51.0,56.0,57.0,62.0,70.0,71.0,81.0,85.0,86.0,86.0,87.0,90.0,90.0,90.0,91.0,91.0,91.0,91.0,91.0,91.0,91.0,91.0,91.0,91.0,91.0,91.0,91.0,91.0,91.0,91.0,91.0,91.0,102.0,119.0,120.0,124.0,124.0,125.0,127.0,127.0,129.0,132.0,,,,,,,,,,,,,,,,,,,
32,Xinjiang,China,Western Pacific Region,,,,,,,,,,,,18.0,23.0,24.0,29.0,32.0,36.0,39.0,42.0,45.0,49.0,55.0,59.0,63.0,65.0,70.0,71.0,73.0,76.0,76.0,76.0,76.0,76.0,75.0,76.0,76.0,76.0,76.0,76.0,76.0,76.0,76.0,76.0,76.0,76.0,76.0,76.0,76.0,76.0,76.0,76.0,76.0,76.0,76.0,76.0,,,,,,,,,,,,,,,,,,,
33,Inner Mongolia,China,Western Pacific Region,,,,,,,,,,,,23.0,26.0,33.0,37.0,42.0,46.0,49.0,50.0,54.0,58.0,58.0,60.0,61.0,63.0,68.0,70.0,72.0,73.0,75.0,75.0,75.0,75.0,75.0,75.0,75.0,75.0,75.0,75.0,75.0,75.0,75.0,75.0,75.0,75.0,75.0,75.0,75.0,75.0,75.0,75.0,75.0,75.0,75.0,75.0,,,,,,,,,,,,,,,,,,,
34,Ningxia,China,Western Pacific Region,,,,,,,,,,,,26.0,28.0,31.0,34.0,34.0,40.0,43.0,45.0,45.0,49.0,53.0,58.0,64.0,67.0,70.0,70.0,70.0,70.0,71.0,71.0,71.0,71.0,71.0,71.0,71.0,71.0,72.0,72.0,73.0,73.0,74.0,74.0,75.0,75.0,75.0,75.0,75.0,75.0,75.0,75.0,75.0,75.0,75.0,75.0,,,,,,,,,,,,,,,,,,,
35,Taiwan,China,Western Pacific Region,,1.0,1.0,1.0,3.0,3.0,4.0,7.0,8.0,8.0,9.0,10.0,10.0,10.0,10.0,11.0,11.0,16.0,16.0,17.0,18.0,18.0,18.0,18.0,18.0,18.0,18.0,20.0,22.0,23.0,24.0,26.0,26.0,23.0,28.0,31.0,32.0,32.0,34.0,39.0,39.0,40.0,42.0,42.0,42.0,45.0,45.0,45.0,45.0,45.0,47.0,49.0,49.0,50.0,53.0,,,,,,,,,,,,,,,,,,,
36,Qinghai,China,Western Pacific Region,,,,,,,,,,,,8.0,9.0,13.0,15.0,17.0,18.0,18.0,18.0,18.0,18.0,18.0,18.0,18.0,18.0,18.0,18.0,18.0,18.0,12.0,18.0,18.0,18.0,18.0,18.0,18.0,18.0,18.0,18.0,18.0,18.0,18.0,18.0,18.0,18.0,18.0,18.0,18.0,18.0,18.0,18.0,18.0,18.0,18.0,18.0,,,,,,,,,,,,,,,,,,,
37,Macau,China,Western Pacific Region,,,1.0,2.0,2.0,2.0,5.0,7.0,7.0,7.0,7.0,7.0,7.0,8.0,8.0,10.0,10.0,10.0,10.0,10.0,10.0,10.0,10.0,10.0,10.0,10.0,10.0,10.0,10.0,10.0,10.0,10.0,10.0,10.0,10.0,10.0,10.0,10.0,10.0,10.0,10.0,10.0,10.0,10.0,10.0,10.0,10.0,10.0,10.0,10.0,10.0,10.0,10.0,10.0,10.0,,,,,,,,,,,,,,,,,,,
38,Xizang,China,Western Pacific Region,,,,,,,,,,,,1.0,1.0,1.0,1.0,1.0,1.0,1.0,1.0,1.0,1.0,1.0,1.0,1.0,1.0,1.0,1.0,1.0,1.0,1.0,1.0,1.0,1.0,1.0,1.0,1.0,1.0,1.0,1.0,1.0,1.0,1.0,1.0,1.0,1.0,1.0,1.0,1.0,1.0,1.0,1.0,1.0,1.0,1.0,1.0,,,,,,,,,,,,,,,,,,,
39,Unspecified*,China,Western Pacific Region,,,131.0,384.0,,,,,,,,,,,,,,,,,,,,,,,,,,,,,,,,,,,,,,,,,,,,,,,,,,,,,,,,,,,,,,,,,,,,,,
40,,China,Western Pacific Region,278.0,309.0,571.0,830.0,1297.0,1985.0,2741.0,4537.0,5997.0,7736.0,9720.0,11821.0,14411.0,17238.0,20471.0,24363.0,28060.0,31211.0,34598.0,37251.0,40235.0,42708.0,44730.0,46550.0,48548.0,50054.0,51174.0,70635.0,72528.0,74280.0,74675.0,75569.0,76392.0,77042.0,77262.0,77780.0,78191.0,78630.0,78961.0,79394.0,79968.0,80174.0,80304.0,80422.0,80565.0,80711.0,80813.0,80859.0,80904.0,80924.0,80955.0,80981.0,80991.0,81021.0,81048.0,81077.0,81116.0,81116.0,81174.0,81300.0,81416.0,81498.0,81601.0,81747.0,81848.0,81961.0,82078.0,82230.0,82341.0,82447.0,82545.0,82631.0,82724.0,82802.0
41,,Republic of Korea,Western Pacific Region,1.0,1.0,1.0,2.0,2.0,2.0,4.0,4.0,4.0,4.0,11.0,12.0,15.0,15.0,16.0,18.0,23.0,24.0,24.0,27.0,27.0,28.0,28.0,28.0,28.0,28.0,29.0,30.0,31.0,51.0,104.0,204.0,346.0,602.0,763.0,977.0,1261.0,1766.0,2337.0,3150.0,3736.0,4212.0,4812.0,5328.0,5766.0,6284.0,6767.0,7134.0,7382.0,7513.0,7755.0,7869.0,7979.0,8086.0,8162.0,8236.0,8320.0,8320.0,8413.0,8652.0,8799.0,8897.0,8961.0,9037.0,9137.0,9241.0,9332.0,9478.0,9583.0,9661.0,9786.0,9887.0,9976.0,10062.0
42,,Australia,Western Pacific Region,,,,,3.0,3.0,4.0,5.0,7.0,7.0,9.0,12.0,12.0,12.0,12.0,13.0,14.0,15.0,15.0,15.0,15.0,15.0,15.0,15.0,15.0,15.0,15.0,15.0,15.0,15.0,15.0,17.0,21.0,21.0,21.0,22.0,23.0,23.0,23.0,24.0,25.0,27.0,33.0,43.0,57.0,57.0,62.0,74.0,77.0,92.0,112.0,122.0,140.0,197.0,249.0,298.0,375.0,414.0,510.0,709.0,873.0,1081.0,1396.0,1709.0,2252.0,2799.0,2985.0,3635.0,3966.0,3966.0,4359.0,4707.0,4976.0,5224.0
43,,Malaysia,Western Pacific Region,,,,,,3.0,4.0,4.0,4.0,7.0,8.0,8.0,8.0,8.0,10.0,10.0,12.0,14.0,15.0,17.0,18.0,18.0,18.0,18.0,19.0,21.0,22.0,22.0,22.0,22.0,22.0,22.0,22.0,22.0,22.0,22.0,22.0,22.0,24.0,24.0,24.0,24.0,29.0,50.0,50.0,55.0,83.0,93.0,93.0,117.0,129.0,129.0,129.0,197.0,238.0,553.0,553.0,553.0,673.0,900.0,1030.0,1183.0,1306.0,1518.0,1624.0,1796.0,2031.0,2161.0,2320.0,2470.0,2626.0,2766.0,2908.0,3116.0
44,,Japan,Western Pacific Region,1.0,1.0,1.0,1.0,3.0,3.0,4.0,6.0,7.0,11.0,14.0,17.0,20.0,20.0,20.0,33.0,25.0,25.0,25.0,26.0,26.0,26.0,28.0,29.0,33.0,41.0,53.0,59.0,65.0,73.0,85.0,93.0,105.0,132.0,144.0,157.0,164.0,186.0,210.0,230.0,239.0,254.0,268.0,284.0,317.0,349.0,408.0,455.0,488.0,514.0,568.0,620.0,675.0,716.0,780.0,814.0,829.0,829.0,873.0,950.0,996.0,1046.0,1089.0,1128.0,1193.0,1291.0,1387.0,1499.0,1693.0,1866.0,1953.0,2178.0,2384.0,2617.0
45,,Philippines,Western Pacific Region,,,,,,,,,,1.0,1.0,1.0,2.0,2.0,2.0,3.0,3.0,3.0,3.0,3.0,3.0,3.0,3.0,3.0,3.0,3.0,3.0,3.0,3.0,3.0,3.0,3.0,3.0,3.0,3.0,3.0,3.0,3.0,3.0,3.0,3.0,3.0,3.0,3.0,3.0,5.0,5.0,6.0,10.0,33.0,49.0,52.0,52.0,64.0,111.0,140.0,187.0,187.0,187.0,217.0,230.0,307.0,380.0,462.0,552.0,636.0,707.0,803.0,1075.0,1418.0,1546.0,2084.0,2311.0,2633.0
46,,Singapore,Western Pacific Region,,,,1.0,3.0,3.0,4.0,7.0,7.0,10.0,13.0,16.0,18.0,18.0,18.0,24.0,28.0,30.0,33.0,40.0,43.0,45.0,47.0,50.0,58.0,67.0,72.0,75.0,77.0,81.0,84.0,85.0,86.0,89.0,89.0,90.0,91.0,93.0,96.0,98.0,102.0,106.0,108.0,110.0,110.0,117.0,130.0,138.0,150.0,160.0,166.0,178.0,187.0,200.0,212.0,243.0,243.0,266.0,313.0,345.0,385.0,432.0,455.0,507.0,558.0,631.0,683.0,732.0,802.0,844.0,879.0,926.0,1000.0,1049.0
47,,New Zealand,Western Pacific Region,,,,,,,,,,,,,,,,,,,,,,,,,,,,,,,,,,,,,,,1.0,1.0,1.0,1.0,2.0,2.0,2.0,4.0,5.0,5.0,5.0,5.0,5.0,5.0,5.0,6.0,6.0,6.0,11.0,11.0,20.0,39.0,53.0,66.0,102.0,102.0,189.0,262.0,338.0,416.0,476.0,552.0,600.0,647.0,723.0,774.0
48,,Vietnam,Western Pacific Region,,,,2.0,2.0,2.0,2.0,2.0,2.0,2.0,5.0,6.0,7.0,8.0,9.0,10.0,10.0,12.0,13.0,14.0,14.0,15.0,15.0,16.0,16.0,16.0,16.0,16.0,16.0,16.0,16.0,16.0,16.0,16.0,16.0,16.0,16.0,16.0,16.0,16.0,16.0,16.0,16.0,16.0,16.0,16.0,17.0,21.0,30.0,31.0,35.0,39.0,39.0,48.0,53.0,57.0,61.0,61.0,66.0,85.0,91.0,94.0,113.0,123.0,134.0,141.0,153.0,169.0,179.0,188.0,203.0,207.0,218.0,233.0
49,,Brunei Darussalam,Western Pacific Region,,,,,,,,,,,,,,,,,,,,,,,,,,,,,,,,,,,,,,,,,,,,,,,,,,1.0,1.0,12.0,12.0,25.0,40.0,50.0,50.0,54.0,56.0,73.0,78.0,83.0,88.0,91.0,104.0,109.0,114.0,115.0,120.0,126.0,127.0,129.0,131.0,133.0
50,,Cambodia,Western Pacific Region,,,,,,,,1.0,1.0,1.0,1.0,1.0,1.0,1.0,1.0,1.0,1.0,1.0,1.0,1.0,1.0,1.0,1.0,1.0,1.0,1.0,1.0,1.0,1.0,1.0,1.0,1.0,1.0,1.0,1.0,1.0,1.0,1.0,1.0,1.0,1.0,1.0,1.0,1.0,1.0,1.0,1.0,2.0,2.0,2.0,3.0,3.0,5.0,7.0,7.0,12.0,24.0,24.0,35.0,47.0,51.0,53.0,84.0,87.0,91.0,96.0,98.0,104.0,102.0,103.0,107.0,109.0,109.0,110.0
51,,Mongolia,Western Pacific Region,,,,,,,,,,,,,,,,,,,,,,,,,,,,,,,,,,,,,,,,,,,,,,,,,,1.0,1.0,1.0,1.0,1.0,1.0,1.0,4.0,4.0,5.0,6.0,6.0,10.0,10.0,10.0,10.0,10.0,11.0,12.0,12.0,12.0,12.0,12.0,14.0,14.0
52,,Lao People's Democratic Republic,Western Pacific Region,,,,,,,,,,,,,,,,,,,,,,,,,,,,,,,,,,,,,,,,,,,,,,,,,,,,,,,,,,,,,,,,,2.0,3.0,6.0,6.0,6.0,8.0,8.0,9.0,10.0,10.0
53,,Fiji,Western Pacific Region,,,,,,,,,,,,,,,,,,,,,,,,,,,,,,,,,,,,,,,,,,,,,,,,,,,,,,,,,,,,1.0,1.0,2.0,2.0,3.0,4.0,5.0,5.0,5.0,5.0,5.0,5.0,5.0,5.0,7.0
54,,Papua New Guinea,Western Pacific Region,,,,,,,,,,,,,,,,,,,,,,,,,,,,,,,,,,,,,,,,,,,,,,,,,,,,,,,,,,,,,1.0,1.0,1.0,1.0,1.0,1.0,1.0,1.0,1.0,1.0,1.0,1.0,1.0,1.0
55,,Guam,Territories,,,,,,,,,,,,,,,,,,,,,,,,,,,,,,,,,,,,,,,,,,,,,,,,,,,,,,,,,3.0,3.0,5.0,12.0,14.0,15.0,27.0,29.0,32.0,37.0,45.0,51.0,56.0,56.0,58.0,69.0,77.0,82.0
56,,French Polynesia,Territories,,,,,,,,,,,,,,,,,,,,,,,,,,,,,,,,,,,,,,,,,,,,,,,,,,,,1.0,1.0,1.0,3.0,3.0,3.0,3.0,3.0,11.0,11.0,15.0,17.0,18.0,25.0,25.0,30.0,30.0,34.0,35.0,36.0,37.0,37.0,37.0
57,,New Caledonia,Territories,,,,,,,,,,,,,,,,,,,,,,,,,,,,,,,,,,,,,,,,,,,,,,,,,,,,,,,,,,,,2.0,2.0,4.0,5.0,8.0,10.0,14.0,14.0,15.0,15.0,15.0,15.0,16.0,16.0,18.0
58,,Northern Mariana Islands,Territories,,,,,,,,,,,,,,,,,,,,,,,,,,,,,,,,,,,,,,,,,,,,,,,,,,,,,,,,,,,,,,,,,,,,,2.0,2.0,2.0,2.0,6.0,8.0
59,,Italy,European Region,,,,,,,,,,,2.0,2.0,2.0,2.0,2.0,2.0,2.0,3.0,3.0,3.0,3.0,3.0,3.0,3.0,3.0,3.0,3.0,3.0,3.0,3.0,3.0,3.0,9.0,76.0,124.0,229.0,322.0,400.0,650.0,888.0,1128.0,1689.0,2036.0,2502.0,3089.0,3858.0,4636.0,5883.0,7375.0,9172.0,10149.0,12462.0,15113.0,17660.0,21157.0,24747.0,27980.0,31506.0,35713.0,41035.0,47021.0,53578.0,59138.0,63927.0,69176.0,74386.0,80539.0,86498.0,92472.0,97689.0,101739.0,105792.0,110574.0,115242.0
60,,Spain,European Region,,,,,,,,,,,,1.0,1.0,1.0,1.0,1.0,1.0,1.0,1.0,1.0,2.0,2.0,2.0,2.0,2.0,2.0,2.0,2.0,2.0,2.0,2.0,2.0,2.0,2.0,2.0,2.0,2.0,12.0,25.0,32.0,45.0,45.0,114.0,151.0,198.0,257.0,374.0,430.0,589.0,1024.0,1639.0,2140.0,2965.0,4231.0,5753.0,7753.0,9191.0,11178.0,13716.0,17147.0,19980.0,24926.0,28572.0,33089.0,39673.0,47610.0,56188.0,64059.0,72248.0,78797.0,85195.0,94417.0,102136.0,110238.0
61,,Germany,European Region,,,,,,,,1.0,4.0,4.0,5.0,7.0,8.0,10.0,12.0,12.0,12.0,13.0,14.0,14.0,14.0,14.0,16.0,16.0,16.0,16.0,16.0,16.0,16.0,16.0,16.0,16.0,16.0,16.0,16.0,16.0,18.0,21.0,26.0,57.0,57.0,129.0,157.0,196.0,262.0,534.0,639.0,795.0,1112.0,1139.0,1296.0,1567.0,2369.0,3062.0,3795.0,4838.0,6012.0,7156.0,8198.0,10999.0,18323.0,21463.0,24774.0,29212.0,31554.0,36508.0,42288.0,48582.0,52547.0,57298.0,61913.0,67366.0,73522.0,79696.0
62,,France,European Region,,,,,3.0,3.0,3.0,3.0,4.0,5.0,6.0,6.0,6.0,6.0,6.0,6.0,6.0,6.0,6.0,11.0,11.0,11.0,11.0,11.0,11.0,11.0,12.0,12.0,12.0,12.0,12.0,12.0,12.0,12.0,12.0,12.0,12.0,18.0,38.0,57.0,100.0,100.0,191.0,212.0,282.0,420.0,613.0,706.0,1116.0,1402.0,1774.0,2269.0,2860.0,3640.0,4469.0,5380.0,6573.0,7652.0,9043.0,10877.0,12475.0,14296.0,15821.0,19615.0,22025.0,24920.0,28786.0,32542.0,37145.0,39642.0,43977.0,51477.0,56261.0,58327.0
63,,The United Kingdom,European Region,,,,,,,,,,,,2.0,2.0,2.0,2.0,2.0,2.0,3.0,3.0,3.0,4.0,8.0,8.0,9.0,9.0,9.0,9.0,9.0,9.0,9.0,9.0,9.0,9.0,9.0,9.0,13.0,13.0,13.0,16.0,20.0,23.0,36.0,39.0,51.0,89.0,118.0,167.0,210.0,277.0,323.0,373.0,460.0,594.0,802.0,1144.0,1395.0,1547.0,1954.0,2630.0,3277.0,3983.0,5018.0,5687.0,6654.0,8081.0,9533.0,11662.0,14547.0,17093.0,19526.0,22145.0,25154.0,29478.0,33722.0
64,,Switzerland,European Region,,,,,,,,,,,,,,,,,,,,,,,,,,,,,,,,,,,,,1.0,1.0,6.0,10.0,18.0,26.0,30.0,27.0,56.0,86.0,209.0,264.0,332.0,332.0,491.0,645.0,858.0,1125.0,1359.0,2200.0,2200.0,2650.0,3010.0,3863.0,4840.0,6077.0,6971.0,8015.0,8789.0,9714.0,10714.0,12104.0,13152.0,14274.0,15412.0,16108.0,17070.0,18844.0
65,,Netherlands,European Region,,,,,,,,,,,,,,,,,,,,,,,,,,,,,,,,,,,,,,,1.0,2.0,7.0,13.0,18.0,28.0,38.0,82.0,128.0,188.0,265.0,321.0,382.0,503.0,614.0,804.0,959.0,1135.0,1413.0,1705.0,2051.0,2460.0,2994.0,3631.0,4204.0,4749.0,5560.0,6412.0,7431.0,8603.0,9762.0,10866.0,11750.0,12595.0,13614.0,14697.0
66,,Belgium,European Region,,,,,,,,,,,,,,,,1.0,1.0,1.0,1.0,1.0,1.0,1.0,1.0,1.0,1.0,1.0,1.0,1.0,1.0,1.0,1.0,1.0,1.0,1.0,1.0,1.0,1.0,1.0,1.0,1.0,1.0,1.0,8.0,8.0,23.0,50.0,109.0,169.0,200.0,239.0,267.0,314.0,314.0,599.0,689.0,1085.0,1085.0,1486.0,1486.0,1795.0,2257.0,2815.0,3401.0,3743.0,4269.0,4937.0,6235.0,7284.0,9134.0,10836.0,11899.0,12775.0,13964.0,15348.0
67,,Austria,European Region,,,,,,,,,,,,,,,,,,,,,,,,,,,,,,,,,,,,,2.0,2.0,4.0,5.0,10.0,10.0,18.0,24.0,37.0,47.0,66.0,104.0,112.0,131.0,182.0,302.0,361.0,504.0,800.0,959.0,1132.0,1332.0,1646.0,1843.0,2649.0,3024.0,3631.0,4486.0,5282.0,5888.0,7029.0,7697.0,8291.0,8813.0,9618.0,10182.0,10711.0,11129.0
68,,Turkey,European Region,,,,,,,,,,,,,,,,,,,,,,,,,,,,,,,,,,,,,,,,,,,,,,,,,,,,1.0,1.0,5.0,5.0,5.0,47.0,47.0,191.0,191.0,670.0,947.0,1236.0,1529.0,1872.0,2433.0,3629.0,5698.0,7402.0,9271.0,10827.0,13531.0,15679.0,18135.0
69,,Portugal,European Region,,,,,,,,,,,,,,,,,,,,,,,,,,,,,,,,,,,,,,,,,,,2.0,2.0,7.0,9.0,13.0,21.0,30.0,30.0,41.0,41.0,41.0,112.0,112.0,245.0,331.0,448.0,642.0,785.0,1020.0,1280.0,1600.0,2060.0,2362.0,2995.0,3544.0,4268.0,5170.0,5962.0,6408.0,7443.0,8251.0,9034.0
70,,Israel,European Region,,,,,,,,,,,,,,,,,,,,,,,,,,,,,,,,,1.0,1.0,1.0,2.0,2.0,2.0,3.0,5.0,7.0,7.0,10.0,12.0,15.0,15.0,19.0,25.0,39.0,39.0,75.0,75.0,75.0,100.0,178.0,200.0,250.0,304.0,427.0,529.0,712.0,883.0,1071.0,1238.0,2170.0,2369.0,3035.0,3460.0,3865.0,4247.0,4831.0,5129.0,5591.0,6211.0
71,,Norway,European Region,,,,,,,,,,,,,,,,,,,,,,,,,,,,,,,,,,,,,,1.0,4.0,6.0,15.0,19.0,25.0,33.0,56.0,86.0,113.0,147.0,169.0,192.0,277.0,277.0,489.0,750.0,907.0,1077.0,1169.0,1308.0,1423.0,1552.0,1742.0,1926.0,2132.0,2371.0,2566.0,2916.0,3156.0,3581.0,3845.0,4102.0,4226.0,4447.0,4665.0,4935.0
72,,Sweden,European Region,,,,,,,,,,,,1.0,1.0,1.0,1.0,1.0,1.0,1.0,1.0,1.0,1.0,1.0,1.0,1.0,1.0,1.0,1.0,1.0,1.0,1.0,1.0,1.0,1.0,1.0,1.0,1.0,1.0,2.0,7.0,12.0,13.0,14.0,15.0,24.0,35.0,61.0,137.0,161.0,203.0,248.0,326.0,461.0,620.0,775.0,924.0,992.0,1059.0,1167.0,1279.0,1423.0,1623.0,1746.0,1906.0,2016.0,2272.0,2510.0,2806.0,3046.0,3447.0,3700.0,4028.0,4435.0,4947.0,5466.0
73,,Czechia,European Region,,,,,,,,,,,,,,,,,,,,,,,,,,,,,,,,,,,,,,,,,,3.0,3.0,5.0,5.0,12.0,12.0,26.0,32.0,38.0,61.0,94.0,116.0,150.0,214.0,298.0,383.0,434.0,522.0,694.0,904.0,995.0,1165.0,1236.0,1394.0,1654.0,2062.0,2279.0,2663.0,2829.0,3002.0,3308.0,3589.0,3858.0
74,,Ireland,European Region,,,,,,,,,,,,,,,,,,,,,,,,,,,,,,,,,,,,,,,,,1.0,1.0,1.0,2.0,2.0,14.0,18.0,19.0,21.0,24.0,34.0,43.0,70.0,90.0,129.0,169.0,223.0,292.0,292.0,557.0,683.0,785.0,906.0,1125.0,1329.0,1564.0,1819.0,2121.0,2415.0,2615.0,2910.0,3235.0,3447.0,3849.0
75,,Denmark,European Region,,,,,,,,,,,,,,,,,,,,,,,,,,,,,,,,,,,,,,1.0,1.0,2.0,3.0,4.0,5.0,8.0,10.0,18.0,23.0,31.0,36.0,90.0,262.0,615.0,674.0,801.0,827.0,898.0,960.0,977.0,1044.0,1132.0,1255.0,1326.0,1395.0,1460.0,1591.0,1724.0,1877.0,2046.0,2201.0,2395.0,2577.0,2860.0,3107.0,3386.0
76,,Luxembourg,European Region,,,,,,,,,,,,,,,,,,,,,,,,,,,,,,,,,,,,,,,,,,1.0,1.0,1.0,1.0,1.0,2.0,2.0,2.0,5.0,5.0,17.0,17.0,38.0,38.0,38.0,81.0,140.0,210.0,345.0,484.0,670.0,798.0,875.0,1099.0,1333.0,1453.0,1605.0,1831.0,1950.0,1988.0,2178.0,2319.0,2487.0
77,,Poland,European Region,,,,,,,,,,,,,,,,,,,,,,,,,,,,,,,,,,,,,,,,,,,,1.0,1.0,1.0,5.0,6.0,11.0,16.0,22.0,44.0,49.0,64.0,111.0,150.0,150.0,246.0,287.0,325.0,425.0,536.0,634.0,749.0,901.0,1051.0,1221.0,1389.0,1638.0,1862.0,2055.0,2311.0,2554.0,2946.0
78,,Russian Federation,European Region,,,,,,,,,,,,2.0,2.0,2.0,2.0,2.0,2.0,2.0,2.0,2.0,2.0,2.0,2.0,2.0,2.0,2.0,2.0,2.0,2.0,2.0,2.0,2.0,2.0,2.0,2.0,2.0,2.0,2.0,2.0,2.0,2.0,2.0,3.0,3.0,3.0,4.0,7.0,7.0,7.0,7.0,7.0,20.0,34.0,34.0,34.0,63.0,93.0,93.0,147.0,199.0,253.0,306.0,438.0,438.0,658.0,840.0,1036.0,1264.0,1534.0,1534.0,1837.0,2337.0,2777.0,3548.0
79,,Romania,European Region,,,,,,,,,,,,,,,,,,,,,,,,,,,,,,,,,,,,,,1.0,1.0,3.0,3.0,3.0,3.0,4.0,4.0,6.0,7.0,13.0,15.0,15.0,25.0,48.0,48.0,64.0,123.0,158.0,158.0,184.0,246.0,260.0,308.0,367.0,433.0,576.0,762.0,906.0,1029.0,1292.0,1452.0,1760.0,1952.0,2245.0,2460.0,2738.0
80,,Finland,European Region,,,,,,,,,,1.0,1.0,1.0,1.0,1.0,1.0,1.0,1.0,1.0,1.0,1.0,1.0,1.0,1.0,1.0,1.0,1.0,1.0,1.0,1.0,1.0,1.0,1.0,1.0,1.0,1.0,1.0,1.0,2.0,2.0,2.0,2.0,6.0,7.0,7.0,7.0,12.0,19.0,19.0,30.0,40.0,40.0,40.0,109.0,109.0,210.0,267.0,272.0,319.0,359.0,369.0,450.0,521.0,626.0,700.0,792.0,880.0,958.0,1025.0,1218.0,1218.0,1313.0,1384.0,1446.0,1518.0
81,,Greece,European Region,,,,,,,,,,,,,,,,,,,,,,,,,,,,,,,,,,,,,,1.0,3.0,3.0,3.0,7.0,7.0,7.0,9.0,32.0,32.0,66.0,73.0,73.0,89.0,98.0,98.0,98.0,228.0,331.0,331.0,387.0,418.0,418.0,495.0,530.0,624.0,695.0,743.0,821.0,892.0,966.0,1061.0,1156.0,1212.0,1314.0,1375.0,1514.0
82,,Iceland,European Region,,,,,,,,,,,,,,,,,,,,,,,,,,,,,,,,,,,,,,,,,,2.0,9.0,16.0,26.0,26.0,45.0,45.0,55.0,55.0,61.0,61.0,61.0,61.0,138.0,138.0,199.0,225.0,250.0,330.0,409.0,473.0,568.0,588.0,648.0,737.0,802.0,890.0,963.0,1020.0,1086.0,1135.0,1220.0,1319.0
83,,Slovenia,European Region,,,,,,,,,,,,,,,,,,,,,,,,,,,,,,,,,,,,,,,,,,,,,1.0,6.0,9.0,12.0,16.0,23.0,31.0,57.0,57.0,141.0,141.0,219.0,253.0,275.0,286.0,319.0,341.0,383.0,414.0,442.0,480.0,528.0,577.0,632.0,691.0,730.0,763.0,814.0,841.0,897.0
84,,Serbia,European Region,,,,,,,,,,,,,,,,,,,,,,,,,,,,,,,,,,,,,,,,,,,,,,1.0,1.0,1.0,1.0,1.0,12.0,19.0,19.0,31.0,41.0,46.0,70.0,85.0,96.0,123.0,135.0,173.0,188.0,249.0,303.0,384.0,457.0,528.0,659.0,741.0,785.0,900.0,1060.0,1171.0
85,,Croatia,European Region,,,,,,,,,,,,,,,,,,,,,,,,,,,,,,,,,,,,,2.0,3.0,3.0,5.0,7.0,7.0,9.0,9.0,9.0,10.0,11.0,11.0,11.0,12.0,16.0,16.0,16.0,27.0,37.0,49.0,56.0,65.0,81.0,81.0,126.0,206.0,235.0,306.0,382.0,418.0,495.0,586.0,657.0,713.0,790.0,867.0,963.0,1011.0
86,,Estonia,European Region,,,,,,,,,,,,,,,,,,,,,,,,,,,,,,,,,,,,,,1.0,1.0,1.0,1.0,1.0,1.0,2.0,2.0,3.0,10.0,10.0,10.0,10.0,13.0,13.0,13.0,79.0,79.0,205.0,205.0,225.0,258.0,267.0,283.0,306.0,326.0,352.0,369.0,404.0,538.0,575.0,640.0,679.0,715.0,745.0,779.0,858.0
87,,Armenia,European Region,,,,,,,,,,,,,,,,,,,,,,,,,,,,,,,,,,,,,,,,,,1.0,1.0,1.0,1.0,1.0,1.0,1.0,1.0,1.0,1.0,1.0,1.0,8.0,8.0,26.0,52.0,52.0,84.0,122.0,136.0,160.0,190.0,235.0,265.0,290.0,329.0,372.0,424.0,482.0,482.0,532.0,571.0,640.0
88,,Ukraine,European Region,,,,,,,,,,,,,,,,,,,,,,,,,,,,,,,,,,,,,,,,,,,,1.0,1.0,1.0,1.0,1.0,1.0,1.0,1.0,1.0,3.0,3.0,3.0,3.0,7.0,14.0,16.0,16.0,26.0,47.0,47.0,84.0,113.0,156.0,218.0,311.0,418.0,480.0,549.0,669.0,804.0,987.0
89,,Hungary,European Region,,,,,,,,,,,,,,,,,,,,,,,,,,,,,,,,,,,,,,,,,,,,,2.0,2.0,5.0,7.0,9.0,9.0,13.0,13.0,16.0,19.0,32.0,39.0,50.0,50.0,58.0,73.0,85.0,131.0,167.0,187.0,226.0,261.0,300.0,343.0,408.0,447.0,447.0,492.0,525.0,585.0
90,,Lithuania,European Region,,,,,,,,,,,,,,,,,,,,,,,,,,,,,,,,,,,,,,,1.0,1.0,1.0,1.0,1.0,1.0,1.0,1.0,1.0,1.0,1.0,1.0,1.0,3.0,3.0,6.0,9.0,14.0,17.0,25.0,26.0,36.0,69.0,105.0,143.0,179.0,209.0,274.0,299.0,358.0,394.0,484.0,484.0,533.0,581.0,649.0
91,,Bulgaria,European Region,,,,,,,,,,,,,,,,,,,,,,,,,,,,,,,,,,,,,,,,,,,,,,,,2.0,4.0,4.0,6.0,7.0,7.0,7.0,43.0,51.0,67.0,81.0,92.0,94.0,127.0,163.0,185.0,201.0,220.0,242.0,264.0,293.0,331.0,346.0,359.0,399.0,422.0,457.0
92,,Andorra,European Region,,,,,,,,,,,,,,,,,,,,,,,,,,,,,,,,,,,,,,,,,,,1.0,1.0,1.0,1.0,1.0,1.0,1.0,1.0,1.0,1.0,1.0,2.0,2.0,2.0,14.0,16.0,39.0,75.0,75.0,88.0,113.0,164.0,188.0,213.0,231.0,289.0,321.0,341.0,370.0,376.0,396.0,429.0
93,,Latvia,European Region,,,,,,,,,,,,,,,,,,,,,,,,,,,,,,,,,,,,,,,,,,,1.0,1.0,1.0,1.0,1.0,1.0,3.0,6.0,8.0,16.0,16.0,16.0,30.0,31.0,36.0,60.0,71.0,86.0,111.0,124.0,139.0,180.0,197.0,221.0,244.0,280.0,305.0,376.0,376.0,398.0,446.0,458.0
94,,Slovakia,European Region,,,,,,,,,,,,,,,,,,,,,,,,,,,,,,,,,,,,,,,,,,,,,,,1.0,3.0,5.0,7.0,7.0,10.0,21.0,30.0,44.0,61.0,72.0,97.0,105.0,123.0,137.0,178.0,185.0,191.0,204.0,216.0,226.0,295.0,295.0,336.0,336.0,363.0,400.0,426.0
95,,Bosnia and Herzegovina,European Region,,,,,,,,,,,,,,,,,,,,,,,,,,,,,,,,,,,,,,,,,,,,,1.0,2.0,2.0,2.0,2.0,2.0,4.0,4.0,4.0,11.0,18.0,18.0,19.0,19.0,36.0,44.0,44.0,92.0,125.0,131.0,164.0,173.0,213.0,233.0,269.0,325.0,359.0,413.0,464.0,521.0
96,,Kazakhstan,European Region,,,,,,,,,,,,,,,,,,,,,,,,,,,,,,,,,,,,,,,,,,,,,,,,,,,,,,,6.0,6.0,6.0,33.0,36.0,46.0,53.0,56.0,60.0,63.0,79.0,97.0,125.0,204.0,265.0,294.0,312.0,348.0,386.0,435.0
97,,North Macedonia,European Region,,,,,,,,,,,,,,,,,,,,,,,,,,,,,,,,,,,,,,1.0,1.0,1.0,1.0,1.0,1.0,1.0,1.0,1.0,3.0,3.0,3.0,7.0,7.0,7.0,7.0,9.0,13.0,13.0,19.0,31.0,36.0,48.0,70.0,85.0,114.0,136.0,148.0,177.0,201.0,219.0,241.0,259.0,285.0,329.0,354.0,384.0
98,,Republic of Moldova,European Region,,,,,,,,,,,,,,,,,,,,,,,,,,,,,,,,,,,,,,,,,,,,,,,,1.0,1.0,1.0,3.0,4.0,4.0,8.0,12.0,23.0,29.0,30.0,36.0,49.0,66.0,80.0,94.0,109.0,125.0,149.0,177.0,199.0,231.0,263.0,298.0,353.0,423.0,591.0
99,,San Marino,European Region,,,,,,,,,,,,,,,,,,,,,,,,,,,,,,,,,,,,,,,,1.0,1.0,1.0,8.0,8.0,16.0,21.0,24.0,27.0,37.0,49.0,63.0,63.0,63.0,66.0,92.0,92.0,102.0,104.0,109.0,126.0,151.0,151.0,151.0,187.0,187.0,208.0,218.0,228.0,228.0,229.0,230.0,236.0,236.0,245.0
100,,Albania,European Region,,,,,,,,,,,,,,,,,,,,,,,,,,,,,,,,,,,,,,,,,,,,,,,,,2.0,2.0,10.0,10.0,23.0,33.0,38.0,42.0,51.0,55.0,59.0,70.0,70.0,76.0,89.0,123.0,146.0,174.0,186.0,197.0,212.0,223.0,223.0,243.0,277.0,277.0
101,,Cyprus,European Region,,,,,,,,,,,,,,,,,,,,,,,,,,,,,,,,,,,,,,,,,,,,,,,,,,2.0,2.0,6.0,6.0,14.0,21.0,33.0,33.0,33.0,58.0,58.0,67.0,84.0,95.0,116.0,124.0,132.0,146.0,162.0,179.0,214.0,230.0,262.0,320.0,356.0
102,,Azerbaijan,European Region,,,,,,,,,,,,,,,,,,,,,,,,,,,,,,,,,,,,,,,,,3.0,3.0,3.0,3.0,3.0,3.0,9.0,9.0,9.0,9.0,9.0,9.0,11.0,11.0,19.0,19.0,19.0,21.0,34.0,34.0,44.0,53.0,65.0,72.0,87.0,93.0,122.0,147.0,164.0,190.0,273.0,298.0,359.0,400.0
103,,Malta,European Region,,,,,,,,,,,,,,,,,,,,,,,,,,,,,,,,,,,,,,,,,,,,,,,,3.0,3.0,4.0,4.0,6.0,9.0,12.0,12.0,21.0,30.0,38.0,48.0,53.0,64.0,73.0,90.0,107.0,120.0,129.0,134.0,139.0,139.0,151.0,156.0,167.0,188.0,195.0
104,,Uzbekistan,European Region,,,,,,,,,,,,,,,,,,,,,,,,,,,,,,,,,,,,,,,,,,,,,,,,,,,,,,,,4.0,4.0,16.0,16.0,21.0,33.0,33.0,46.0,46.0,50.0,65.0,83.0,104.0,133.0,145.0,149.0,173.0,190.0,221.0
105,,Belarus,European Region,,,,,,,,,,,,,,,,,,,,,,,,,,,,,,,,,,,,,,,1.0,1.0,1.0,1.0,1.0,1.0,6.0,6.0,6.0,6.0,6.0,6.0,9.0,12.0,12.0,21.0,21.0,36.0,36.0,36.0,46.0,46.0,57.0,76.0,76.0,81.0,81.0,86.0,86.0,94.0,94.0,152.0,152.0,152.0,192.0,254.0
106,,Georgia,European Region,,,,,,,,,,,,,,,,,,,,,,,,,,,,,,,,,,,,,,1.0,1.0,2.0,3.0,3.0,3.0,3.0,3.0,9.0,9.0,12.0,13.0,15.0,23.0,23.0,25.0,25.0,30.0,33.0,33.0,34.0,38.0,38.0,43.0,49.0,54.0,67.0,73.0,77.0,81.0,85.0,90.0,98.0,103.0,115.0,121.0,148.0
107,,Kyrgyzstan,European Region,,,,,,,,,,,,,,,,,,,,,,,,,,,,,,,,,,,,,,,,,,,,,,,,,,,,,,,,,,,3.0,3.0,6.0,14.0,14.0,16.0,42.0,44.0,58.0,58.0,84.0,84.0,107.0,111.0,115.0,130.0
108,,Montenegro,European Region,,,,,,,,,,,,,,,,,,,,,,,,,,,,,,,,,,,,,,,,,,,,,,,,,,,,,,,,,,2.0,2.0,10.0,14.0,14.0,21.0,22.0,29.0,52.0,67.0,70.0,82.0,85.0,91.0,105.0,120.0,140.0
109,,Liechtenstein,European Region,,,,,,,,,,,,,,,,,,,,,,,,,,,,,,,,,,,,,,,,,,,,,,,,1.0,1.0,1.0,1.0,1.0,4.0,4.0,4.0,7.0,7.0,7.0,25.0,25.0,34.0,36.0,46.0,46.0,47.0,51.0,56.0,60.0,61.0,62.0,64.0,68.0,72.0,75.0
110,,Monaco,European Region,,,,,,,,,,,,,,,,,,,,,,,,,,,,,,,,,,,,,,,,,1.0,1.0,1.0,1.0,1.0,1.0,1.0,1.0,1.0,1.0,1.0,1.0,1.0,2.0,2.0,9.0,9.0,9.0,9.0,9.0,12.0,18.0,23.0,23.0,23.0,23.0,19.0,19.0,19.0,46.0,49.0,52.0,37.0,37.0
111,,Holy See,European Region,,,,,,,,,,,,,,,,,,,,,,,,,,,,,,,,,,,,,,,,,,,,,,,1.0,1.0,1.0,1.0,1.0,1.0,1.0,1.0,1.0,1.0,1.0,1.0,1.0,1.0,1.0,1.0,1.0,1.0,1.0,4.0,4.0,4.0,4.0,6.0,6.0,6.0,6.0,7.0
112,,Faroe Islands,Territories,,,,,,,,,,,,,,,,,,,,,,,,,,,,,,,,,,,,,,,,,,,,,,,,1.0,2.0,2.0,2.0,2.0,2.0,3.0,9.0,11.0,47.0,47.0,58.0,72.0,80.0,92.0,115.0,118.0,122.0,132.0,140.0,144.0,155.0,159.0,168.0,169.0,173.0,177.0
113,,Kosovo,Territories,,,,,,,,,,,,,,,,,,,,,,,,,,,,,,,,,,,,,,,,,,,,,,,,,,,,,,,,,,,,,,,,,,,,,91.0,94.0,106.0,112.0,125.0,126.0
114,,Jersey,Territories,,,,,,,,,,,,,,,,,,,,,,,,,,,,,,,,,,,,,,,,,,,,,,,,,,,,,2.0,2.0,2.0,2.0,2.0,5.0,5.0,5.0,12.0,12.0,15.0,16.0,16.0,18.0,32.0,52.0,61.0,63.0,63.0,63.0,81.0,81.0
115,,Gibraltar,Territories,,,,,,,,,,,,,,,,,,,,,,,,,,,,,,,,,,,,,,,,,,,,,1.0,1.0,1.0,1.0,1.0,1.0,1.0,1.0,1.0,1.0,1.0,1.0,3.0,3.0,8.0,10.0,10.0,10.0,15.0,15.0,15.0,26.0,35.0,55.0,56.0,65.0,69.0,69.0,69.0,81.0
116,,Guernsey,Territories,,,,,,,,,,,,,,,,,,,,,,,,,,,,,,,,,,,,,,,,,,,,,,,,,,1.0,1.0,1.0,1.0,1.0,1.0,1.0,1.0,1.0,1.0,1.0,1.0,1.0,17.0,20.0,23.0,30.0,34.0,36.0,39.0,39.0,45.0,60.0,78.0,91.0
117,,Isle of Man,Territories,,,,,,,,,,,,,,,,,,,,,,,,,,,,,,,,,,,,,,,,,,,,,,,,,,,,,,,,,,,,,1.0,2.0,2.0,13.0,23.0,23.0,26.0,29.0,32.0,42.0,42.0,52.0,65.0,71.0
118,,Greenland,Territories,,,,,,,,,,,,,,,,,,,,,,,,,,,,,,,,,,,,,,,,,,,,,,,,,,,,,,,,,,,2.0,2.0,2.0,2.0,2.0,4.0,4.0,5.0,6.0,9.0,10.0,10.0,10.0,10.0,10.0,10.0
119,,Thailand,South-East Asia Region,2.0,2.0,2.0,4.0,4.0,5.0,5.0,14.0,14.0,14.0,14.0,19.0,19.0,19.0,19.0,25.0,25.0,25.0,32.0,32.0,32.0,33.0,33.0,33.0,33.0,34.0,34.0,35.0,35.0,35.0,35.0,35.0,35.0,35.0,35.0,37.0,40.0,40.0,40.0,42.0,42.0,42.0,43.0,43.0,47.0,47.0,48.0,50.0,50.0,53.0,59.0,70.0,75.0,75.0,75.0,114.0,147.0,177.0,212.0,322.0,322.0,411.0,721.0,827.0,934.0,934.0,1136.0,1136.0,1388.0,1524.0,1524.0,1771.0,1771.0,1875.0
120,,Indonesia,South-East Asia Region,,,,,,,,,,,,,,,,,,,,,,,,,,,,,,,,,,,,,,,,,,2.0,2.0,2.0,2.0,2.0,2.0,4.0,6.0,19.0,27.0,34.0,34.0,69.0,117.0,117.0,172.0,172.0,227.0,309.0,369.0,450.0,514.0,579.0,686.0,790.0,893.0,1046.0,1155.0,1285.0,1414.0,1528.0,1677.0,1790.0
121,,India,South-East Asia Region,,,,,,,,,,1.0,1.0,1.0,2.0,3.0,3.0,3.0,3.0,3.0,3.0,3.0,3.0,3.0,3.0,3.0,3.0,3.0,3.0,3.0,3.0,3.0,3.0,3.0,3.0,3.0,3.0,3.0,3.0,3.0,3.0,3.0,3.0,3.0,5.0,6.0,29.0,30.0,31.0,34.0,43.0,44.0,60.0,73.0,74.0,82.0,107.0,114.0,137.0,137.0,151.0,195.0,195.0,283.0,415.0,434.0,562.0,649.0,724.0,724.0,979.0,1071.0,1071.0,1636.0,1636.0,1965.0
122,,Sri Lanka,South-East Asia Region,,,,,,,,1.0,1.0,1.0,1.0,1.0,1.0,1.0,1.0,1.0,1.0,1.0,1.0,1.0,1.0,1.0,1.0,1.0,1.0,1.0,1.0,1.0,1.0,1.0,1.0,1.0,1.0,1.0,1.0,1.0,1.0,1.0,1.0,1.0,1.0,1.0,1.0,1.0,1.0,1.0,1.0,1.0,1.0,1.0,1.0,2.0,3.0,6.0,11.0,19.0,29.0,29.0,42.0,59.0,59.0,72.0,82.0,97.0,102.0,102.0,106.0,106.0,106.0,120.0,120.0,143.0,143.0,148.0
123,,Bangladesh,South-East Asia Region,,,,,,,,,,,,,,,,,,,,,,,,,,,,,,,,,,,,,,,,,,,,,,,,,3.0,3.0,3.0,3.0,3.0,3.0,3.0,5.0,8.0,8.0,10.0,17.0,17.0,24.0,27.0,33.0,39.0,39.0,48.0,48.0,48.0,49.0,49.0,54.0,54.0,56.0
124,,Maldives,South-East Asia Region,,,,,,,,,,,,,,,,,,,,,,,,,,,,,,,,,,,,,,,,,,,,,,,,2.0,4.0,4.0,8.0,8.0,8.0,9.0,10.0,13.0,13.0,13.0,13.0,13.0,13.0,13.0,13.0,13.0,13.0,13.0,13.0,13.0,16.0,17.0,17.0,18.0,18.0,19.0
125,,Myanmar,South-East Asia Region,,,,,,,,,,,,,,,,,,,,,,,,,,,,,,,,,,,,,,,,,,,,,,,,,,,,,,,,,,,,,,,,2.0,3.0,3.0,5.0,5.0,8.0,8.0,10.0,15.0,15.0,16.0
126,,Nepal,South-East Asia Region,,,,,1.0,1.0,1.0,1.0,1.0,1.0,1.0,1.0,1.0,1.0,1.0,1.0,1.0,1.0,1.0,1.0,1.0,1.0,1.0,1.0,1.0,1.0,1.0,1.0,1.0,1.0,1.0,1.0,1.0,1.0,1.0,1.0,1.0,1.0,1.0,1.0,1.0,1.0,1.0,1.0,1.0,1.0,1.0,1.0,1.0,1.0,1.0,1.0,1.0,1.0,1.0,1.0,1.0,1.0,1.0,1.0,1.0,1.0,1.0,2.0,2.0,3.0,3.0,3.0,5.0,5.0,5.0,5.0,5.0,6.0
127,,Bhutan,South-East Asia Region,,,,,,,,,,,,,,,,,,,,,,,,,,,,,,,,,,,,,,,,,,,,,,1.0,1.0,1.0,1.0,1.0,1.0,1.0,1.0,1.0,1.0,1.0,1.0,1.0,1.0,2.0,2.0,2.0,2.0,2.0,2.0,2.0,3.0,3.0,3.0,4.0,4.0,4.0,4.0,5.0
128,,Timor-Leste,South-East Asia Region,,,,,,,,,,,,,,,,,,,,,,,,,,,,,,,,,,,,,,,,,,,,,,,,,,,,,,,,,,,,,1.0,1.0,1.0,1.0,1.0,1.0,1.0,1.0,1.0,1.0,1.0,1.0,1.0,1.0
129,,Iran,Eastern Mediterranean Region,,,,,,,,,,,,,,,,,,,,,,,,,,,,,,,2.0,5.0,18.0,28.0,43.0,61.0,95.0,141.0,245.0,388.0,593.0,978.0,1501.0,2336.0,2922.0,3513.0,4747.0,5823.0,6566.0,7161.0,8042.0,9000.0,10075.0,11364.0,12729.0,14991.0,14991.0,16169.0,17361.0,18407.0,19644.0,20610.0,21638.0,23049.0,24811.0,27017.0,29406.0,32332.0,35408.0,38309.0,41495.0,44606.0,47593.0,50468.0
130,,Pakistan,Eastern Mediterranean Region,,,,,,,,,,,,,,,,,,,,,,,,,,,,,,,,,,,,,,2.0,2.0,2.0,4.0,4.0,5.0,5.0,5.0,5.0,5.0,5.0,6.0,16.0,16.0,19.0,20.0,21.0,28.0,52.0,187.0,187.0,241.0,302.0,461.0,495.0,784.0,887.0,991.0,1057.0,1057.0,1235.0,1526.0,1625.0,1865.0,2039.0,2291.0,2450.0
131,,Saudi Arabia,Eastern Mediterranean Region,,,,,,,,,,,,,,,,,,,,,,,,,,,,,,,,,,,,,,,,,,,1.0,1.0,1.0,8.0,8.0,7.0,15.0,15.0,20.0,21.0,21.0,62.0,103.0,103.0,133.0,171.0,238.0,238.0,274.0,392.0,511.0,562.0,767.0,900.0,1012.0,1104.0,1203.0,1299.0,1453.0,1563.0,1720.0,1885.0
132,,Qatar,Eastern Mediterranean Region,,,,,,,,,,,,,,,,,,,,,,,,,,,,,,,,,,,,,,,,,1.0,3.0,7.0,8.0,8.0,8.0,11.0,12.0,15.0,18.0,24.0,262.0,262.0,262.0,337.0,401.0,439.0,442.0,442.0,452.0,460.0,470.0,494.0,501.0,526.0,537.0,549.0,562.0,590.0,634.0,693.0,781.0,835.0,949.0
133,,Egypt,Eastern Mediterranean Region,,,,,,,,,,,,,,,,,,,,,,,,,,1.0,1.0,1.0,1.0,1.0,1.0,1.0,1.0,1.0,1.0,1.0,1.0,1.0,1.0,1.0,1.0,2.0,2.0,2.0,2.0,3.0,3.0,48.0,55.0,59.0,59.0,67.0,67.0,93.0,93.0,126.0,166.0,166.0,196.0,210.0,256.0,285.0,327.0,366.0,402.0,456.0,495.0,536.0,576.0,609.0,656.0,710.0,779.0,865.0
134,,Iraq,Eastern Mediterranean Region,,,,,,,,,,,,,,,,,,,,,,,,,,,,,,,,,,,,1.0,5.0,6.0,7.0,8.0,13.0,19.0,26.0,31.0,36.0,36.0,44.0,54.0,60.0,61.0,61.0,70.0,70.0,93.0,93.0,124.0,124.0,154.0,164.0,177.0,193.0,214.0,233.0,266.0,316.0,346.0,382.0,458.0,506.0,547.0,630.0,694.0,728.0,772.0
135,,Bahrain,Eastern Mediterranean Region,,,,,,,,,,,,,,,,,,,,,,,,,,,,,,,,,,,,8.0,26.0,33.0,33.0,38.0,40.0,47.0,49.0,49.0,49.0,49.0,49.0,56.0,79.0,109.0,110.0,189.0,195.0,210.0,211.0,221.0,229.0,237.0,256.0,269.0,285.0,306.0,337.0,377.0,392.0,419.0,458.0,473.0,476.0,515.0,515.0,567.0,569.0,643.0
136,,United Arab Emirates,Eastern Mediterranean Region,,,,,,,,,4.0,4.0,4.0,4.0,5.0,5.0,5.0,5.0,5.0,5.0,7.0,7.0,7.0,8.0,8.0,8.0,8.0,8.0,8.0,9.0,9.0,9.0,9.0,9.0,11.0,13.0,13.0,13.0,13.0,13.0,19.0,19.0,19.0,21.0,21.0,27.0,27.0,27.0,45.0,45.0,45.0,59.0,74.0,74.0,85.0,85.0,85.0,98.0,98.0,98.0,113.0,140.0,140.0,153.0,153.0,198.0,248.0,333.0,333.0,405.0,468.0,570.0,611.0,664.0,814.0,1024.0
137,,Morocco,Eastern Mediterranean Region,,,,,,,,,,,,,,,,,,,,,,,,,,,,,,,,,,,,,,,,,,,1.0,1.0,2.0,2.0,2.0,2.0,2.0,2.0,3.0,5.0,6.0,7.0,18.0,28.0,38.0,38.0,49.0,61.0,74.0,86.0,115.0,143.0,170.0,225.0,275.0,358.0,437.0,516.0,574.0,638.0,676.0,735.0
138,,Lebanon,Eastern Mediterranean Region,,,,,,,,,,,,,,,,,,,,,,,,,,,,,,,,,1.0,1.0,1.0,1.0,1.0,2.0,2.0,2.0,2.0,10.0,13.0,13.0,13.0,16.0,22.0,28.0,32.0,41.0,41.0,66.0,66.0,77.0,93.0,99.0,109.0,120.0,133.0,149.0,163.0,206.0,248.0,267.0,304.0,333.0,368.0,391.0,412.0,438.0,446.0,463.0,479.0,508.0
139,,Tunisia,Eastern Mediterranean Region,,,,,,,,,,,,,,,,,,,,,,,,,,,,,,,,,,,,,,,,,,,1.0,1.0,1.0,1.0,1.0,1.0,2.0,2.0,6.0,6.0,7.0,16.0,16.0,18.0,20.0,24.0,29.0,39.0,54.0,60.0,75.0,89.0,114.0,173.0,197.0,227.0,278.0,312.0,362.0,394.0,423.0,455.0
140,,Jordan,Eastern Mediterranean Region,,,,,,,,,,,,,,,,,,,,,,,,,,,,,,,,,,,,,,,,,,,1.0,1.0,1.0,1.0,1.0,1.0,1.0,1.0,1.0,1.0,1.0,1.0,1.0,6.0,35.0,35.0,52.0,56.0,69.0,84.0,112.0,127.0,153.0,172.0,212.0,235.0,246.0,259.0,268.0,274.0,278.0,299.0
141,,Kuwait,Eastern Mediterranean Region,,,,,,,,,,,,,,,,,,,,,,,,,,,,,,,,,,,3.0,8.0,12.0,43.0,43.0,45.0,45.0,56.0,56.0,56.0,58.0,58.0,58.0,62.0,64.0,65.0,69.0,80.0,80.0,100.0,112.0,112.0,130.0,130.0,142.0,148.0,159.0,176.0,189.0,191.0,195.0,208.0,208.0,235.0,235.0,255.0,266.0,289.0,317.0,417.0
142,,Oman,Eastern Mediterranean Region,,,,,,,,,,,,,,,,,,,,,,,,,,,,,,,,,,,,2.0,4.0,4.0,6.0,6.0,6.0,6.0,6.0,12.0,15.0,16.0,16.0,16.0,16.0,18.0,18.0,18.0,18.0,19.0,20.0,22.0,24.0,24.0,33.0,39.0,48.0,52.0,55.0,84.0,99.0,99.0,109.0,152.0,167.0,167.0,179.0,210.0,231.0,252.0
143,,Afghanistan,Eastern Mediterranean Region,,,,,,,,,,,,,,,,,,,,,,,,,,,,,,,,,,,,1.0,1.0,1.0,1.0,1.0,1.0,1.0,1.0,1.0,1.0,1.0,1.0,4.0,4.0,4.0,4.0,7.0,7.0,7.0,10.0,16.0,21.0,22.0,22.0,22.0,24.0,24.0,40.0,42.0,74.0,80.0,80.0,106.0,114.0,114.0,166.0,192.0,235.0,269.0
144,,Djibouti,Eastern Mediterranean Region,,,,,,,,,,,,,,,,,,,,,,,,,,,,,,,,,,,,,,,,,,,,,,,,,,,,,,,,,,,1.0,1.0,1.0,1.0,1.0,3.0,3.0,12.0,12.0,13.0,15.0,19.0,26.0,31.0,34.0,41.0
145,,Sudan,Eastern Mediterranean Region,,,,,,,,,,,,,,,,,,,,,,,,,,,,,,,,,,,,,,,,,,,,,,,,,,,,,,1.0,1.0,1.0,1.0,1.0,1.0,1.0,1.0,2.0,2.0,2.0,3.0,3.0,3.0,3.0,5.0,6.0,6.0,7.0,7.0,8.0
146,,Syrian Arab Republic,Eastern Mediterranean Region,,,,,,,,,,,,,,,,,,,,,,,,,,,,,,,,,,,,,,,,,,,,,,,,,,,,,,,,,,,,,,,1.0,1.0,1.0,5.0,5.0,5.0,5.0,9.0,10.0,10.0,10.0,16.0
147,,Libya,Eastern Mediterranean Region,,,,,,,,,,,,,,,,,,,,,,,,,,,,,,,,,,,,,,,,,,,,,,,,,,,,,,,,,,,,,,,,,1.0,1.0,1.0,1.0,3.0,8.0,8.0,10.0,10.0,10.0
148,,Somalia,Eastern Mediterranean Region,,,,,,,,,,,,,,,,,,,,,,,,,,,,,,,,,,,,,,,,,,,,,,,,,,,,,,,,,1.0,1.0,1.0,1.0,1.0,1.0,1.0,1.0,1.0,2.0,3.0,3.0,3.0,3.0,3.0,5.0,5.0,5.0
149,,occupied Palestinian territory,Territories,,,,,,,,,,,,,,,,,,,,,,,,,,,,,,,,,,,,,,,,,,,,,4.0,7.0,16.0,16.0,19.0,26.0,30.0,30.0,31.0,35.0,38.0,38.0,39.0,41.0,44.0,47.0,48.0,52.0,59.0,59.0,60.0,64.0,84.0,97.0,104.0,115.0,117.0,134.0,134.0,165.0
150,,United States of America,Region of the Americas,,,1.0,1.0,2.0,2.0,5.0,5.0,5.0,5.0,6.0,7.0,8.0,11.0,11.0,11.0,12.0,12.0,12.0,12.0,12.0,13.0,13.0,14.0,15.0,15.0,15.0,15.0,15.0,15.0,15.0,15.0,35.0,35.0,35.0,53.0,53.0,59.0,59.0,62.0,62.0,62.0,64.0,108.0,129.0,148.0,213.0,213.0,213.0,472.0,696.0,987.0,1264.0,1678.0,1678.0,1678.0,3503.0,3536.0,7087.0,10442.0,15219.0,15219.0,31573.0,42164.0,51914.0,63570.0,68334.0,85228.0,103321.0,122653.0,140640.0,163199.0,187320.0,213600.0
151,,Canada,Region of the Americas,,,,,,,1.0,2.0,3.0,3.0,3.0,4.0,4.0,4.0,4.0,5.0,5.0,7.0,7.0,7.0,7.0,7.0,7.0,7.0,7.0,7.0,7.0,7.0,8.0,8.0,8.0,8.0,8.0,9.0,9.0,10.0,10.0,11.0,11.0,14.0,19.0,19.0,27.0,30.0,30.0,45.0,51.0,57.0,62.0,77.0,93.0,93.0,138.0,176.0,244.0,304.0,424.0,424.0,569.0,736.0,846.0,1048.0,1384.0,1432.0,1739.0,3409.0,3555.0,4018.0,4757.0,5655.0,6317.0,7695.0,9005.0,10114.0
152,,Brazil,Region of the Americas,,,,,,,,,,,,,,,,,,,,,,,,,,,,,,,,,,,,,,1.0,1.0,1.0,2.0,2.0,2.0,2.0,3.0,7.0,13.0,19.0,25.0,25.0,34.0,52.0,77.0,98.0,121.0,200.0,234.0,234.0,291.0,428.0,621.0,904.0,904.0,1546.0,2201.0,2433.0,2433.0,2915.0,3417.0,3904.0,4256.0,4579.0,5717.0,6836.0
153,,Chile,Region of the Americas,,,,,,,,,,,,,,,,,,,,,,,,,,,,,,,,,,,,,,,,,,,,1.0,1.0,1.0,5.0,5.0,10.0,13.0,17.0,23.0,33.0,43.0,61.0,75.0,156.0,156.0,238.0,342.0,434.0,434.0,632.0,746.0,922.0,1142.0,1306.0,1610.0,1909.0,1909.0,2449.0,2738.0,3031.0,3404.0
154,,Ecuador,Region of the Americas,,,,,,,,,,,,,,,,,,,,,,,,,,,,,,,,,,,,,,,,,1.0,1.0,6.0,7.0,7.0,13.0,14.0,14.0,15.0,15.0,15.0,17.0,17.0,23.0,23.0,37.0,58.0,58.0,155.0,199.0,367.0,506.0,532.0,790.0,1049.0,1211.0,1211.0,1595.0,1823.0,1835.0,1962.0,2240.0,2372.0,3163.0
155,,Panama,Region of the Americas,,,,,,,,,,,,,,,,,,,,,,,,,,,,,,,,,,,,,,,,,,,,,,,,,,1.0,8.0,10.0,14.0,27.0,27.0,43.0,69.0,69.0,86.0,109.0,137.0,137.0,245.0,345.0,345.0,558.0,558.0,674.0,786.0,901.0,989.0,989.0,1181.0,1317.0
156,,Mexico,Region of the Americas,,,,,,,,,,,,,,,,,,,,,,,,,,,,,,,,,,,,,,,,2.0,2.0,5.0,5.0,5.0,5.0,5.0,5.0,7.0,7.0,7.0,7.0,11.0,12.0,26.0,41.0,53.0,53.0,82.0,93.0,118.0,164.0,164.0,251.0,370.0,370.0,478.0,478.0,589.0,717.0,848.0,993.0,1094.0,1215.0,1378.0
157,,Argentina,Region of the Americas,,,,,,,,,,,,,,,,,,,,,,,,,,,,,,,,,,,,,,,,,,,,1.0,1.0,1.0,2.0,9.0,12.0,12.0,17.0,19.0,31.0,34.0,45.0,56.0,65.0,65.0,79.0,97.0,128.0,158.0,225.0,266.0,301.0,387.0,502.0,589.0,690.0,745.0,820.0,966.0,1054.0,1133.0
158,,Peru,Region of the Americas,,,,,,,,,,,,,,,,,,,,,,,,,,,,,,,,,,,,,,,,,,,,,,,1.0,6.0,6.0,9.0,11.0,17.0,22.0,28.0,43.0,71.0,86.0,86.0,145.0,234.0,234.0,318.0,318.0,395.0,416.0,480.0,580.0,580.0,635.0,671.0,852.0,1065.0,1323.0,1323.0
159,,Dominican Republic,Region of the Americas,,,,,,,,,,,,,,,,,,,,,,,,,,,,,,,,,,,,,,,,,,1.0,1.0,1.0,1.0,1.0,1.0,1.0,1.0,5.0,5.0,5.0,5.0,5.0,5.0,5.0,21.0,21.0,21.0,34.0,72.0,72.0,72.0,245.0,312.0,392.0,488.0,581.0,581.0,581.0,901.0,1109.0,1284.0,1380.0
160,,Colombia,Region of the Americas,,,,,,,,,,,,,,,,,,,,,,,,,,,,,,,,,,,,,,,,,,,,,,,1.0,1.0,1.0,3.0,3.0,9.0,9.0,16.0,24.0,24.0,45.0,45.0,93.0,108.0,145.0,196.0,196.0,277.0,306.0,470.0,470.0,491.0,539.0,608.0,702.0,798.0,906.0,1065.0
161,,Uruguay,Region of the Americas,,,,,,,,,,,,,,,,,,,,,,,,,,,,,,,,,,,,,,,,,,,,,,,,,,,,,,,,4.0,6.0,6.0,29.0,79.0,94.0,94.0,135.0,162.0,162.0,217.0,217.0,238.0,274.0,303.0,309.0,320.0,338.0,350.0
162,,Costa Rica,Region of the Americas,,,,,,,,,,,,,,,,,,,,,,,,,,,,,,,,,,,,,,,,,,,,,,,,5.0,9.0,9.0,13.0,13.0,22.0,23.0,23.0,23.0,41.0,41.0,50.0,87.0,113.0,113.0,117.0,158.0,177.0,201.0,201.0,231.0,263.0,295.0,314.0,314.0,347.0,375.0
163,,Cuba,Region of the Americas,,,,,,,,,,,,,,,,,,,,,,,,,,,,,,,,,,,,,,,,,,,,,,,,,,,,,3.0,4.0,4.0,4.0,5.0,5.0,10.0,11.0,16.0,16.0,16.0,40.0,48.0,57.0,67.0,80.0,119.0,119.0,170.0,186.0,212.0,233.0
164,,Venezuela,Region of the Americas,,,,,,,,,,,,,,,,,,,,,,,,,,,,,,,,,,,,,,,,,,,,,,,,,,,,,,2.0,2.0,2.0,33.0,33.0,36.0,36.0,36.0,36.0,70.0,70.0,77.0,91.0,91.0,106.0,113.0,113.0,129.0,129.0,143.0,144.0
165,,Bolivia,Region of the Americas,,,,,,,,,,,,,,,,,,,,,,,,,,,,,,,,,,,,,,,,,,,,,,,,,,,2.0,2.0,3.0,3.0,3.0,11.0,11.0,11.0,12.0,15.0,16.0,19.0,24.0,27.0,28.0,39.0,39.0,61.0,74.0,74.0,97.0,107.0,115.0,123.0
166,,Trinidad and Tobago,Region of the Americas,,,,,,,,,,,,,,,,,,,,,,,,,,,,,,,,,,,,,,,,,,,,,,,,,,,,,,1.0,1.0,2.0,5.0,5.0,7.0,9.0,9.0,9.0,50.0,51.0,57.0,60.0,61.0,66.0,74.0,76.0,82.0,85.0,89.0,90.0
167,,Honduras,Region of the Americas,,,,,,,,,,,,,,,,,,,,,,,,,,,,,,,,,,,,,,,,,,,,,,,,,,,,2.0,2.0,2.0,2.0,2.0,8.0,8.0,9.0,12.0,24.0,24.0,26.0,30.0,30.0,52.0,52.0,67.0,67.0,110.0,139.0,139.0,172.0,219.0
168,,Paraguay,Region of the Americas,,,,,,,,,,,,,,,,,,,,,,,,,,,,,,,,,,,,,,,,,,,,,,,,,1.0,1.0,5.0,5.0,5.0,6.0,6.0,8.0,9.0,9.0,11.0,11.0,13.0,18.0,22.0,22.0,27.0,41.0,41.0,52.0,56.0,59.0,64.0,65.0,69.0,77.0
169,,Guatemala,Region of the Americas,,,,,,,,,,,,,,,,,,,,,,,,,,,,,,,,,,,,,,,,,,,,,,,,,,,,,,,,1.0,1.0,6.0,6.0,9.0,12.0,12.0,18.0,20.0,21.0,24.0,24.0,25.0,32.0,34.0,36.0,36.0,39.0,47.0
170,,Jamaica,Region of the Americas,,,,,,,,,,,,,,,,,,,,,,,,,,,,,,,,,,,,,,,,,,,,,,,,,,,1.0,1.0,1.0,7.0,8.0,10.0,10.0,12.0,13.0,15.0,16.0,16.0,19.0,19.0,21.0,26.0,26.0,26.0,30.0,32.0,36.0,36.0,38.0,44.0
171,,Barbados,Region of the Americas,,,,,,,,,,,,,,,,,,,,,,,,,,,,,,,,,,,,,,,,,,,,,,,,,,,,,,,,,,,2.0,2.0,5.0,5.0,5.0,17.0,18.0,18.0,18.0,24.0,24.0,26.0,33.0,33.0,33.0,45.0
172,,El Salvador,Region of the Americas,,,,,,,,,,,,,,,,,,,,,,,,,,,,,,,,,,,,,,,,,,,,,,,,,,,,,,,,,,,,1.0,1.0,1.0,1.0,3.0,5.0,13.0,13.0,13.0,19.0,24.0,30.0,30.0,32.0,41.0
173,,Dominica,Region of the Americas,,,,,,,,,,,,,,,,,,,,,,,,,,,,,,,,,,,,,,,,,,,,,,,,,,,,,,,,,,,,,,,,1.0,2.0,7.0,11.0,11.0,11.0,11.0,11.0,11.0,11.0,11.0
174,,Bahamas,Region of the Americas,,,,,,,,,,,,,,,,,,,,,,,,,,,,,,,,,,,,,,,,,,,,,,,,,,,,,,,,,1.0,1.0,3.0,3.0,4.0,4.0,4.0,4.0,4.0,5.0,5.0,9.0,10.0,10.0,14.0,14.0,15.0,21.0
175,,Haiti,Region of the Americas,,,,,,,,,,,,,,,,,,,,,,,,,,,,,,,,,,,,,,,,,,,,,,,,,,,,,,,,,,,,,2.0,2.0,2.0,6.0,7.0,8.0,8.0,8.0,8.0,15.0,15.0,15.0,16.0,16.0
176,,Suriname,Region of the Americas,,,,,,,,,,,,,,,,,,,,,,,,,,,,,,,,,,,,,,,,,,,,,,,,,,,,,,,,1.0,1.0,1.0,1.0,1.0,2.0,2.0,2.0,2.0,6.0,7.0,7.0,8.0,8.0,8.0,8.0,8.0,8.0,8.0
177,,Antigua and Barbuda,Region of the Americas,,,,,,,,,,,,,,,,,,,,,,,,,,,,,,,,,,,,,,,,,,,,,,,,,,,,,,1.0,1.0,1.0,1.0,1.0,1.0,1.0,1.0,1.0,1.0,1.0,3.0,3.0,3.0,7.0,7.0,7.0,7.0,7.0,7.0,7.0
178,,Grenada,Region of the Americas,,,,,,,,,,,,,,,,,,,,,,,,,,,,,,,,,,,,,,,,,,,,,,,,,,,,,,,,,,,,,,,1.0,1.0,1.0,1.0,7.0,7.0,7.0,7.0,9.0,9.0,9.0,10.0
179,,Guyana,Region of the Americas,,,,,,,,,,,,,,,,,,,,,,,,,,,,,,,,,,,,,,,,,,,,,,,,,,,,,1.0,6.0,1.0,4.0,4.0,4.0,4.0,5.0,5.0,5.0,5.0,5.0,5.0,5.0,5.0,5.0,5.0,5.0,8.0,12.0,19.0,19.0
180,,Nicaragua,Region of the Americas,,,,,,,,,,,,,,,,,,,,,,,,,,,,,,,,,,,,,,,,,,,,,,,,,,,,,,,,,,,,1.0,1.0,2.0,2.0,2.0,2.0,2.0,2.0,2.0,4.0,4.0,4.0,4.0,5.0,5.0
181,,Saint Lucia,Region of the Americas,,,,,,,,,,,,,,,,,,,,,,,,,,,,,,,,,,,,,,,,,,,,,,,,,,,,,,,,1.0,2.0,2.0,2.0,2.0,2.0,2.0,2.0,3.0,3.0,3.0,3.0,3.0,3.0,4.0,9.0,9.0,13.0,13.0
182,,Belize,Region of the Americas,,,,,,,,,,,,,,,,,,,,,,,,,,,,,,,,,,,,,,,,,,,,,,,,,,,,,,,,,,,,,,,,1.0,1.0,2.0,2.0,2.0,2.0,2.0,3.0,3.0,3.0,3.0
183,,Saint Kitts and Nevis,Region of the Americas,,,,,,,,,,,,,,,,,,,,,,,,,,,,,,,,,,,,,,,,,,,,,,,,,,,,,,,,,,,,,,,,,,2.0,2.0,2.0,2.0,4.0,2.0,8.0,8.0,8.0
184,,Saint Vincent and the Grenadines,Region of the Americas,,,,,,,,,,,,,,,,,,,,,,,,,,,,,,,,,,,,,,,,,,,,,,,,,,,,,1.0,1.0,1.0,1.0,1.0,1.0,1.0,1.0,1.0,1.0,1.0,1.0,1.0,1.0,1.0,1.0,1.0,1.0,1.0,1.0,1.0,2.0
185,,Guadeloupe,Territories,,,,,,,,,,,,,,,,,,,,,,,,,,,,,,,,,,,,,,,,,,,,,,,,,,,,,,1.0,3.0,6.0,18.0,18.0,33.0,45.0,51.0,51.0,56.0,62.0,73.0,76.0,76.0,96.0,96.0,96.0,106.0,114.0,125.0,128.0
186,,Martinique,Territories,,,,,,,,,,,,,,,,,,,,,,,,,,,,,,,,,,,,,,,,,,,,,,,,2.0,2.0,2.0,3.0,3.0,4.0,6.0,10.0,15.0,16.0,16.0,23.0,32.0,32.0,32.0,32.0,53.0,57.0,66.0,66.0,93.0,93.0,105.0,111.0,119.0,128.0,131.0
187,,Puerto Rico,Territories,,,,,,,,,,,,,,,,,,,,,,,,,,,,,,,,,,,,,,,,,,,,,,,,,,,,,,3.0,3.0,3.0,3.0,3.0,5.0,6.0,14.0,21.0,23.0,31.0,39.0,51.0,64.0,64.0,64.0,64.0,174.0,239.0,286.0,316.0
188,,Aruba,Territories,,,,,,,,,,,,,,,,,,,,,,,,,,,,,,,,,,,,,,,,,,,,,,,,,,,,,,,,,2.0,2.0,4.0,5.0,5.0,5.0,8.0,9.0,12.0,19.0,19.0,28.0,46.0,46.0,50.0,55.0,55.0,60.0
189,,French Guiana,Territories,,,,,,,,,,,,,,,,,,,,,,,,,,,,,,,,,,,,,,,,,,,,,,,,5.0,5.0,5.0,5.0,5.0,6.0,1.0,7.0,7.0,7.0,7.0,11.0,15.0,15.0,15.0,18.0,20.0,23.0,28.0,28.0,31.0,31.0,31.0,43.0,46.0,51.0,55.0
190,,Bermuda,Territories,,,,,,,,,,,,,,,,,,,,,,,,,,,,,,,,,,,,,,,,,,,,,,,,,,,,,,,,,,,,2.0,2.0,2.0,2.0,6.0,6.0,7.0,7.0,15.0,17.0,22.0,22.0,27.0,32.0,32.0
191,,United States Virgin Islands,Territories,,,,,,,,,,,,,,,,,,,,,,,,,,,,,,,,,,,,,,,,,,,,,,,,,,,,,,,,,2.0,2.0,2.0,3.0,3.0,6.0,6.0,17.0,17.0,17.0,17.0,17.0,17.0,22.0,30.0,30.0,30.0,33.0
192,,Saint Martin,Territories,,,,,,,,,,,,,,,,,,,,,,,,,,,,,,,,,,,,,,,,,,,,,2.0,2.0,2.0,2.0,2.0,2.0,2.0,2.0,2.0,2.0,2.0,2.0,2.0,2.0,4.0,4.0,4.0,4.0,5.0,8.0,8.0,11.0,11.0,12.0,6.0,6.0,18.0,18.0,21.0,22.0
193,,Cayman Islands,Territories,,,,,,,,,,,,,,,,,,,,,,,,,,,,,,,,,,,,,,,,,,,,,,,,,,,,,,1.0,1.0,1.0,1.0,1.0,1.0,3.0,3.0,3.0,3.0,5.0,5.0,8.0,8.0,8.0,8.0,8.0,12.0,12.0,14.0,22.0
194,,Curaao,Territories,,,,,,,,,,,,,,,,,,,,,,,,,,,,,,,,,,,,,,,,,,,,,,,,,,,,,,,2.0,2.0,3.0,3.0,3.0,3.0,3.0,3.0,3.0,4.0,6.0,6.0,7.0,7.0,7.0,7.0,11.0,11.0,11.0,11.0
195,,Montserrat,Territories,,,,,,,,,,,,,,,,,,,,,,,,,,,,,,,,,,,,,,,,,,,,,,,,,,,,,,,,,,,1.0,1.0,1.0,1.0,1.0,1.0,1.0,2.0,2.0,5.0,5.0,5.0,5.0,5.0,5.0,5.0
196,,Saint Barthlemy,Territories,,,,,,,,,,,,,,,,,,,,,,,,,,,,,,,,,,,,,,,,,,,,,1.0,1.0,1.0,1.0,1.0,1.0,1.0,1.0,1.0,1.0,1.0,3.0,3.0,3.0,3.0,3.0,3.0,3.0,3.0,3.0,3.0,3.0,3.0,5.0,5.0,5.0,6.0,6.0,6.0,6.0
197,,Sint Maarten,Territories,,,,,,,,,,,,,,,,,,,,,,,,,,,,,,,,,,,,,,,,,,,,,,,,,,,,,,,,,,,,1.0,1.0,1.0,1.0,2.0,2.0,2.0,2.0,3.0,3.0,3.0,6.0,6.0,6.0,18.0
198,,Anguilla,Territories,,,,,,,,,,,,,,,,,,,,,,,,,,,,,,,,,,,,,,,,,,,,,,,,,,,,,,,,,,,,,,,,,,,2.0,2.0,2.0,2.0,2.0,2.0,2.0,2.0
199,,British Virgin Islands,Territories,,,,,,,,,,,,,,,,,,,,,,,,,,,,,,,,,,,,,,,,,,,,,,,,,,,,,,,,,,,,,,,,,,,2.0,2.0,2.0,2.0,2.0,3.0,3.0,3.0
200,,Turks and Caicos Islands,Territories,,,,,,,,,,,,,,,,,,,,,,,,,,,,,,,,,,,,,,,,,,,,,,,,,,,,,,,,,,,,,,,,1.0,1.0,1.0,2.0,2.0,2.0,4.0,5.0,5.0,5.0,5.0
201,,South Africa,African Region,,,,,,,,,,,,,,,,,,,,,,,,,,,,,,,,,,,,,,,,,,,,,,1.0,1.0,2.0,3.0,7.0,7.0,13.0,17.0,17.0,38.0,51.0,62.0,62.0,116.0,150.0,205.0,240.0,274.0,402.0,554.0,709.0,927.0,1170.0,1187.0,1280.0,1326.0,1353.0,1380.0,1462.0
202,,Algeria,African Region,,,,,,,,,,,,,,,,,,,,,,,,,,,,,,,,,,,,,1.0,1.0,1.0,1.0,1.0,1.0,5.0,5.0,12.0,12.0,17.0,17.0,20.0,20.0,20.0,25.0,25.0,26.0,37.0,49.0,60.0,60.0,72.0,82.0,94.0,94.0,201.0,231.0,264.0,264.0,305.0,367.0,409.0,454.0,511.0,584.0,847.0,986.0
203,,Burkina Faso,African Region,,,,,,,,,,,,,,,,,,,,,,,,,,,,,,,,,,,,,,,,,,,,,,,,,,,2.0,2.0,2.0,2.0,3.0,3.0,15.0,20.0,26.0,40.0,40.0,72.0,75.0,99.0,114.0,146.0,146.0,146.0,146.0,222.0,246.0,261.0,261.0,261.0
204,,Cte dIvoire,African Region,,,,,,,,,,,,,,,,,,,,,,,,,,,,,,,,,,,,,,,,,,,,,,,,,,,,1.0,1.0,1.0,3.0,3.0,6.0,6.0,9.0,9.0,9.0,9.0,25.0,25.0,72.0,80.0,80.0,92.0,140.0,165.0,169.0,169.0,190.0,190.0
205,,Ghana,African Region,,,,,,,,,,,,,,,,,,,,,,,,,,,,,,,,,,,,,,,,,,,,,,,,,,,,,,1.0,2.0,6.0,6.0,6.0,9.0,11.0,16.0,19.0,24.0,27.0,53.0,68.0,132.0,137.0,137.0,152.0,152.0,152.0,195.0,204.0
206,,Senegal,African Region,,,,,,,,,,,,,,,,,,,,,,,,,,,,,,,,,,,,,,,,,,,1.0,1.0,1.0,4.0,4.0,4.0,4.0,4.0,4.0,4.0,10.0,10.0,21.0,26.0,27.0,27.0,36.0,38.0,38.0,56.0,67.0,79.0,86.0,99.0,105.0,119.0,119.0,142.0,162.0,175.0,190.0,195.0
207,,Mauritius,African Region,,,,,,,,,,,,,,,,,,,,,,,,,,,,,,,,,,,,,,,,,,,,,,,,,,,,,,,,,,,3.0,7.0,12.0,12.0,12.0,36.0,42.0,47.0,81.0,96.0,102.0,102.0,107.0,143.0,154.0,169.0
208,,Cameroon,African Region,,,,,,,,,,,,,,,,,,,,,,,,,,,,,,,,,,,,,,,,,,,,,,1.0,2.0,2.0,2.0,2.0,2.0,2.0,2.0,2.0,3.0,3.0,5.0,5.0,10.0,15.0,22.0,27.0,40.0,72.0,72.0,70.0,75.0,75.0,91.0,113.0,139.0,139.0,139.0,246.0
209,,Democratic Republic of the Congo,African Region,,,,,,,,,,,,,,,,,,,,,,,,,,,,,,,,,,,,,,,,,,,,,,,,,,,1.0,1.0,1.0,2.0,2.0,2.0,3.0,3.0,7.0,14.0,14.0,23.0,30.0,36.0,45.0,51.0,54.0,58.0,68.0,81.0,98.0,109.0,123.0,134.0
210,,Nigeria,African Region,,,,,,,,,,,,,,,,,,,,,,,,,,,,,,,,,,,,,,,1.0,1.0,1.0,1.0,1.0,1.0,4.0,1.0,1.0,1.0,2.0,2.0,2.0,2.0,25.0,2.0,2.0,2.0,2.0,2.0,8.0,12.0,12.0,22.0,22.0,22.0,42.0,46.0,65.0,65.0,65.0,65.0,111.0,111.0,139.0,174.0
211,,Rwanda,African Region,,,,,,,,,,,,,,,,,,,,,,,,,,,,,,,,,,,,,,,,,,,,,,,,,,,,,,,,5.0,7.0,7.0,11.0,11.0,11.0,17.0,17.0,36.0,40.0,41.0,50.0,54.0,60.0,70.0,70.0,75.0,82.0,84.0
212,,Togo,African Region,,,,,,,,,,,,,,,,,,,,,,,,,,,,,,,,,,,,,,,,,,,,,,,1.0,1.0,1.0,1.0,1.0,1.0,1.0,1.0,1.0,1.0,1.0,1.0,1.0,9.0,9.0,15.0,16.0,18.0,20.0,23.0,24.0,25.0,28.0,28.0,34.0,34.0,36.0,39.0
213,,Madagascar,African Region,,,,,,,,,,,,,,,,,,,,,,,,,,,,,,,,,,,,,,,,,,,,,,,,,,,,,,,,,,,,,,3.0,12.0,13.0,19.0,19.0,24.0,26.0,26.0,37.0,46.0,53.0,53.0,65.0
214,,Kenya,African Region,,,,,,,,,,,,,,,,,,,,,,,,,,,,,,,,,,,,,,,,,,,,,,,,,,,,,,1.0,1.0,1.0,3.0,3.0,7.0,7.0,7.0,7.0,15.0,16.0,25.0,25.0,25.0,25.0,25.0,25.0,38.0,50.0,81.0,110.0
215,,Congo,African Region,,,,,,,,,,,,,,,,,,,,,,,,,,,,,,,,,,,,,,,,,,,,,,,,,,,,,,,1.0,1.0,1.0,1.0,3.0,3.0,3.0,4.0,4.0,4.0,4.0,4.0,4.0,19.0,19.0,19.0,19.0,19.0,22.0,41.0
216,,Mali,African Region,,,,,,,,,,,,,,,,,,,,,,,,,,,,,,,,,,,,,,,,,,,,,,,,,,,,,,,,,,,,,,,,,,2.0,2.0,9.0,18.0,18.0,18.0,18.0,28.0,28.0
217,,Ethiopia,African Region,,,,,,,,,,,,,,,,,,,,,,,,,,,,,,,,,,,,,,,,,,,,,,,,,,,,,,1.0,1.0,1.0,5.0,5.0,6.0,9.0,9.0,9.0,11.0,11.0,12.0,12.0,12.0,16.0,16.0,21.0,23.0,26.0,26.0,31.0
218,,Zambia,African Region,,,,,,,,,,,,,,,,,,,,,,,,,,,,,,,,,,,,,,,,,,,,,,,,,,,,,,,,,,,2.0,2.0,2.0,2.0,3.0,3.0,3.0,3.0,3.0,13.0,16.0,16.0,35.0,35.0,36.0,39.0
219,,Uganda,African Region,,,,,,,,,,,,,,,,,,,,,,,,,,,,,,,,,,,,,,,,,,,,,,,,,,,,,,,,,,,,,,1.0,1.0,9.0,9.0,14.0,14.0,14.0,14.0,33.0,33.0,33.0,44.0,44.0
220,,United Republic of Tanzania,African Region,,,,,,,,,,,,,,,,,,,,,,,,,,,,,,,,,,,,,,,,,,,,,,,,,,,,,,,,,1.0,1.0,3.0,6.0,6.0,6.0,12.0,12.0,12.0,13.0,13.0,13.0,14.0,14.0,19.0,19.0,20.0,20.0
221,,Niger,African Region,,,,,,,,,,,,,,,,,,,,,,,,,,,,,,,,,,,,,,,,,,,,,,,,,,,,,,,,,,,,1.0,1.0,1.0,1.0,2.0,2.0,2.0,10.0,10.0,10.0,20.0,20.0,20.0,74.0,74.0
222,,Eswatini,African Region,,,,,,,,,,,,,,,,,,,,,,,,,,,,,,,,,,,,,,,,,,,,,,,,,,,,,,,1.0,1.0,1.0,1.0,1.0,1.0,1.0,1.0,4.0,4.0,4.0,4.0,6.0,9.0,9.0,9.0,9.0,9.0,9.0,9.0
223,,Guinea,African Region,,,,,,,,,,,,,,,,,,,,,,,,,,,,,,,,,,,,,,,,,,,,,,,,,,,,,,1.0,1.0,1.0,1.0,1.0,1.0,2.0,2.0,2.0,2.0,4.0,4.0,4.0,5.0,8.0,8.0,16.0,16.0,16.0,30.0,52.0
224,,Mozambique,African Region,,,,,,,,,,,,,,,,,,,,,,,,,,,,,,,,,,,,,,,,,,,,,,,,,,,,,,,,,,,,,,,1.0,1.0,3.0,5.0,5.0,7.0,8.0,8.0,8.0,8.0,10.0,10.0
225,,Namibia,African Region,,,,,,,,,,,,,,,,,,,,,,,,,,,,,,,,,,,,,,,,,,,,,,,,,,,,,,,2.0,2.0,2.0,2.0,2.0,3.0,3.0,3.0,3.0,3.0,4.0,5.0,8.0,8.0,8.0,11.0,11.0,11.0,11.0,13.0
226,,Gabon,African Region,,,,,,,,,,,,,,,,,,,,,,,,,,,,,,,,,,,,,,,,,,,,,,,,,,,,,,1.0,1.0,1.0,1.0,1.0,3.0,3.0,3.0,3.0,6.0,6.0,6.0,6.0,6.0,7.0,7.0,7.0,7.0,7.0,7.0,18.0
227,,Seychelles,African Region,,,,,,,,,,,,,,,,,,,,,,,,,,,,,,,,,,,,,,,,,,,,,,,,,,,,,,,,2.0,4.0,4.0,6.0,6.0,6.0,7.0,7.0,7.0,7.0,7.0,7.0,7.0,7.0,8.0,8.0,8.0,10.0,10.0
228,,Benin,African Region,,,,,,,,,,,,,,,,,,,,,,,,,,,,,,,,,,,,,,,,,,,,,,,,,,,,,,,,,1.0,1.0,1.0,2.0,2.0,2.0,2.0,5.0,5.0,5.0,6.0,6.0,6.0,6.0,6.0,9.0,13.0,13.0
229,,Central African Republic,African Region,,,,,,,,,,,,,,,,,,,,,,,,,,,,,,,,,,,,,,,,,,,,,,,,,,,,,,,1.0,1.0,1.0,1.0,1.0,1.0,1.0,3.0,4.0,4.0,4.0,5.0,5.0,6.0,6.0,6.0,6.0,6.0,8.0,8.0
230,,Equatorial Guinea,African Region,,,,,,,,,,,,,,,,,,,,,,,,,,,,,,,,,,,,,,,,,,,,,,,,,,,,,,,1.0,1.0,1.0,1.0,3.0,4.0,4.0,6.0,6.0,6.0,6.0,6.0,6.0,6.0,6.0,13.0,14.0,14.0,14.0,15.0
231,,Eritrea,African Region,,,,,,,,,,,,,,,,,,,,,,,,,,,,,,,,,,,,,,,,,,,,,,,,,,,,,,,,,,,,,,1.0,1.0,1.0,1.0,4.0,6.0,6.0,6.0,6.0,6.0,6.0,15.0,20.0
232,,Cabo Verde,African Region,,,,,,,,,,,,,,,,,,,,,,,,,,,,,,,,,,,,,,,,,,,,,,,,,,,,,,,,,,,,,1.0,3.0,3.0,3.0,3.0,3.0,3.0,5.0,5.0,5.0,5.0,5.0,5.0,5.0
233,,Chad,African Region,,,,,,,,,,,,,,,,,,,,,,,,,,,,,,,,,,,,,,,,,,,,,,,,,,,,,,,,,,,,1.0,1.0,1.0,1.0,3.0,3.0,3.0,5.0,5.0,5.0,5.0,5.0,7.0,7.0,7.0
234,,Mauritania,African Region,,,,,,,,,,,,,,,,,,,,,,,,,,,,,,,,,,,,,,,,,,,,,,,,,,,,,,,1.0,1.0,1.0,1.0,2.0,2.0,2.0,2.0,2.0,2.0,2.0,2.0,3.0,3.0,5.0,5.0,5.0,5.0,5.0,5.0
235,,Zimbabwe,African Region,,,,,,,,,,,,,,,,,,,,,,,,,,,,,,,,,,,,,,,,,,,,,,,,,,,,,,,,,,,,,1.0,2.0,2.0,2.0,2.0,2.0,3.0,5.0,5.0,5.0,5.0,8.0,8.0,8.0
236,,Gambia,African Region,,,,,,,,,,,,,,,,,,,,,,,,,,,,,,,,,,,,,,,,,,,,,,,,,,,,,,,,,,,1.0,1.0,1.0,1.0,1.0,1.0,2.0,2.0,2.0,2.0,3.0,3.0,3.0,3.0,3.0,4.0
237,,Liberia,African Region,,,,,,,,,,,,,,,,,,,,,,,,,,,,,,,,,,,,,,,,,,,,,,,,,,,,,,,,,1.0,1.0,2.0,2.0,2.0,3.0,3.0,3.0,3.0,3.0,3.0,3.0,3.0,3.0,3.0,3.0,6.0,6.0
238,,Angola,African Region,,,,,,,,,,,,,,,,,,,,,,,,,,,,,,,,,,,,,,,,,,,,,,,,,,,,,,,,,,,,,,2.0,2.0,2.0,2.0,2.0,2.0,2.0,2.0,2.0,2.0,7.0,8.0,8.0
239,,Guinea-Bissau,African Region,,,,,,,,,,,,,,,,,,,,,,,,,,,,,,,,,,,,,,,,,,,,,,,,,,,,,,,,,,,,,,,,,,2.0,2.0,2.0,2.0,2.0,2.0,9.0,9.0,9.0
240,,Botswana,African Region,,,,,,,,,,,,,,,,,,,,,,,,,,,,,,,,,,,,,,,,,,,,,,,,,,,,,,,,,,,,,,,,,,,,,,,,3.0,3.0,4.0
241,,Burundi,African Region,,,,,,,,,,,,,,,,,,,,,,,,,,,,,,,,,,,,,,,,,,,,,,,,,,,,,,,,,,,,,,,,,,,,,,,,2.0,2.0,2.0
242,,Sierra Leone,African Region,,,,,,,,,,,,,,,,,,,,,,,,,,,,,,,,,,,,,,,,,,,,,,,,,,,,,,,,,,,,,,,,,,,,,,,,1.0,2.0,2.0
243,,Malawi,African Region,,,,,,,,,,,,,,,,,,,,,,,,,,,,,,,,,,,,,,,,,,,,,,,,,,,,,,,,,,,,,,,,,,,,,,,,,,3.0
244,,Runion,Territories,,,,,,,,,,,,,,,,,,,,,,,,,,,,,,,,,,,,,,,,,,,,,,,,,,,,,3.0,5.0,6.0,9.0,9.0,9.0,12.0,15.0,28.0,47.0,64.0,71.0,83.0,94.0,135.0,135.0,143.0,207.0,207.0,247.0,281.0,308.0
245,,Mayotte,Territories,,,,,,,,,,,,,,,,,,,,,,,,,,,,,,,,,,,,,,,,,,,,,,,,,,,,,,,1.0,1.0,1.0,1.0,3.0,4.0,4.0,11.0,14.0,24.0,30.0,35.0,50.0,50.0,50.0,82.0,82.0,101.0,116.0,128.0
246,Case on an international conveyance,Other,Other,,,,,,,,,,,,,,,,,20.0,61.0,64.0,64.0,70.0,135.0,175.0,174.0,218.0,218.0,355.0,454.0,454.0,542.0,621.0,634.0,634.0,634.0,695.0,691.0,691.0,705.0,705.0,705.0,706.0,706.0,706.0,706.0,706.0,696.0,696.0,696.0,696.0,696.0,696.0,696.0,696.0,697.0,697.0,712.0,712.0,712.0,712.0,712.0,712.0,712.0,712.0,712.0,712.0,712.0,712.0,712.0,712.0,712.0,712.0,712.0,712.0,712.0
247,Confirmed,,Western Pacific Region,,,,,,,,,,,,,,,,,,,,,,,,,,,,,,,,,,,,,,,,,,,,,,,,,,,,,,,,,91779.0,91845.0,92333.0,93349.0,94037.0,94787.0,95637.0,96580.0,97766.0,99058.0,100018.0,101443.0,102788.0,103775.0,104868.0,106422.0,107626.0,108930.0
248,Deaths,,Western Pacific Region,,,,,,,,,,,,,,,,,,,,,,,,,,,,,,,,,,,,,,,,,,,,,,,,,,,,,,,,,3357.0,3357.0,3377.0,3405.0,3426.0,3438.0,3473.0,3502.0,3518.0,3540.0,3567.0,3592.0,3626.0,3649.0,3671.0,3701.0,3723.0,3760.0
249,Confirmed,,European Region,,,,,,,,,,,,,,,,,,,,,,,,,,,,,,,,,,,,,,,,,,,,,,,,,,,,,,,,,64188.0,74760.0,87108.0,104591.0,128541.0,151293.0,171424.0,195509.0,220516.0,250287.0,286697.0,324343.0,361031.0,392815.0,423946.0,464212.0,503006.0,541808.0
250,Deaths,,European Region,,,,,,,,,,,,,,,,,,,,,,,,,,,,,,,,,,,,,,,,,,,,,,,,,,,,,,,,,3108.0,3352.0,4084.0,4899.0,6000.0,7425.0,8742.0,10189.0,11986.0,13950.0,16105.0,18740.0,21427.0,23962.0,26694.0,30089.0,33604.0,37103.0
251,Confirmed,,South-East Asia Region,,,,,,,,,,,,,,,,,,,,,,,,,,,,,,,,,,,,,,,,,,,,,,,,,,,,,,,,,508.0,538.0,657.0,918.0,979.0,1257.0,1776.0,1990.0,2344.0,2536.0,2932.0,3085.0,3709.0,4084.0,4215.0,5175.0,5324.0,5881.0
252,Deaths,,South-East Asia Region,,,,,,,,,,,,,,,,,,,,,,,,,,,,,,,,,,,,,,,,,,,,,,,,,,,,,,,,,9.0,9.0,23.0,31.0,38.0,45.0,58.0,65.0,72.0,79.0,105.0,114.0,139.0,158.0,166.0,195.0,216.0,245.0
253,Confirmed,,Eastern Mediterranean Region,,,,,,,,,,,,,,,,,,,,,,,,,,,,,,,,,,,,,,,,,,,,,,,,,,,,,,,,,16786.0,18060.0,19518.0,20759.0,22355.0,23669.0,25375.0,27215.0,29631.0,32442.0,35249.0,38931.0,42777.0,46329.0,50349.0,54281.0,58168.0,62236.0
254,Deaths,,Eastern Mediterranean Region,,,,,,,,,,,,,,,,,,,,,,,,,,,,,,,,,,,,,,,,,,,,,,,,,,,,,,,,,873.0,1010.0,1161.0,1312.0,1466.0,1596.0,1741.0,1877.0,2008.0,2162.0,2336.0,2508.0,2668.0,2813.0,2954.0,3115.0,3279.0,3438.0
255,Confirmed,,Region of the Americas,,,,,,,,,,,,,,,,,,,,,,,,,,,,,,,,,,,,,,,,,,,,,,,,,,,,,,,,,4910.0,4979.0,9144.0,13271.0,18877.0,19685.0,37016.0,49444.0,60834.0,75712.0,81137.0,100314.0,120792.0,142081.0,163014.0,188751.0,216912.0,247473.0
256,Deaths,,Region of the Americas,,,,,,,,,,,,,,,,,,,,,,,,,,,,,,,,,,,,,,,,,,,,,,,,,,,,,,,,,68.0,68.0,119.0,178.0,235.0,252.0,465.0,565.0,813.0,1065.0,1176.0,1485.0,1973.0,2457.0,2836.0,3400.0,4565.0,5600.0
257,Confirmed,,African Region,,,,,,,,,,,,,,,,,,,,,,,,,,,,,,,,,,,,,,,,,,,,,,,,,,,,,,,,,228.0,233.0,367.0,473.0,572.0,739.0,990.0,1305.0,1664.0,1937.0,2419.0,2831.0,3004.0,3486.0,3786.0,4073.0,4702.0,5263.0
258,Deaths,,African Region,,,,,,,,,,,,,,,,,,,,,,,,,,,,,,,,,,,,,,,,,,,,,,,,,,,,,,,,,4.0,4.0,7.0,8.0,12.0,20.0,23.0,26.0,29.0,31.0,39.0,47.0,51.0,60.0,77.0,91.0,127.0,164.0
