idx,contact_rate,start_time,npi_effectiveness.other_locations,compartment_periods_calculated.incubation.total_period,compartment_periods_calculated.total_infectious.total_period,tv_detection_b,tv_detection_c,prop_detected_among_symptomatic,icu_prop,compartment_periods.hospital_late,compartment_periods.icu_late,hospital_props_multiplier,microdistancing.parameters.c,microdistancing.parameters.sigma,infection_fatality_props(0),infection_fatality_props(1),infection_fatality_props(2),infection_fatality_props(3),infection_fatality_props(4),infection_fatality_props(5),infection_fatality_props(6),infection_fatality_props(7),infection_fatality_props(8),notifications_dispersion_param,infection_deathsXall_dispersion_param,loglikelihood,best_x0,best_x1,best_x2,best_x3,best_x4,best_x5,best_x6,best_x7,best_x8,best_x9,best_x10,best_x11,best_x12,best_x13,best_x14,best_x15,best_deaths,all_vars_to_1_deaths,best_yoll,all_vars_to_1_yoll,best_p_immune,all_vars_to_1_p_immune
run_1967,0.03195967729002998,7.007944866942771,0.6713326895660013,3.078043379477114,5.038931962154921,0.091028760117848,73.25776487580121,0.17149825476847202,0.1973387232886776,5.283278758247916,5.476827737135905,0.5885234489984609,94.00113581179335,0.6032498814573167,1.4355236737027719e-05,3.26549554838631e-05,0.0001153362053843065,0.00025449684508502425,0.0004913163176988849,0.0016091971039946622,0.00885128861554387,0.028522955509532454,0.13271638200763342,495.35885871816623,98.85923169958063,-7.84495614902439,,,,,,,,,,,,,,,,,,,,,,
run_1967,0.03195967729002998,7.007944866942771,0.6713326895660013,3.078043379477114,5.038931962154921,0.091028760117848,73.25776487580121,0.17149825476847202,0.1973387232886776,5.283278758247916,5.476827737135905,0.5885234489984609,94.00113581179335,0.6032498814573167,1.4355236737027719e-05,3.26549554838631e-05,0.0001153362053843065,0.00025449684508502425,0.0004913163176988849,0.0016091971039946622,0.00885128861554387,0.028522955509532454,0.13271638200763342,495.35885871816623,98.85923169958063,-7.84495614902439,,,,,,,,,,,,,,,,,,,,,,
run_2124,0.03238132002865911,7.790351319847643,0.6676888715407902,3.150256738491086,5.03680885923629,0.0943189979061988,74.5069020189757,0.15757079367219157,0.2081361593184469,4.851842488373949,4.697620907160714,0.5611984597579034,95.52395422644568,0.6034168262305325,1.526715755247572e-05,3.253455564673952e-05,0.00011409620150342968,0.0002547039211326959,0.0005020148604527354,0.0015657126254759928,0.008579782213864386,0.02886575812824675,0.12995036313979139,525.0602991876962,96.19081027905315,-10.443151821131705,,,,,,,,,,,,,,,,,,,,,,
run_2286,0.03195134568470698,9.10562668842132,0.6740314428073707,3.323709983198286,5.041315260119817,0.09370151152371173,72.31578858902637,0.17428457304910017,0.20135051183616945,5.1198354106998,5.581997064231023,0.6649205819717343,94.06010040275936,0.6249359840555246,1.9048927426893672e-05,3.172309861433921e-05,0.00011356266018876129,0.00023860760927301133,0.0005111674148200248,0.0016129102261601914,0.008244553202291826,0.02908404893787739,0.14392749305421795,554.4048954264879,94.95684918943117,-8.09325421486266,,,,,,,,,,,,,,,,,,,,,,
run_2286,0.03195134568470698,9.10562668842132,0.6740314428073707,3.323709983198286,5.041315260119817,0.09370151152371173,72.31578858902637,0.17428457304910017,0.20135051183616945,5.1198354106998,5.581997064231023,0.6649205819717343,94.06010040275936,0.6249359840555246,1.9048927426893672e-05,3.172309861433921e-05,0.00011356266018876129,0.00023860760927301133,0.0005111674148200248,0.0016129102261601914,0.008244553202291826,0.02908404893787739,0.14392749305421795,554.4048954264879,94.95684918943117,-8.09325421486266,,,,,,,,,,,,,,,,,,,,,,
run_2458,0.03260640932468894,9.330245973504281,0.6872290833310751,3.0148413941305634,5.01135562723591,0.08605815559953342,75.44957187684558,0.1544910352452688,0.1937811399021438,4.93077049955534,5.169370190815262,0.7759636212550044,95.27985204857546,0.6037775143260427,2.02621106423995e-05,3.2011936583618876e-05,0.00011764119236140505,0.0002334694865172135,0.0005124519850845748,0.0015692213835250483,0.008391942902551514,0.02742262169662476,0.14683656972982367,593.8375115544926,90.97115993119228,-6.817441062005168,,,,,,,,,,,,,,,,,,,,,,
run_2458,0.03260640932468894,9.330245973504281,0.6872290833310751,3.0148413941305634,5.01135562723591,0.08605815559953342,75.44957187684558,0.1544910352452688,0.1937811399021438,4.93077049955534,5.169370190815262,0.7759636212550044,95.27985204857546,0.6037775143260427,2.02621106423995e-05,3.2011936583618876e-05,0.00011764119236140505,0.0002334694865172135,0.0005124519850845748,0.0015692213835250483,0.008391942902551514,0.02742262169662476,0.14683656972982367,593.8375115544926,90.97115993119228,-6.817441062005168,,,,,,,,,,,,,,,,,,,,,,
run_2458,0.03260640932468894,9.330245973504281,0.6872290833310751,3.0148413941305634,5.01135562723591,0.08605815559953342,75.44957187684558,0.1544910352452688,0.1937811399021438,4.93077049955534,5.169370190815262,0.7759636212550044,95.27985204857546,0.6037775143260427,2.02621106423995e-05,3.2011936583618876e-05,0.00011764119236140505,0.0002334694865172135,0.0005124519850845748,0.0015692213835250483,0.008391942902551514,0.02742262169662476,0.14683656972982367,593.8375115544926,90.97115993119228,-6.817441062005168,,,,,,,,,,,,,,,,,,,,,,
run_2458,0.03260640932468894,9.330245973504281,0.6872290833310751,3.0148413941305634,5.01135562723591,0.08605815559953342,75.44957187684558,0.1544910352452688,0.1937811399021438,4.93077049955534,5.169370190815262,0.7759636212550044,95.27985204857546,0.6037775143260427,2.02621106423995e-05,3.2011936583618876e-05,0.00011764119236140505,0.0002334694865172135,0.0005124519850845748,0.0015692213835250483,0.008391942902551514,0.02742262169662476,0.14683656972982367,593.8375115544926,90.97115993119228,-6.817441062005168,,,,,,,,,,,,,,,,,,,,,,
run_2771,0.032359548686388524,9.639363295333366,0.7238994494496042,3.266177523652197,5.054187071413664,0.08422405611662759,74.47820458634042,0.1719890840261309,0.19476385023282533,4.404941752495003,5.900668182081369,0.6306575052542542,98.97772011120666,0.6149011455387507,1.949080477779796e-05,3.2386355060812814e-05,0.00011903368105319136,0.00023311300093448701,0.0005025291642338384,0.001601603046627019,0.007857410499303394,0.027018378335910784,0.14744359504267476,559.8985998748711,90.77389514509292,-7.734999663359762,,,,,,,,,,,,,,,,,,,,,,
run_2771,0.032359548686388524,9.639363295333366,0.7238994494496042,3.266177523652197,5.054187071413664,0.08422405611662759,74.47820458634042,0.1719890840261309,0.19476385023282533,4.404941752495003,5.900668182081369,0.6306575052542542,98.97772011120666,0.6149011455387507,1.949080477779796e-05,3.2386355060812814e-05,0.00011903368105319136,0.00023311300093448701,0.0005025291642338384,0.001601603046627019,0.007857410499303394,0.027018378335910784,0.14744359504267476,559.8985998748711,90.77389514509292,-7.734999663359762,,,,,,,,,,,,,,,,,,,,,,
run_2771,0.032359548686388524,9.639363295333366,0.7238994494496042,3.266177523652197,5.054187071413664,0.08422405611662759,74.47820458634042,0.1719890840261309,0.19476385023282533,4.404941752495003,5.900668182081369,0.6306575052542542,98.97772011120666,0.6149011455387507,1.949080477779796e-05,3.2386355060812814e-05,0.00011903368105319136,0.00023311300093448701,0.0005025291642338384,0.001601603046627019,0.007857410499303394,0.027018378335910784,0.14744359504267476,559.8985998748711,90.77389514509292,-7.734999663359762,,,,,,,,,,,,,,,,,,,,,,
run_3098,0.03257622785007026,11.340540387500967,0.7608453984000434,3.4052752298131495,5.027937114159276,0.08261576653133171,72.74131137161615,0.16332244918234012,0.1860804751653059,4.281449233310187,6.404272921135658,0.5059975813740877,104.30525238791009,0.6001971283373355,1.881197990758054e-05,3.359020250888797e-05,0.00011822509317646539,0.00023879993498738506,0.0005039017142094299,0.0015762239016633497,0.007992110919428167,0.02699510568750046,0.15228187886224398,516.385936662982,97.60501082341476,-9.898184621198213,,,,,,,,,,,,,,,,,,,,,,
run_3098,0.03257622785007026,11.340540387500967,0.7608453984000434,3.4052752298131495,5.027937114159276,0.08261576653133171,72.74131137161615,0.16332244918234012,0.1860804751653059,4.281449233310187,6.404272921135658,0.5059975813740877,104.30525238791009,0.6001971283373355,1.881197990758054e-05,3.359020250888797e-05,0.00011822509317646539,0.00023879993498738506,0.0005039017142094299,0.0015762239016633497,0.007992110919428167,0.02699510568750046,0.15228187886224398,516.385936662982,97.60501082341476,-9.898184621198213,,,,,,,,,,,,,,,,,,,,,,
run_3324,0.03191823404201752,7.168940264337872,0.7699654553594578,3.236415365813242,5.037038562614753,0.08474958302902012,74.46299170554798,0.16016065887408573,0.1641273545609066,4.04283642373421,7.4673494992746665,0.5453739178072564,103.20593874032063,0.6017408236845195,1.899534963742679e-05,3.4647651672507375e-05,0.00012012248519183342,0.00024341714010641223,0.0004959102463493386,0.0015663865722278963,0.007969779123614237,0.027264372747938866,0.15186240816898494,533.477858662472,98.82536549579319,-9.42647413693427,,,,,,,,,,,,,,,,,,,,,,
run_3411,0.03089894332490041,7.762279270855079,0.7572103488093724,3.286605660791469,5.371269232971935,0.08360550952922924,71.21255509547346,0.19001516618303763,0.15367691629400068,4.270196416339107,8.412163706022517,0.5523082018068775,110.8046853822624,0.6007506424467088,1.957266334243631e-05,3.3814937685756534e-05,0.00011712005827432992,0.00023000197621847983,0.0005193846521091539,0.0016423673197967824,0.008333838178016627,0.024736616481856846,0.15175000754398615,557.1202918304248,95.69686096732006,-9.850525250972328,,,,,,,,,,,,,,,,,,,,,,
run_3411,0.03089894332490041,7.762279270855079,0.7572103488093724,3.286605660791469,5.371269232971935,0.08360550952922924,71.21255509547346,0.19001516618303763,0.15367691629400068,4.270196416339107,8.412163706022517,0.5523082018068775,110.8046853822624,0.6007506424467088,1.957266334243631e-05,3.3814937685756534e-05,0.00011712005827432992,0.00023000197621847983,0.0005193846521091539,0.0016423673197967824,0.008333838178016627,0.024736616481856846,0.15175000754398615,557.1202918304248,95.69686096732006,-9.850525250972328,,,,,,,,,,,,,,,,,,,,,,
run_2002,0.0289568180094825,3.0133142790748804,0.9864160786438043,3.3459551118313526,6.198567922896229,0.05897329780943918,82.24869499294742,0.28951108603299464,0.2288017519543356,6.301801430636519,6.638353445868427,1.0027195955166173,96.88944295631535,0.7101514148481347,1.2831157972526707e-05,2.70421560898434e-05,0.00010023566249508431,0.0002119511807428459,0.0006510587685264971,0.0017690337614466199,0.008520783106428464,0.023989696091517784,0.09966213688866489,592.7313908467007,98.18175214666327,-31.417210735094063,,,,,,,,,,,,,,,,,,,,,,
run_2084,0.030125405357803652,7.03917223340347,0.9998816817647599,3.187747306182516,6.33463275014948,0.06458206112288085,84.98822401408553,0.2914320706139159,0.2590474502654603,6.9640314175157965,8.106141475330002,0.8183325522545443,96.54134014927722,0.6204096985446793,9.496921534396105e-06,2.7297859294178367e-05,9.52178477524352e-05,0.00021596859061639862,0.000634866841710114,0.001788927747800427,0.008143655613410784,0.022315818928059318,0.11039265449120303,511.16861535873085,91.34869447288324,-21.577333674716563,,,,,,,,,,,,,,,,,,,,,,
run_2190,0.03172111558577702,9.243588648761387,0.9174160593506115,3.018688128706695,5.6665047382408185,0.07371183898321473,80.08037996340202,0.19706332442105073,0.2578241750594828,6.382588007103483,7.69715117405286,0.9646029109329254,98.0064568248738,0.6251069237567931,1.0092671488274095e-05,3.100791091333213e-05,0.00010043883751842072,0.00024116785818749422,0.0006172575232144559,0.001744017386473601,0.008870352160406545,0.02411488136146364,0.12089131855009518,483.19476940790065,89.06123713855054,-16.852100748102533,,,,,,,,,,,,,,,,,,,,,,
run_2272,0.031517217857262005,7.334915097040833,0.9042645949410255,3.9051606805333656,5.476433324348859,0.08277437538923973,82.55851429904892,0.11751490881764971,0.23435767022351775,5.610902224133682,8.272222771922541,0.9166362833879403,91.03577036472076,0.6393628944552066,1.0031515806082572e-05,2.9117467445128638e-05,9.182011316965636e-05,0.00025953757077728005,0.0005942201581164485,0.0018329086624726551,0.008343852683980217,0.02505323511039304,0.1238562924703915,472.2900276092844,84.7865176908236,-19.12212833253594,,,,,,,,,,,,,,,,,,,,,,
run_2314,0.031084533272512094,7.270251676098969,0.9703002868223597,3.8878102444296316,5.546473132374053,0.08634161480563021,83.41693613574105,0.17109319094898523,0.250814199057713,5.544106428722281,8.662535664676495,0.9265496436808476,93.93983135428805,0.6423934228561051,9.48485052761066e-06,3.128911411583125e-05,8.927145903964861e-05,0.00025905771349733753,0.000601242137315737,0.0018522439769548737,0.008283629193689097,0.023606021772406175,0.13477818839732125,501.20340370497433,87.69757797873153,-15.335848327196542,,,,,,,,,,,,,,,,,,,,,,
run_2456,0.031499399299253404,9.021632598293998,0.9345209522357859,3.4476094088445572,5.54963331036262,0.08906503501288285,87.15459324926748,0.22995997078029967,0.24090416579123922,5.507495624472625,8.729551744622245,1.007055600110237,98.22947702957083,0.6019087745715557,8.674447201888387e-06,3.012331826312964e-05,8.289219227064319e-05,0.0002676697903041057,0.0005905718685902189,0.0018945321328749914,0.008358760481169226,0.023705109892418662,0.127625701348086,505.3148960764185,81.38569217557097,-16.077287085370337,,,,,,,,,,,,,,,,,,,,,,
run_2556,0.032555948716641615,9.824908415374573,0.8977345628274985,3.658460598292695,5.211156666705511,0.08620231010617475,92.4826876714447,0.12396820537833525,0.2700234403295953,6.753887155344896,7.49252079560865,1.0964077026082342,99.04122325961869,0.6006028405651265,7.957046634725028e-06,3.425359733462925e-05,8.671919729201822e-05,0.00028576037868827017,0.0006104936600299298,0.0017049089988678504,0.00744841877692942,0.024127037444677393,0.1290243499428707,540.7472744777456,83.60066859208831,-10.679541364861795,,,,,,,,,,,,,,,,,,,,,,
run_2643,0.03343429014787377,11.662666259596387,0.8866788860375427,3.1361230685471586,5.249700173662115,0.08744778561933858,93.59266121205434,0.13716790322673938,0.25629969145369064,6.370145141164633,8.295391916483442,1.0198713289746846,95.43464616305359,0.6273285871286547,8.349486434970834e-06,3.504667138578425e-05,9.30850024848348e-05,0.00028845955373350374,0.0006095284169049788,0.0017766246223570425,0.00715265993806306,0.027088490554639934,0.12326331649039154,552.4377932945811,85.05576000050513,-12.348034884910733,,,,,,,,,,,,,,,,,,,,,,
run_2721,0.03421168316971083,12.891088633491481,0.933264808838418,3.2238965321831285,5.183075823927118,0.08712637276376153,91.93259730908002,0.1294396666773,0.2544361144588774,6.434848170471152,7.929353329343282,0.9078654026997658,96.05000017736927,0.6163891643948188,7.31181537393426e-06,3.342332146168951e-05,9.2055295645563e-05,0.00029034031359567904,0.0006212285585347024,0.0016890495591613105,0.006996042737977481,0.0283931021041087,0.12081670338698616,574.1489471871644,89.49006014538385,-11.522685703844953,,,,,,,,,,,,,,,,,,,,,,
run_2791,0.034233589955126716,13.474282901381164,0.9014816589547878,3.145229765577183,5.278741444916731,0.08092453613115178,91.09770831825216,0.1288667750232069,0.26615183996143305,6.500289616778272,8.40311751425029,0.9528321671343039,90.81562356590655,0.6114221899458535,6.223269611300908e-06,3.266546980261991e-05,9.70932354648856e-05,0.00028536193478751213,0.0006298714495198174,0.0016078680783032724,0.007260766950359303,0.02794496775986299,0.11812607240405522,569.7833013586782,91.33679840253306,-11.479451154662161,,,,,,,,,,,,,,,,,,,,,,
run_2925,0.03499915638522061,14.133165716698873,0.8944425802021502,3.078663824729966,5.059316275478094,0.07827540847997305,92.80328041075927,0.16280356239704863,0.2590146548309068,6.560406465584974,8.925779256282468,0.9380299524623412,94.71858385536865,0.6097482780596508,4.8542826979213614e-06,3.268854658932103e-05,9.355682316987411e-05,0.00027984120412193644,0.0006318181885324402,0.0016094255815875037,0.007463796858431704,0.027743934663898833,0.1151252850174857,551.94825421631,93.09778214690907,-8.595184173173402,,,,,,,,,,,,,,,,,,,,,,
run_2925,0.03499915638522061,14.133165716698873,0.8944425802021502,3.078663824729966,5.059316275478094,0.07827540847997305,92.80328041075927,0.16280356239704863,0.2590146548309068,6.560406465584974,8.925779256282468,0.9380299524623412,94.71858385536865,0.6097482780596508,4.8542826979213614e-06,3.268854658932103e-05,9.355682316987411e-05,0.00027984120412193644,0.0006318181885324402,0.0016094255815875037,0.007463796858431704,0.027743934663898833,0.1151252850174857,551.94825421631,93.09778214690907,-8.595184173173402,,,,,,,,,,,,,,,,,,,,,,
run_2925,0.03499915638522061,14.133165716698873,0.8944425802021502,3.078663824729966,5.059316275478094,0.07827540847997305,92.80328041075927,0.16280356239704863,0.2590146548309068,6.560406465584974,8.925779256282468,0.9380299524623412,94.71858385536865,0.6097482780596508,4.8542826979213614e-06,3.268854658932103e-05,9.355682316987411e-05,0.00027984120412193644,0.0006318181885324402,0.0016094255815875037,0.007463796858431704,0.027743934663898833,0.1151252850174857,551.94825421631,93.09778214690907,-8.595184173173402,,,,,,,,,,,,,,,,,,,,,,
run_2925,0.03499915638522061,14.133165716698873,0.8944425802021502,3.078663824729966,5.059316275478094,0.07827540847997305,92.80328041075927,0.16280356239704863,0.2590146548309068,6.560406465584974,8.925779256282468,0.9380299524623412,94.71858385536865,0.6097482780596508,4.8542826979213614e-06,3.268854658932103e-05,9.355682316987411e-05,0.00027984120412193644,0.0006318181885324402,0.0016094255815875037,0.007463796858431704,0.027743934663898833,0.1151252850174857,551.94825421631,93.09778214690907,-8.595184173173402,,,,,,,,,,,,,,,,,,,,,,
run_3337,0.03440579915413127,13.088653654425123,0.8864248988706107,3.1038863876466976,5.216196819379836,0.07740332946653987,87.86289799969953,0.18262560482592555,0.25382568969991604,6.568612280707052,9.315656121467315,0.7040048824859576,92.80680657911726,0.6322182298899753,4.397046540667418e-06,3.309433619027028e-05,9.989383691954694e-05,0.000278891163342115,0.000626092251154821,0.0016069816562526698,0.007685768384551376,0.026368506231856718,0.11528554670677077,558.0000016928141,96.54503214492644,-9.10385315729065,,,,,,,,,,,,,,,,,,,,,,
run_3337,0.03440579915413127,13.088653654425123,0.8864248988706107,3.1038863876466976,5.216196819379836,0.07740332946653987,87.86289799969953,0.18262560482592555,0.25382568969991604,6.568612280707052,9.315656121467315,0.7040048824859576,92.80680657911726,0.6322182298899753,4.397046540667418e-06,3.309433619027028e-05,9.989383691954694e-05,0.000278891163342115,0.000626092251154821,0.0016069816562526698,0.007685768384551376,0.026368506231856718,0.11528554670677077,558.0000016928141,96.54503214492644,-9.10385315729065,,,,,,,,,,,,,,,,,,,,,,
run_3515,0.032960629636402936,9.112917397182564,0.8824981048504249,3.2927717816667625,5.135791494457564,0.07740462458997394,95.24207474042349,0.22225134985478515,0.2560203327061808,6.709896132273258,9.800602875477399,0.8331842657124137,95.09130438098043,0.6121205420484931,4.405914655160884e-06,3.1970020366969654e-05,0.00010189484843819058,0.00027700720877772906,0.0006157732309668648,0.001606788114897532,0.007738543695740895,0.02597625218618854,0.11801348677168401,579.0163415335988,90.64542355182215,-7.899924396068764,,,,,,,,,,,,,,,,,,,,,,
run_1971,0.03248974941881604,10.261673280032658,0.9337064427839014,3.389363947650482,5.215787863218665,0.06437611847263,92.31897219978947,0.2629699745586432,0.1620273976295874,11.170289707297158,9.270155275036544,0.8545387946658939,102.6226911566052,0.6282184694088242,4.9641887430615625e-06,2.6609161759363414e-05,8.466616225437636e-05,0.0002172349175157512,0.0005951640324092009,0.002240866206156035,0.006181089833432695,0.03361158218916528,0.13383656579414285,564.5319301621809,89.09037840178864,-12.110251883405905,,,,,,,,,,,,,,,,,,,,,,
run_2059,0.031953231710753253,7.435119619503528,0.9009890676694204,3.283090710444113,5.1771741142067595,0.06334641901724575,91.0460511448909,0.30178141674809883,0.17039164217734276,9.874755062609179,9.36318338135565,0.9942386809400393,99.89704635475778,0.6319913893079654,5.212554910967212e-06,2.5648915108384647e-05,8.833106896606332e-05,0.00021664435076455918,0.0005686801776204481,0.0021927289327698645,0.006023784778862818,0.0348985371423079,0.1329885297559293,585.720833598973,93.67538279362937,-9.320212766531949,,,,,,,,,,,,,,,,,,,,,,
run_2172,0.0330770705608066,11.208589874433276,0.8905845609917042,3.076718376787783,5.1603965280231865,0.060525078021857234,90.08081061075963,0.2639371025623867,0.18665200922715783,9.456466071320827,9.997112258994843,1.062092437757903,99.29630993064198,0.6008073964945503,4.304018939807675e-06,2.746857765043697e-05,8.954204719381246e-05,0.00022523521621446542,0.0005556876572140694,0.002159974084111864,0.006001434346591233,0.03413766007813443,0.13301846042526025,569.9011826934084,93.03655110903165,-6.895896542519317,,,,,,,,,,,,,,,,,,,,,,
run_2172,0.0330770705608066,11.208589874433276,0.8905845609917042,3.076718376787783,5.1603965280231865,0.060525078021857234,90.08081061075963,0.2639371025623867,0.18665200922715783,9.456466071320827,9.997112258994843,1.062092437757903,99.29630993064198,0.6008073964945503,4.304018939807675e-06,2.746857765043697e-05,8.954204719381246e-05,0.00022523521621446542,0.0005556876572140694,0.002159974084111864,0.006001434346591233,0.03413766007813443,0.13301846042526025,569.9011826934084,93.03655110903165,-6.895896542519317,,,,,,,,,,,,,,,,,,,,,,
run_2172,0.0330770705608066,11.208589874433276,0.8905845609917042,3.076718376787783,5.1603965280231865,0.060525078021857234,90.08081061075963,0.2639371025623867,0.18665200922715783,9.456466071320827,9.997112258994843,1.062092437757903,99.29630993064198,0.6008073964945503,4.304018939807675e-06,2.746857765043697e-05,8.954204719381246e-05,0.00022523521621446542,0.0005556876572140694,0.002159974084111864,0.006001434346591233,0.03413766007813443,0.13301846042526025,569.9011826934084,93.03655110903165,-6.895896542519317,,,,,,,,,,,,,,,,,,,,,,
run_2172,0.0330770705608066,11.208589874433276,0.8905845609917042,3.076718376787783,5.1603965280231865,0.060525078021857234,90.08081061075963,0.2639371025623867,0.18665200922715783,9.456466071320827,9.997112258994843,1.062092437757903,99.29630993064198,0.6008073964945503,4.304018939807675e-06,2.746857765043697e-05,8.954204719381246e-05,0.00022523521621446542,0.0005556876572140694,0.002159974084111864,0.006001434346591233,0.03413766007813443,0.13301846042526025,569.9011826934084,93.03655110903165,-6.895896542519317,,,,,,,,,,,,,,,,,,,,,,
run_2500,0.03276430856682721,9.033226458583426,0.9108424929836322,3.1395361282912657,5.035483385048615,0.059177900840649826,91.40842797709546,0.24395806742572101,0.18341241736859193,9.714988790856886,9.72392858514192,1.01249473512801,104.60446707211612,0.6042336113426766,6.0649971451416515e-06,2.8568840374292193e-05,9.09685434891993e-05,0.00023371152279335974,0.0005511012814802654,0.0021909214905651833,0.005968589930255906,0.03520400656010017,0.13471008021060354,593.7692557299843,85.09188090627977,-7.367832937180324,,,,,,,,,,,,,,,,,,,,,,
run_2592,0.03220501737422914,7.972539843744123,0.9223715121477251,3.1290068752405715,5.237710448888628,0.06343662384580938,93.33471517663615,0.29722789182170917,0.1959054782821922,9.83926063367421,9.531711265401123,0.8543587629848743,103.09114551420673,0.6047701192072384,7.5449663325907835e-06,2.9356393756007222e-05,8.085333267191606e-05,0.00021768391597621516,0.0005340409437751321,0.002244613850575047,0.006169124954775882,0.03556800719078511,0.14122555255354002,534.5901348272253,86.90173706975042,-7.3717363781057745,,,,,,,,,,,,,,,,,,,,,,
run_2592,0.03220501737422914,7.972539843744123,0.9223715121477251,3.1290068752405715,5.237710448888628,0.06343662384580938,93.33471517663615,0.29722789182170917,0.1959054782821922,9.83926063367421,9.531711265401123,0.8543587629848743,103.09114551420673,0.6047701192072384,7.5449663325907835e-06,2.9356393756007222e-05,8.085333267191606e-05,0.00021768391597621516,0.0005340409437751321,0.002244613850575047,0.006169124954775882,0.03556800719078511,0.14122555255354002,534.5901348272253,86.90173706975042,-7.3717363781057745,,,,,,,,,,,,,,,,,,,,,,
run_2592,0.03220501737422914,7.972539843744123,0.9223715121477251,3.1290068752405715,5.237710448888628,0.06343662384580938,93.33471517663615,0.29722789182170917,0.1959054782821922,9.83926063367421,9.531711265401123,0.8543587629848743,103.09114551420673,0.6047701192072384,7.5449663325907835e-06,2.9356393756007222e-05,8.085333267191606e-05,0.00021768391597621516,0.0005340409437751321,0.002244613850575047,0.006169124954775882,0.03556800719078511,0.14122555255354002,534.5901348272253,86.90173706975042,-7.3717363781057745,,,,,,,,,,,,,,,,,,,,,,
run_2592,0.03220501737422914,7.972539843744123,0.9223715121477251,3.1290068752405715,5.237710448888628,0.06343662384580938,93.33471517663615,0.29722789182170917,0.1959054782821922,9.83926063367421,9.531711265401123,0.8543587629848743,103.09114551420673,0.6047701192072384,7.5449663325907835e-06,2.9356393756007222e-05,8.085333267191606e-05,0.00021768391597621516,0.0005340409437751321,0.002244613850575047,0.006169124954775882,0.03556800719078511,0.14122555255354002,534.5901348272253,86.90173706975042,-7.3717363781057745,,,,,,,,,,,,,,,,,,,,,,
run_2592,0.03220501737422914,7.972539843744123,0.9223715121477251,3.1290068752405715,5.237710448888628,0.06343662384580938,93.33471517663615,0.29722789182170917,0.1959054782821922,9.83926063367421,9.531711265401123,0.8543587629848743,103.09114551420673,0.6047701192072384,7.5449663325907835e-06,2.9356393756007222e-05,8.085333267191606e-05,0.00021768391597621516,0.0005340409437751321,0.002244613850575047,0.006169124954775882,0.03556800719078511,0.14122555255354002,534.5901348272253,86.90173706975042,-7.3717363781057745,,,,,,,,,,,,,,,,,,,,,,
run_3144,0.030642312069324315,4.640469874619978,0.9895295911349177,3.8127311030626045,5.353942206166045,0.056235652106841,87.48540672490371,0.2946754906027532,0.21712805352780407,10.307793019689337,10.104003528693493,1.0009730200401314,96.14128232459345,0.6149089823674551,6.276531942384264e-06,2.8923661595580438e-05,8.396473809357451e-05,0.00022708744174048894,0.0005116342406027151,0.002146660407709925,0.006058919018259017,0.03403954032897659,0.1464500481786542,545.5829659898817,82.67241589870792,-11.272362662137498,,,,,,,,,,,,,,,,,,,,,,
run_3221,0.03135517813380713,4.765141586623166,0.8742535136468489,3.4250702327215796,5.125412701380795,0.055429818663641925,87.33784857547477,0.2378436407724837,0.20692997142181435,10.292247630466484,10.819869539229206,1.0569944169473222,95.69932896694043,0.6041399750766091,5.28820077370966e-06,2.971503967186271e-05,7.598797001421438e-05,0.000211167194248801,0.0005095798840028198,0.0021547168652068225,0.0063283716740750295,0.03390202283078777,0.14485519152359985,528.5117891731429,93.16584900329048,-9.970273311455225,,,,,,,,,,,,,,,,,,,,,,
run_3268,0.031088565378731604,5.447741451487188,0.8733890007241539,3.8686750179800553,5.020857916380297,0.052746173663961705,82.99972108340404,0.1849374910905759,0.18870163198222378,10.874305633615394,11.276750289764394,0.9840299670150382,95.7733750972164,0.6260725499902671,5.009977650829293e-06,3.0344328045983494e-05,7.741272810500559e-05,0.00022590994051930246,0.0005202162336820947,0.0021375250265668346,0.006363062753919073,0.033121357901890365,0.1527270010715115,524.6907920775782,83.89190854957435,-9.675693748372133,,,,,,,,,,,,,,,,,,,,,,
run_3268,0.031088565378731604,5.447741451487188,0.8733890007241539,3.8686750179800553,5.020857916380297,0.052746173663961705,82.99972108340404,0.1849374910905759,0.18870163198222378,10.874305633615394,11.276750289764394,0.9840299670150382,95.7733750972164,0.6260725499902671,5.009977650829293e-06,3.0344328045983494e-05,7.741272810500559e-05,0.00022590994051930246,0.0005202162336820947,0.0021375250265668346,0.006363062753919073,0.033121357901890365,0.1527270010715115,524.6907920775782,83.89190854957435,-9.675693748372133,,,,,,,,,,,,,,,,,,,,,,
run_3496,0.03056149406053814,1.5473483095001725,0.8228076094424049,3.53652799518118,5.0425879841529255,0.055121854182574904,87.93871650437708,0.26533006078784305,0.18912777574256504,10.308705911107424,11.870508599534281,1.002017201979094,95.98095152081449,0.6391564893938813,4.955817908037195e-06,2.9787406833557993e-05,8.028503575289946e-05,0.00022372222782434767,0.0004972140903172161,0.0021712394010580116,0.006209668257544196,0.03297638995391476,0.14844121482108913,497.6679535857994,84.25844209870178,-9.428895669867524,,,,,,,,,,,,,,,,,,,,,,
run_1916,0.03160044672213454,7.36227210648314,0.8291045310881657,3.360051389731117,5.296628473243864,0.07032051259694252,98.982262539637,0.2013129510001105,0.2597097548563386,10.745154952601075,10.178396305176955,1.0965518523964595,94.60732697474657,0.6143591064883492,5.165869529224163e-06,3.239408220410414e-05,7.320304712940598e-05,0.000286903386724201,0.0006187426352272725,0.001906671792517034,0.009051434232491551,0.03124496975221365,0.13051076573143125,536.4749221844663,80.0709761447842,-11.863019530846831,,,,,,,,,,,,,,,,,,,,,,
run_2029,0.03133299167318739,6.353298134164488,0.8436272094486701,3.4407412185997197,5.281529154329656,0.07070315600656023,98.2683036324707,0.2829310198774972,0.24887074044423962,9.990799844273845,11.398465299472827,1.0070624266831985,94.29953662311723,0.6125177383116758,7.458178678406405e-06,3.243283106293394e-05,7.504936268784547e-05,0.0002796510148940127,0.0006328052300526714,0.0018261243910093104,0.00892846687642502,0.029703215551711296,0.1290130314826786,549.8407192271563,85.45014811043187,-9.532832918889468,,,,,,,,,,,,,,,,,,,,,,
run_2029,0.03133299167318739,6.353298134164488,0.8436272094486701,3.4407412185997197,5.281529154329656,0.07070315600656023,98.2683036324707,0.2829310198774972,0.24887074044423962,9.990799844273845,11.398465299472827,1.0070624266831985,94.29953662311723,0.6125177383116758,7.458178678406405e-06,3.243283106293394e-05,7.504936268784547e-05,0.0002796510148940127,0.0006328052300526714,0.0018261243910093104,0.00892846687642502,0.029703215551711296,0.1290130314826786,549.8407192271563,85.45014811043187,-9.532832918889468,,,,,,,,,,,,,,,,,,,,,,
run_2240,0.030546619563336756,4.746274790035464,0.8064183363859474,3.190283821367701,5.614474596613922,0.06834313465558435,96.52288124425677,0.2889325428766968,0.2564273205184679,9.366604767558725,11.957993813259424,0.9218028444070369,92.7480750562176,0.6090544903258316,5.870241690745137e-06,3.294572215877353e-05,7.140435003729064e-05,0.0002747696134968846,0.0006438728717407616,0.00186821045287714,0.008934109858560444,0.029970196072563928,0.12604368257156526,540.5508399005372,89.33191703279131,-10.037211535703372,,,,,,,,,,,,,,,,,,,,,,
run_2331,0.030724725900536043,4.592787183856814,0.7895425503405842,3.030632999127741,5.634991460404165,0.07033316447942006,99.76000680783574,0.2727411456572257,0.2506171860281694,9.611272750459769,11.961059330629475,0.8801595343936229,93.58837856606415,0.6130328961411495,7.475974813553885e-06,3.4022621399807845e-05,7.204673573319249e-05,0.00027536477486610997,0.0006402860995281242,0.0018999003376152087,0.008912653368280118,0.028931636684434492,0.11537961002752774,569.9751634433557,94.21960905181349,-9.783114291837524,,,,,,,,,,,,,,,,,,,,,,
run_2414,0.03084507420890541,2.905406574326628,0.7815950461188921,3.0968077417592075,5.34973538054725,0.0669475992663783,101.89629431525844,0.27893503063489844,0.22794151412328695,8.939585311380982,11.866281094694157,0.8181763176509033,92.95805408517442,0.6031033377220233,6.646160302366441e-06,3.4074711180343775e-05,7.266535499647878e-05,0.00027158815401260217,0.0006304338612837545,0.0019047323033110773,0.008844794726708327,0.028436250738918267,0.11348849625845638,583.9121081042539,91.08378207602169,-9.73080004288867,,,,,,,,,,,,,,,,,,,,,,
run_2414,0.03084507420890541,2.905406574326628,0.7815950461188921,3.0968077417592075,5.34973538054725,0.0669475992663783,101.89629431525844,0.27893503063489844,0.22794151412328695,8.939585311380982,11.866281094694157,0.8181763176509033,92.95805408517442,0.6031033377220233,6.646160302366441e-06,3.4074711180343775e-05,7.266535499647878e-05,0.00027158815401260217,0.0006304338612837545,0.0019047323033110773,0.008844794726708327,0.028436250738918267,0.11348849625845638,583.9121081042539,91.08378207602169,-9.73080004288867,,,,,,,,,,,,,,,,,,,,,,
run_2665,0.030582510251954194,3.090723235967657,0.7276975580343747,3.502251709436649,5.107544665347966,0.06350444691913525,95.34002855210797,0.21663110697932214,0.25626382958374333,8.515348188258795,9.752910912308925,0.9903976431875234,93.63115097929499,0.6006403568609071,6.897929728129794e-06,3.3303860334006e-05,7.818103971489578e-05,0.0002703436875915429,0.0006095512668092999,0.001825202257583585,0.00939200083553979,0.026621315261353043,0.14047849169518084,590.1850855967904,86.41264891451279,-6.818965697462965,,,,,,,,,,,,,,,,,,,,,,
run_2665,0.030582510251954194,3.090723235967657,0.7276975580343747,3.502251709436649,5.107544665347966,0.06350444691913525,95.34002855210797,0.21663110697932214,0.25626382958374333,8.515348188258795,9.752910912308925,0.9903976431875234,93.63115097929499,0.6006403568609071,6.897929728129794e-06,3.3303860334006e-05,7.818103971489578e-05,0.0002703436875915429,0.0006095512668092999,0.001825202257583585,0.00939200083553979,0.026621315261353043,0.14047849169518084,590.1850855967904,86.41264891451279,-6.818965697462965,,,,,,,,,,,,,,,,,,,,,,
run_2665,0.030582510251954194,3.090723235967657,0.7276975580343747,3.502251709436649,5.107544665347966,0.06350444691913525,95.34002855210797,0.21663110697932214,0.25626382958374333,8.515348188258795,9.752910912308925,0.9903976431875234,93.63115097929499,0.6006403568609071,6.897929728129794e-06,3.3303860334006e-05,7.818103971489578e-05,0.0002703436875915429,0.0006095512668092999,0.001825202257583585,0.00939200083553979,0.026621315261353043,0.14047849169518084,590.1850855967904,86.41264891451279,-6.818965697462965,,,,,,,,,,,,,,,,,,,,,,
run_2665,0.030582510251954194,3.090723235967657,0.7276975580343747,3.502251709436649,5.107544665347966,0.06350444691913525,95.34002855210797,0.21663110697932214,0.25626382958374333,8.515348188258795,9.752910912308925,0.9903976431875234,93.63115097929499,0.6006403568609071,6.897929728129794e-06,3.3303860334006e-05,7.818103971489578e-05,0.0002703436875915429,0.0006095512668092999,0.001825202257583585,0.00939200083553979,0.026621315261353043,0.14047849169518084,590.1850855967904,86.41264891451279,-6.818965697462965,,,,,,,,,,,,,,,,,,,,,,
run_2665,0.030582510251954194,3.090723235967657,0.7276975580343747,3.502251709436649,5.107544665347966,0.06350444691913525,95.34002855210797,0.21663110697932214,0.25626382958374333,8.515348188258795,9.752910912308925,0.9903976431875234,93.63115097929499,0.6006403568609071,6.897929728129794e-06,3.3303860334006e-05,7.818103971489578e-05,0.0002703436875915429,0.0006095512668092999,0.001825202257583585,0.00939200083553979,0.026621315261353043,0.14047849169518084,590.1850855967904,86.41264891451279,-6.818965697462965,,,,,,,,,,,,,,,,,,,,,,
run_2665,0.030582510251954194,3.090723235967657,0.7276975580343747,3.502251709436649,5.107544665347966,0.06350444691913525,95.34002855210797,0.21663110697932214,0.25626382958374333,8.515348188258795,9.752910912308925,0.9903976431875234,93.63115097929499,0.6006403568609071,6.897929728129794e-06,3.3303860334006e-05,7.818103971489578e-05,0.0002703436875915429,0.0006095512668092999,0.001825202257583585,0.00939200083553979,0.026621315261353043,0.14047849169518084,590.1850855967904,86.41264891451279,-6.818965697462965,,,,,,,,,,,,,,,,,,,,,,
run_2665,0.030582510251954194,3.090723235967657,0.7276975580343747,3.502251709436649,5.107544665347966,0.06350444691913525,95.34002855210797,0.21663110697932214,0.25626382958374333,8.515348188258795,9.752910912308925,0.9903976431875234,93.63115097929499,0.6006403568609071,6.897929728129794e-06,3.3303860334006e-05,7.818103971489578e-05,0.0002703436875915429,0.0006095512668092999,0.001825202257583585,0.00939200083553979,0.026621315261353043,0.14047849169518084,590.1850855967904,86.41264891451279,-6.818965697462965,,,,,,,,,,,,,,,,,,,,,,
run_2665,0.030582510251954194,3.090723235967657,0.7276975580343747,3.502251709436649,5.107544665347966,0.06350444691913525,95.34002855210797,0.21663110697932214,0.25626382958374333,8.515348188258795,9.752910912308925,0.9903976431875234,93.63115097929499,0.6006403568609071,6.897929728129794e-06,3.3303860334006e-05,7.818103971489578e-05,0.0002703436875915429,0.0006095512668092999,0.001825202257583585,0.00939200083553979,0.026621315261353043,0.14047849169518084,590.1850855967904,86.41264891451279,-6.818965697462965,,,,,,,,,,,,,,,,,,,,,,
run_2665,0.030582510251954194,3.090723235967657,0.7276975580343747,3.502251709436649,5.107544665347966,0.06350444691913525,95.34002855210797,0.21663110697932214,0.25626382958374333,8.515348188258795,9.752910912308925,0.9903976431875234,93.63115097929499,0.6006403568609071,6.897929728129794e-06,3.3303860334006e-05,7.818103971489578e-05,0.0002703436875915429,0.0006095512668092999,0.001825202257583585,0.00939200083553979,0.026621315261353043,0.14047849169518084,590.1850855967904,86.41264891451279,-6.818965697462965,,,,,,,,,,,,,,,,,,,,,,
run_2665,0.030582510251954194,3.090723235967657,0.7276975580343747,3.502251709436649,5.107544665347966,0.06350444691913525,95.34002855210797,0.21663110697932214,0.25626382958374333,8.515348188258795,9.752910912308925,0.9903976431875234,93.63115097929499,0.6006403568609071,6.897929728129794e-06,3.3303860334006e-05,7.818103971489578e-05,0.0002703436875915429,0.0006095512668092999,0.001825202257583585,0.00939200083553979,0.026621315261353043,0.14047849169518084,590.1850855967904,86.41264891451279,-6.818965697462965,,,,,,,,,,,,,,,,,,,,,,
run_1883,0.03079475347015632,0.7627202987051345,0.8599031394046687,3.1167103761297774,5.169768761841373,0.0636653943092949,97.61360256203098,0.3081155963631475,0.2017357840577454,9.558832382523107,9.780198669855755,0.7352975590829305,106.37958078082212,0.6340123723352001,1.790275110419684e-05,2.6665662539306535e-05,0.00011377520975226264,0.0001859960692973373,0.0005463979836190583,0.0021909807842706726,0.006669378277113025,0.03312944647752791,0.08119870905534173,544.0004547751964,73.10058651600649,-13.784484499387027,,,,,,,,,,,,,,,,,,,,,,
run_1883,0.03079475347015632,0.7627202987051345,0.8599031394046687,3.1167103761297774,5.169768761841373,0.0636653943092949,97.61360256203098,0.3081155963631475,0.2017357840577454,9.558832382523107,9.780198669855755,0.7352975590829305,106.37958078082212,0.6340123723352001,1.790275110419684e-05,2.6665662539306535e-05,0.00011377520975226264,0.0001859960692973373,0.0005463979836190583,0.0021909807842706726,0.006669378277113025,0.03312944647752791,0.08119870905534173,544.0004547751964,73.10058651600649,-13.784484499387027,,,,,,,,,,,,,,,,,,,,,,
run_2192,0.03081202726054997,0.9536593339769073,0.8338314037630822,3.272689690434037,5.171523352541769,0.05824596123983828,97.20222552024954,0.23537479736321779,0.18935839184686232,9.246920904370038,8.529785780986824,0.678381861914146,108.3405212603402,0.6388694972041821,2.013379301254092e-05,2.9074825629373693e-05,0.0001106122454990445,0.00018575673751115902,0.0005522426912536436,0.0021826947969231514,0.006743306049400485,0.03135987045689332,0.08732837912396102,526.9539551394072,82.66364971393618,-10.889134206235335,,,,,,,,,,,,,,,,,,,,,,
run_2192,0.03081202726054997,0.9536593339769073,0.8338314037630822,3.272689690434037,5.171523352541769,0.05824596123983828,97.20222552024954,0.23537479736321779,0.18935839184686232,9.246920904370038,8.529785780986824,0.678381861914146,108.3405212603402,0.6388694972041821,2.013379301254092e-05,2.9074825629373693e-05,0.0001106122454990445,0.00018575673751115902,0.0005522426912536436,0.0021826947969231514,0.006743306049400485,0.03135987045689332,0.08732837912396102,526.9539551394072,82.66364971393618,-10.889134206235335,,,,,,,,,,,,,,,,,,,,,,
run_2192,0.03081202726054997,0.9536593339769073,0.8338314037630822,3.272689690434037,5.171523352541769,0.05824596123983828,97.20222552024954,0.23537479736321779,0.18935839184686232,9.246920904370038,8.529785780986824,0.678381861914146,108.3405212603402,0.6388694972041821,2.013379301254092e-05,2.9074825629373693e-05,0.0001106122454990445,0.00018575673751115902,0.0005522426912536436,0.0021826947969231514,0.006743306049400485,0.03135987045689332,0.08732837912396102,526.9539551394072,82.66364971393618,-10.889134206235335,,,,,,,,,,,,,,,,,,,,,,
run_2550,0.030297697718705194,0.18761903413298464,0.8821516964319047,3.994596957794449,5.039614916651592,0.05892665395555227,96.71948963132022,0.19708832881515026,0.21266008068664966,9.247149313081655,8.850353803483436,0.7398117873725284,108.9659667037744,0.633370325731342,1.9046995990188087e-05,2.8563475808069012e-05,0.0001076287798448922,0.00018815840362016502,0.0005394492599273713,0.0022150394991138464,0.006448814582307863,0.030589272459319698,0.08409479600263768,542.4822634365539,83.46512947370061,-11.463072240788412,,,,,,,,,,,,,,,,,,,,,,
run_2550,0.030297697718705194,0.18761903413298464,0.8821516964319047,3.994596957794449,5.039614916651592,0.05892665395555227,96.71948963132022,0.19708832881515026,0.21266008068664966,9.247149313081655,8.850353803483436,0.7398117873725284,108.9659667037744,0.633370325731342,1.9046995990188087e-05,2.8563475808069012e-05,0.0001076287798448922,0.00018815840362016502,0.0005394492599273713,0.0022150394991138464,0.006448814582307863,0.030589272459319698,0.08409479600263768,542.4822634365539,83.46512947370061,-11.463072240788412,,,,,,,,,,,,,,,,,,,,,,
run_2550,0.030297697718705194,0.18761903413298464,0.8821516964319047,3.994596957794449,5.039614916651592,0.05892665395555227,96.71948963132022,0.19708832881515026,0.21266008068664966,9.247149313081655,8.850353803483436,0.7398117873725284,108.9659667037744,0.633370325731342,1.9046995990188087e-05,2.8563475808069012e-05,0.0001076287798448922,0.00018815840362016502,0.0005394492599273713,0.0022150394991138464,0.006448814582307863,0.030589272459319698,0.08409479600263768,542.4822634365539,83.46512947370061,-11.463072240788412,,,,,,,,,,,,,,,,,,,,,,
run_2799,0.03045291801723014,1.0551133351153217,0.8967961128193441,3.9382316688707975,5.191965611522177,0.059641427801110564,92.36453419642925,0.15889982858723525,0.22089874620992206,8.68049708944567,9.393644268941317,0.7386225524495522,110.35471232383888,0.6240796586887438,2.0850232201670633e-05,3.064679898809019e-05,0.00010602375548870022,0.00019035252844303347,0.0005333202293758607,0.002183430506660842,0.006333291921274058,0.03014829402196661,0.08332694862247007,553.4315465496777,82.3140278322912,-9.424939315164604,,,,,,,,,,,,,,,,,,,,,,
run_2799,0.03045291801723014,1.0551133351153217,0.8967961128193441,3.9382316688707975,5.191965611522177,0.059641427801110564,92.36453419642925,0.15889982858723525,0.22089874620992206,8.68049708944567,9.393644268941317,0.7386225524495522,110.35471232383888,0.6240796586887438,2.0850232201670633e-05,3.064679898809019e-05,0.00010602375548870022,0.00019035252844303347,0.0005333202293758607,0.002183430506660842,0.006333291921274058,0.03014829402196661,0.08332694862247007,553.4315465496777,82.3140278322912,-9.424939315164604,,,,,,,,,,,,,,,,,,,,,,
run_2799,0.03045291801723014,1.0551133351153217,0.8967961128193441,3.9382316688707975,5.191965611522177,0.059641427801110564,92.36453419642925,0.15889982858723525,0.22089874620992206,8.68049708944567,9.393644268941317,0.7386225524495522,110.35471232383888,0.6240796586887438,2.0850232201670633e-05,3.064679898809019e-05,0.00010602375548870022,0.00019035252844303347,0.0005333202293758607,0.002183430506660842,0.006333291921274058,0.03014829402196661,0.08332694862247007,553.4315465496777,82.3140278322912,-9.424939315164604,,,,,,,,,,,,,,,,,,,,,,
run_3056,0.03111121983616728,2.4948607106819134,0.976080134867381,3.8959825852912355,5.26817119678005,0.06050683218461186,88.43964278495058,0.139824215514242,0.23128614838895517,8.684429434521588,9.894969334695652,0.6269149179630622,106.2118952760996,0.6379661786224912,2.2103056586545005e-05,2.819597013062888e-05,0.00010591443706528475,0.00019600530467289368,0.0005430195354979942,0.002194076128397155,0.006179353135998856,0.027032564715081774,0.07710199034305565,583.9500205675047,74.18786806260901,-10.136452617787675,,,,,,,,,,,,,,,,,,,,,,
run_3214,0.03102256456589658,3.875032730848209,0.9577006238215746,3.937480994437632,5.354573880613961,0.06469709904005587,90.75385445844707,0.1810760403055261,0.21170778507166615,9.73008428260803,9.944474762386356,0.7523519744071832,102.03839095903359,0.6044358235449118,2.0626264504868202e-05,2.6333534758914593e-05,0.00010753391162055998,0.0001923004927887646,0.0005309736324451172,0.0021529219959259688,0.006249802006834697,0.026611426637901597,0.08345954267122116,538.8334190793837,84.74821882256691,-8.558489406851383,,,,,,,,,,,,,,,,,,,,,,
run_3273,0.03159878897297139,4.3426558724248565,0.9837248843613473,3.851285558837314,5.165935293607837,0.06302035835847837,92.2861390247583,0.22104115289966064,0.21846213698493788,10.624832907147995,10.1326811982523,0.7277838534185657,107.58915966326721,0.6027781666439465,2.1232137811619456e-05,2.601895682453581e-05,0.00010791825528834448,0.00019341518360381743,0.0005346325287178491,0.0021290259852323004,0.006417980073119851,0.02663794099201785,0.08194114902663793,589.8865247437462,95.4150691925975,-7.498759331575539,,,,,,,,,,,,,,,,,,,,,,
run_3273,0.03159878897297139,4.3426558724248565,0.9837248843613473,3.851285558837314,5.165935293607837,0.06302035835847837,92.2861390247583,0.22104115289966064,0.21846213698493788,10.624832907147995,10.1326811982523,0.7277838534185657,107.58915966326721,0.6027781666439465,2.1232137811619456e-05,2.601895682453581e-05,0.00010791825528834448,0.00019341518360381743,0.0005346325287178491,0.0021290259852323004,0.006417980073119851,0.02663794099201785,0.08194114902663793,589.8865247437462,95.4150691925975,-7.498759331575539,,,,,,,,,,,,,,,,,,,,,,
run_3273,0.03159878897297139,4.3426558724248565,0.9837248843613473,3.851285558837314,5.165935293607837,0.06302035835847837,92.2861390247583,0.22104115289966064,0.21846213698493788,10.624832907147995,10.1326811982523,0.7277838534185657,107.58915966326721,0.6027781666439465,2.1232137811619456e-05,2.601895682453581e-05,0.00010791825528834448,0.00019341518360381743,0.0005346325287178491,0.0021290259852323004,0.006417980073119851,0.02663794099201785,0.08194114902663793,589.8865247437462,95.4150691925975,-7.498759331575539,,,,,,,,,,,,,,,,,,,,,,
run_1830,0.029896840122296882,1.5958051498785575,0.844602965543465,3.0351573763699857,5.455574595348694,0.0672606527698392,100.03536461770264,0.254191591878158,0.2788197319945997,6.324063378431767,7.3807350129121545,1.1522403695007275,106.68643165046794,0.6396475249016919,9.174923942181033e-06,3.183349361471298e-05,7.791373931883595e-05,0.000242420856640363,0.0006497485699833331,0.0021513100607063345,0.006739213981006767,0.03273273071176218,0.1408535548909438,573.0465782012287,88.87060609687843,-15.059088951810349,,,,,,,,,,,,,,,,,,,,,,
run_2071,0.03074030549905368,4.268479066987597,0.8250022431114562,3.2005935350323327,5.150533420975616,0.07241392021268431,99.97545240190736,0.2801145429806082,0.28237571544492057,8.0647431182083,6.800853977370998,1.155789711412684,107.65338727320804,0.6037367129520791,1.0661173284593275e-05,3.4596888461495975e-05,8.610138236812582e-05,0.0002486173974129511,0.0006302189328136383,0.002211541628811295,0.006015398288383185,0.034092696868094685,0.13698086377299362,525.4037437012562,90.89072802721537,-12.510429835510287,,,,,,,,,,,,,,,,,,,,,,
run_2178,0.03057806640774277,3.983821989749505,0.8803837532511181,3.5062296135027204,5.204457594692358,0.06500699134059233,98.31557728335058,0.2958375645665965,0.2747819147071612,7.365686945811561,7.5203907587496,1.0975534500875541,104.40245496385081,0.6546898550490308,9.607565065386482e-06,3.3471573574982505e-05,9.22940845043911e-05,0.00026309105563533794,0.0006092772524779984,0.0022378703081651465,0.00601860999539854,0.03501434431100747,0.14301679985566743,587.7289527719422,85.55080516821525,-12.768933153235977,,,,,,,,,,,,,,,,,,,,,,
run_2178,0.03057806640774277,3.983821989749505,0.8803837532511181,3.5062296135027204,5.204457594692358,0.06500699134059233,98.31557728335058,0.2958375645665965,0.2747819147071612,7.365686945811561,7.5203907587496,1.0975534500875541,104.40245496385081,0.6546898550490308,9.607565065386482e-06,3.3471573574982505e-05,9.22940845043911e-05,0.00026309105563533794,0.0006092772524779984,0.0022378703081651465,0.00601860999539854,0.03501434431100747,0.14301679985566743,587.7289527719422,85.55080516821525,-12.768933153235977,,,,,,,,,,,,,,,,,,,,,,
run_2382,0.03010617439827385,1.6901338664407142,0.8300535092523155,3.313396456763155,5.268935835171636,0.06660548510361768,94.73349689807354,0.2779401034646708,0.2660289055938851,7.780958504712573,7.422832816062407,1.1517405169332748,104.89457190072588,0.6778248515262892,9.48202177704357e-06,3.433964743948775e-05,9.481337815455291e-05,0.0002773796380809326,0.000632483285663671,0.0021593980733555593,0.006213992216307795,0.03459763185440297,0.14380317202581314,576.210821509943,93.85910157183112,-14.35103459334107,,,,,,,,,,,,,,,,,,,,,,
run_2500,0.03027333183106876,1.0037523501767411,0.8338118655050341,3.413977485511855,5.12031405655405,0.06258485104941752,92.54770747347963,0.27495749251669177,0.26926011236491015,7.984528542612605,7.037518225906835,1.0447624064116106,105.02943848130458,0.6670890758649872,9.036491202865086e-06,3.528345607409133e-05,9.435405650360605e-05,0.0002858568843048719,0.0006122747092873473,0.002123995345771548,0.006178519328346852,0.03350082930924225,0.14805859561469825,562.988908463636,94.83959768443712,-13.868125950577227,,,,,,,,,,,,,,,,,,,,,,
run_2557,0.02979524125020475,0.1572307341399245,0.8590470697030088,3.4766689715468817,5.130540670071952,0.06507249275878457,91.4067194125542,0.2994612218936809,0.2734315210808005,8.118327330169635,7.836437107553606,0.9464150823819156,108.94504203143353,0.654387740965079,7.784813310481642e-06,3.4411693689741045e-05,9.308384647583806e-05,0.00028853823278124515,0.0006257696962921316,0.0020802238306757035,0.006393381909458851,0.03378432304402189,0.15072060928616068,586.9779859575403,92.7692859076343,-9.209777832524285,,,,,,,,,,,,,,,,,,,,,,
run_2691,0.030075829584496193,2.4431136753815332,0.9463912195352642,3.7400750514626435,5.227098668375495,0.06898957491695056,89.36821936447467,0.25872736359484927,0.25039409248074945,8.641663175100218,8.304311482968311,1.0708525666460036,108.33228676816724,0.6087382869893099,5.9302340396662676e-06,3.4679612068920705e-05,9.167998584990466e-05,0.0002796856949287632,0.0006502207009213117,0.002052569458559915,0.006384476782055635,0.03261816189583839,0.15145753112119575,533.0866124875112,87.33291741547608,-9.764744579610603,,,,,,,,,,,,,,,,,,,,,,
run_2765,0.02947546537715593,0.4568492308513521,0.8815962878085508,3.8810101957493677,5.172992928327982,0.07142276711297726,89.33487444574922,0.26049217186236134,0.2666396237883817,8.436496774058446,8.073244495376626,0.9143473927637314,107.40821441400631,0.6268991770052429,7.781919244583514e-06,3.4426335108547925e-05,8.985926532355061e-05,0.000275248546862912,0.0006460279372162807,0.0020659709706215643,0.006158089709282948,0.031042170764279755,0.1436273484455636,516.3677421893932,85.24986086015086,-11.019601519217225,,,,,,,,,,,,,,,,,,,,,,
run_2829,0.03012412535858628,0.31566860886096754,0.8720848109715624,3.7362085444855566,5.0082405653997455,0.07100501708280628,87.34116187141908,0.26345300715109815,0.25944037993191377,8.12506267207576,7.060603773934488,0.8549965589235569,108.70792269441567,0.6170960052944475,8.038314440237392e-06,3.369784870638115e-05,8.609868308475165e-05,0.0002734295201814232,0.000643179193415899,0.0020304604206250795,0.006161473525953849,0.03191711773378545,0.14644126355373124,574.7172009155787,89.46013065709444,-10.345052866617706,,,,,,,,,,,,,,,,,,,,,,
run_2829,0.03012412535858628,0.31566860886096754,0.8720848109715624,3.7362085444855566,5.0082405653997455,0.07100501708280628,87.34116187141908,0.26345300715109815,0.25944037993191377,8.12506267207576,7.060603773934488,0.8549965589235569,108.70792269441567,0.6170960052944475,8.038314440237392e-06,3.369784870638115e-05,8.609868308475165e-05,0.0002734295201814232,0.000643179193415899,0.0020304604206250795,0.006161473525953849,0.03191711773378545,0.14644126355373124,574.7172009155787,89.46013065709444,-10.345052866617706,,,,,,,,,,,,,,,,,,,,,,
run_2829,0.03012412535858628,0.31566860886096754,0.8720848109715624,3.7362085444855566,5.0082405653997455,0.07100501708280628,87.34116187141908,0.26345300715109815,0.25944037993191377,8.12506267207576,7.060603773934488,0.8549965589235569,108.70792269441567,0.6170960052944475,8.038314440237392e-06,3.369784870638115e-05,8.609868308475165e-05,0.0002734295201814232,0.000643179193415899,0.0020304604206250795,0.006161473525953849,0.03191711773378545,0.14644126355373124,574.7172009155787,89.46013065709444,-10.345052866617706,,,,,,,,,,,,,,,,,,,,,,
run_2829,0.03012412535858628,0.31566860886096754,0.8720848109715624,3.7362085444855566,5.0082405653997455,0.07100501708280628,87.34116187141908,0.26345300715109815,0.25944037993191377,8.12506267207576,7.060603773934488,0.8549965589235569,108.70792269441567,0.6170960052944475,8.038314440237392e-06,3.369784870638115e-05,8.609868308475165e-05,0.0002734295201814232,0.000643179193415899,0.0020304604206250795,0.006161473525953849,0.03191711773378545,0.14644126355373124,574.7172009155787,89.46013065709444,-10.345052866617706,,,,,,,,,,,,,,,,,,,,,,
run_3232,0.02986060434090528,2.3092769655529573,0.9167748295572561,3.4201452388721267,5.490546586123755,0.06876393225034035,89.76211984029581,0.25857253969395017,0.2747326133311147,8.788454462408772,7.746701810571482,0.8601896118633074,107.73467143486184,0.6069942578976927,7.720055862516248e-06,3.365182587733301e-05,9.033897996302356e-05,0.0002756415634635601,0.0006451990599792384,0.0020029692174000566,0.006289959438197921,0.032051859388273346,0.14701693205487323,552.3368506457605,89.8063097488801,-8.738638573992617,,,,,,,,,,,,,,,,,,,,,,
run_3380,0.029822846328292397,3.7477838561734087,0.8819042358392403,3.1425720481646704,5.833230700058508,0.06327090768472036,89.0791721330145,0.2870433124999492,0.2976948324197837,9.676426856830307,9.842265586123883,0.8044794915789926,99.81513926134163,0.6038394508899082,7.267132111706509e-06,2.9280985856025237e-05,8.731103962884863e-05,0.0002664781640987903,0.0006334734158206246,0.0021057369557843536,0.006640001091948351,0.032519164839506925,0.1386822784770744,508.31212093397426,82.66345643735784,-8.406808750363279,,,,,,,,,,,,,,,,,,,,,,
run_2458,0.03260640932468894,9.330245973504281,0.6872290833310751,3.0148413941305634,5.01135562723591,0.08605815559953342,75.44957187684558,0.1544910352452688,0.1937811399021438,4.93077049955534,5.169370190815262,0.7759636212550044,95.27985204857546,0.6037775143260427,2.02621106423995e-05,3.2011936583618876e-05,0.00011764119236140505,0.0002334694865172135,0.0005124519850845748,0.0015692213835250483,0.008391942902551514,0.02742262169662476,0.14683656972982367,593.8375115544926,90.97115993119228,-6.817441062005168,,,,,,,,,,,,,,,,,,,,,,
