idx,contact_rate,start_time,npi_effectiveness.other_locations,compartment_periods_calculated.incubation.total_period,compartment_periods_calculated.total_infectious.total_period,tv_detection_b,tv_detection_c,prop_detected_among_symptomatic,icu_prop,ifr_double_exp_model_params.k,ifr_double_exp_model_params.last_representative_age,notifications_dispersion_param,infection_deathsXall_dispersion_param,loglikelihood,best_x0,best_x1,best_x2,best_x3,best_x4,best_x5,best_x6,best_x7,best_x8,best_x9,best_x10,best_x11,best_x12,best_x13,best_x14,best_x15,best_deaths,all_vars_to_1_deaths,best_p_immune,all_vars_to_1_p_immune
run_415,0.044047240082223944,13.645606268292836,0.9379326686302808,3.6480537662383123,5.4282613709272525,0.07555462726923046,88.41473274779406,0.6346839535958722,0.36642327072343067,7.157107253497531,82.93957263646004,1.1262470962149735,0.8006784431863452,-1758.7135883930694,,,,,,,,,,,,,,,,,,,,
run_642,0.04429571934611989,12.02313860490667,0.8773628505173532,3.810616664898863,5.142884463518614,0.09233071155814447,88.74627884236344,0.7868569788524286,0.3321179681879248,7.405299557382992,83.90505305798789,1.5762883989619159,0.7779690865637735,-1751.377406703929,,,,,,,,,,,,,,,,,,,,
run_642,0.04429571934611989,12.02313860490667,0.8773628505173532,3.810616664898863,5.142884463518614,0.09233071155814447,88.74627884236344,0.7868569788524286,0.3321179681879248,7.405299557382992,83.90505305798789,1.5762883989619159,0.7779690865637735,-1751.377406703929,,,,,,,,,,,,,,,,,,,,
run_1469,0.041031324478753406,12.987933208531379,0.8417952410811147,4.098850088448974,5.8733554394993,0.09201748548789246,86.18230917534869,0.7895349827258836,0.342768940793016,6.907212988254203,83.57467203566324,1.2332880584534947,0.7672866590302027,-1754.687109766028,,,,,,,,,,,,,,,,,,,,
run_1751,0.04044013552467776,14.680418991289342,0.6797850571055136,4.580893339331266,5.737544138765747,0.09898872470934471,81.47560324752232,0.8785884139747507,0.3144078042674926,6.93339101698485,83.07526651824878,2.205359070966367,0.8941538771860718,-1757.3893053393422,,,,,,,,,,,,,,,,,,,,
run_2131,0.04108684480098249,12.90815565540925,0.6516101353175195,3.354015965490969,6.192871334705773,0.08852640142118978,86.41058797275164,0.9328352141378746,0.39027915999643026,7.015965441742029,83.09191020448411,2.214955467009223,0.6327699879201695,-1753.0271406949355,,,,,,,,,,,,,,,,,,,,
run_2347,0.04087021302647578,11.339383696721603,0.5768341160369749,3.463976141224088,5.8581825585735094,0.09426662364828453,87.18676295688637,0.8442704882301734,0.35025746878870845,6.854333734406525,82.75645883862566,1.4592058358376554,0.7616754223710464,-1752.820924418582,,,,,,,,,,,,,,,,,,,,
run_669,0.04194351184832061,13.736953920758477,0.8901285951190091,3.8235974057266446,5.818516132353373,0.0691957040359495,90.97147086032047,0.9673331973012594,0.40477988760028333,7.150017852311029,78.17407391356458,1.2010893204452604,0.7888750479622214,-1750.1513125009308,,,,,,,,,,,,,,,,,,,,
run_988,0.044245482035636205,13.532813630120256,0.9245237692058264,3.778704433380031,5.24750744499079,0.06667101413203372,88.05635495882599,0.9050474519583128,0.3655138129303981,7.205505351747507,79.75490270187088,2.359498413311579,0.6888025519588536,-1751.36891544671,,,,,,,,,,,,,,,,,,,,
run_1324,0.04386241187039097,12.76852768244922,0.7889038788742804,4.056099700654547,5.013606881769624,0.06743798364740827,90.18662514363137,0.8847202731349597,0.295237894127946,7.460547422044538,80.93518292458367,1.8216205319657506,0.6078043747784913,-1750.227958723008,,,,,,,,,,,,,,,,,,,,
run_1549,0.044511380896525114,12.720389621439665,0.7964010720797833,4.044579739026636,4.863971756508434,0.06820371274269556,87.40928064614411,0.8690898818374349,0.30451989800462087,7.533863796306749,80.32317659963566,1.6262421044618334,0.8993191537087448,-1749.5789880068855,,,,,,,,,,,,,,,,,,,,
run_1549,0.044511380896525114,12.720389621439665,0.7964010720797833,4.044579739026636,4.863971756508434,0.06820371274269556,87.40928064614411,0.8690898818374349,0.30451989800462087,7.533863796306749,80.32317659963566,1.6262421044618334,0.8993191537087448,-1749.5789880068855,,,,,,,,,,,,,,,,,,,,
run_2199,0.04425963616482362,13.987333025204487,0.7224755450300578,4.3398370161960225,4.643388821465899,0.07797301970142803,87.37611075634985,0.8362912090477524,0.3022744642805677,7.603660675579815,79.53449841554892,1.8035373245605026,0.7526079528605261,-1752.4251110699934,,,,,,,,,,,,,,,,,,,,
run_514,0.04108892829741515,10.925421757049714,0.7167487961109571,4.53692324848783,5.199034808741135,0.06026308248802387,86.6768936906236,0.8596550818768445,0.28644095661839103,6.905076120906202,78.18040514828758,1.9627490887570065,0.6945561226221976,-1757.9623288063424,,,,,,,,,,,,,,,,,,,,
run_814,0.04228827055886415,12.46270435199568,0.7756526069495421,4.269192251167941,5.234830690181187,0.07980652998969053,87.68534059318318,0.849697054899021,0.2681354277579524,7.014786025260635,78.31654048092511,1.9329660191458946,1.0595801491090189,-1754.1597608680595,,,,,,,,,,,,,,,,,,,,
run_1065,0.04587832894139636,14.82648412246867,0.7374828674846063,3.2591998969643288,4.977401764334948,0.07633566177968225,88.92861604408618,0.9468789171968026,0.27387899097257745,7.115177848708535,79.37349351098929,1.6682284469695965,0.7688490029093666,-1744.650415962277,,,,,,,,,,,,,,,,,,,,
run_1065,0.04587832894139636,14.82648412246867,0.7374828674846063,3.2591998969643288,4.977401764334948,0.07633566177968225,88.92861604408618,0.9468789171968026,0.27387899097257745,7.115177848708535,79.37349351098929,1.6682284469695965,0.7688490029093666,-1744.650415962277,,,,,,,,,,,,,,,,,,,,
run_1801,0.04631939526226281,13.122532694054689,0.7132367949679747,4.252764683171282,4.0678991873656525,0.07066414473277474,88.58962025820202,0.9221048418830349,0.2793740312925296,6.917771141966236,79.6532096941663,1.6146140962928714,0.7709619755782268,-1746.5759646058536,,,,,,,,,,,,,,,,,,,,
run_2188,0.04662601962144465,13.984889610453306,0.6014351414446539,3.928880001609564,4.2578738210435985,0.0682968286305442,86.13528688974625,0.8311083664441321,0.2758121614296488,7.300652732790904,77.9357103574239,2.013613160067196,1.170396566627772,-1753.033034320217,,,,,,,,,,,,,,,,,,,,
run_2478,0.04455479405985475,13.676605168697114,0.5350183889401385,3.9675453690394815,4.61081827290411,0.06542366212018072,87.75309664023692,0.816912274432474,0.2630166514285794,7.112891473094987,78.43524897158183,1.7297463780877045,0.7266989150347448,-1750.057692037041,,,,,,,,,,,,,,,,,,,,
run_709,0.044102142022071335,14.66775208736848,0.7585610181722972,4.271713880392962,4.758957719077202,0.06250037877168203,86.8914598869228,0.9469320050189642,0.2951839612094862,6.854772830235328,82.4490755654485,1.4543936382792853,0.8144108082888605,-1746.9896830283435,,,,,,,,,,,,,,,,,,,,
run_905,0.044114602006243314,13.71247586474383,0.7994911124968173,4.058503361363523,4.9669339029496244,0.0645213507299639,92.78783772782417,0.9563672798299505,0.30111150147271815,7.088265030022674,82.24671693363902,1.4030603509393602,0.842764049134603,-1746.4465077428572,,,,,,,,,,,,,,,,,,,,
run_1264,0.04655827882857445,13.542787184061556,0.7823910590732001,3.7068097774259825,4.604782821657748,0.06539700334267214,95.10366927956767,0.962820241575001,0.30776230868529203,7.69786025666241,82.03482675837435,1.3940252806118005,0.7487579839919885,-1746.331170179515,,,,,,,,,,,,,,,,,,,,
run_1755,0.046259368644377366,14.183843034113035,0.7993629335818977,4.061036029831209,4.507894902011704,0.0678805298908064,90.45002585370075,0.9155324134847758,0.3051958061318274,7.017340007221772,81.50998178246397,1.2258087251634153,0.9223116909542631,-1750.2871140883565,,,,,,,,,,,,,,,,,,,,
run_2072,0.04893464110889604,14.52189338831786,0.8017430488525601,4.023033992374349,3.958384439952227,0.0764766173290861,87.76816434477696,0.7918095431747573,0.30447152000789024,7.044848116489182,79.94731414043804,2.2226219665164906,0.9036875382300666,-1751.3122549014656,,,,,,,,,,,,,,,,,,,,
run_2401,0.04959438964069376,14.288925013706875,0.7056807659129698,4.282185371903066,3.5299376914623077,0.0773512470486356,86.3597738846015,0.8432873944363346,0.3188756220403985,7.256862046186817,79.3336120844571,2.1695869742010214,0.8177624563000074,-1749.491537493075,,,,,,,,,,,,,,,,,,,,
run_675,0.04087705784434635,12.388079153294827,0.5167079611964155,2.8994214708978028,6.114722228221832,0.08741706211588822,86.82853032903444,0.91773004730957,0.16435834256645007,7.241630395877389,80.05492626708754,1.7332752978264012,0.6555831431480967,-1750.2683931152735,,,,,,,,,,,,,,,,,,,,
run_675,0.04087705784434635,12.388079153294827,0.5167079611964155,2.8994214708978028,6.114722228221832,0.08741706211588822,86.82853032903444,0.91773004730957,0.16435834256645007,7.241630395877389,80.05492626708754,1.7332752978264012,0.6555831431480967,-1750.2683931152735,,,,,,,,,,,,,,,,,,,,
run_1390,0.041544320485119315,13.68216387567388,0.44953678735771163,2.8941235325899353,6.088802650661173,0.09477971441135187,89.88676633658181,0.8846944463038924,0.16106905385946854,7.777983853647755,80.88180498011612,1.7308097089852015,0.8523002227841777,-1751.3103913427428,,,,,,,,,,,,,,,,,,,,
run_1435,0.042722391286300655,14.932903610263153,0.44514388660603227,2.979394037429246,5.75670251132192,0.09216008679029873,86.57663047570065,0.851195962596986,0.12353379368450888,7.766548690877523,81.38164107563992,2.3324026066301906,0.880317100474855,-1750.5793630799617,,,,,,,,,,,,,,,,,,,,
run_1979,0.04290834519068174,13.955575779491669,0.40471948127543644,2.894939807134607,5.511474241028922,0.09468380052591317,86.49050033705753,0.8213255230022928,0.16937046275043516,6.801785486053704,80.3387637301958,1.816795205711678,0.8872964909420756,-1748.3898869805041,,,,,,,,,,,,,,,,,,,,
run_2149,0.04398112893005257,13.71265828168034,0.4652246718107742,3.114266976720203,5.185519370950403,0.08905354180589062,85.09792447133658,0.7494170630955667,0.1643589887096779,7.268871413812854,80.68292664269501,1.7216459529684012,1.0161292269592543,-1750.5404872569945,,,,,,,,,,,,,,,,,,,,
run_722,0.03912891961743363,10.638564876193838,0.7060616190346184,3.789631649556671,6.460292025077625,0.0952352994653517,87.63144039272878,0.9268222570379195,0.2649837061216586,7.317744860557079,75.96694908100662,1.4933184218727704,1.0531691801697456,-1756.0018972639539,,,,,,,,,,,,,,,,,,,,
run_1031,0.03863305461503774,11.88523287199313,0.7697277913766549,4.251150360287664,6.501191450013931,0.08594184651352217,85.05763067463701,0.8861542997071543,0.21637078170638238,6.446649259771332,76.45127306153651,1.383440892774265,0.9550789387101595,-1757.7141731376232,,,,,,,,,,,,,,,,,,,,
run_1305,0.04226108305074782,13.88958084544398,0.8269411289246325,2.983165006526188,6.308030889256558,0.08940013683198869,87.59000866314759,0.8743685816432063,0.26007708402335067,7.078567085787485,76.36801228789534,1.7750174639150196,0.8020186517482348,-1749.002313173857,,,,,,,,,,,,,,,,,,,,
run_1657,0.042265877323877085,13.957730991356843,0.8446448108289424,3.4684424972396517,5.941238326293116,0.08615291267298703,88.67856510326014,0.8452332663536131,0.27081181017910505,7.283680164936403,76.45230383358269,1.4357255587383173,0.8060255626172584,-1748.5113841804682,,,,,,,,,,,,,,,,,,,,
run_1962,0.04234495211733579,13.999619635426397,0.8319273212239965,3.9146226770651156,5.668314357177683,0.08734496888244063,87.35072216923533,0.9202743893246321,0.2771331990574829,6.986305644039823,76.44675537231831,1.4022850454377345,0.7790817449592807,-1746.3840987775825,,,,,,,,,,,,,,,,,,,,
run_1962,0.04234495211733579,13.999619635426397,0.8319273212239965,3.9146226770651156,5.668314357177683,0.08734496888244063,87.35072216923533,0.9202743893246321,0.2771331990574829,6.986305644039823,76.44675537231831,1.4022850454377345,0.7790817449592807,-1746.3840987775825,,,,,,,,,,,,,,,,,,,,
run_500,0.038315273782094275,9.151114022448523,0.6976598705670254,4.801687431313833,5.929724628428235,0.07214805857801082,84.05487137437662,0.880583535609514,0.36463133092681155,6.274359801663627,76.97221483592358,1.3540599653772927,0.6186875708051109,-1760.6439729461665,,,,,,,,,,,,,,,,,,,,
run_858,0.039004981792471485,10.465862664553905,0.714896386373821,4.096664957641118,6.176592689013411,0.08604816659162454,82.17401263900462,0.8759792288964121,0.3260836332042449,6.661445951799712,76.3921224979996,1.9292216700644422,0.7647783256177294,-1755.8759929414052,,,,,,,,,,,,,,,,,,,,
run_1103,0.04172356480024411,13.869835466917552,0.701070007577682,4.022949159538301,5.549318247360837,0.08127432851274326,85.40710010403492,0.8417328110701993,0.33021999388416967,6.735075152203293,77.24347299163276,1.4189562008450616,0.8211786039090357,-1750.2963846492373,,,,,,,,,,,,,,,,,,,,
run_1425,0.04580039006919414,14.522632088223675,0.7180299453846364,3.277279501649919,5.05547863364383,0.07587283137600077,91.11469093072489,0.8759318841200552,0.31140749181690836,7.554886286153434,77.93244349664302,1.520023993370892,0.9308728224125004,-1744.7691733494362,,,,,,,,,,,,,,,,,,,,
run_1425,0.04580039006919414,14.522632088223675,0.7180299453846364,3.277279501649919,5.05547863364383,0.07587283137600077,91.11469093072489,0.8759318841200552,0.31140749181690836,7.554886286153434,77.93244349664302,1.520023993370892,0.9308728224125004,-1744.7691733494362,,,,,,,,,,,,,,,,,,,,
run_2212,0.04394280571161831,13.961222151105373,0.6851176014032297,3.4854847643101863,5.265399250256849,0.07205880532343867,90.00799973900646,0.9593223163812549,0.32882619047697487,7.178890003370624,77.42514809294512,1.7455343220256314,0.7364100173430075,-1742.6547599601997,,,,,,,,,,,,,,,,,,,,
run_2212,0.04394280571161831,13.961222151105373,0.6851176014032297,3.4854847643101863,5.265399250256849,0.07205880532343867,90.00799973900646,0.9593223163812549,0.32882619047697487,7.178890003370624,77.42514809294512,1.7455343220256314,0.7364100173430075,-1742.6547599601997,,,,,,,,,,,,,,,,,,,,
run_739,0.044739679899840706,12.742871830244335,0.4552729285629205,3.7736168701941994,4.520181987190947,0.08957514970277787,84.49164971088662,0.805910792967653,0.22967246262319546,6.732881294805641,78.46922202049844,1.6572591086421364,0.9878485738178424,-1751.4644844030645,,,,,,,,,,,,,,,,,,,,
run_998,0.044316570361619886,13.389365538656797,0.6105187385064905,4.2998583519330955,4.491339181380367,0.07158691956985144,88.4811731438899,0.9057525348692451,0.2379427328215283,7.324808435662701,79.78391864884132,1.3502659413855984,0.8564395989060325,-1749.4884318168351,,,,,,,,,,,,,,,,,,,,
run_1394,0.044081521539070814,13.99686792906103,0.6160714503725541,4.4914923240714675,4.5034262770707425,0.07190712258124221,84.36530290472699,0.9069936985596648,0.20055659219559718,6.952546194974099,81.37556414821732,1.8594176851326023,0.7576472676091259,-1748.844987309627,,,,,,,,,,,,,,,,,,,,
run_1578,0.04482876120745937,13.747622800033357,0.6618472361763641,4.293715988088254,4.487893201083984,0.08511334226673715,86.70284297479108,0.884768969332523,0.20328226302485417,7.294204115761936,79.56651452329494,1.9572305192985802,0.7791764078380397,-1746.3664275567337,,,,,,,,,,,,,,,,,,,,
run_2067,0.0454636217044911,13.50568796375499,0.6495356238936095,4.1532479557660205,4.389617904603179,0.07775336520720125,84.34783770536919,0.8715120655965511,0.23227024401344856,7.145817625440696,79.32342082344242,1.596362688779707,0.8011462721084376,-1747.6136338502272,,,,,,,,,,,,,,,,,,,,
run_2250,0.046436940100641616,13.592529809954963,0.6361668510131455,4.021665769808857,4.298461790863744,0.07582723798791838,89.19221575367474,0.7909566070815645,0.23371500739370263,7.381406619927543,78.1388444041952,1.6076650803545296,0.9326289818999047,-1749.0370410615687,,,,,,,,,,,,,,,,,,,,
run_665,0.04514163295178887,3.3852121282526384,0.7940622910724121,4.102133644747955,4.252149194666373,0.07315418151571919,91.85224285972446,0.7060300638645245,0.3542649243985511,8.153422752255658,80.8712948259621,1.5726598454066119,0.9947135058589975,-1768.225538668553,,,,,,,,,,,,,,,,,,,,
run_922,0.045147497849710616,6.879404739240796,0.6650783408413112,3.585437654671657,4.556446024749424,0.05790968245973859,93.89330565870303,0.866737736219806,0.2937744226818159,7.896625672417944,81.13897238959099,1.0364352215094175,0.7276582143510986,-1761.2205926905626,,,,,,,,,,,,,,,,,,,,
run_1298,0.04471636358130167,14.330408392783523,0.6011830852766944,3.8395121270250585,4.6755522198317925,0.05584564055656338,88.41377332301467,0.7189672430238012,0.2591869302054855,6.875145449152337,78.81700582697617,1.8802270223664423,0.7190766098711242,-1758.3692426427501,,,,,,,,,,,,,,,,,,,,
run_1620,0.046940366665058256,14.331387553449085,0.792817189541152,3.9430644879108865,4.378126467332767,0.06202922017339699,90.33435785776743,0.6762641730183326,0.1994431562478847,7.795946018841057,79.48696288236458,1.7770333994451826,0.7930803961197554,-1753.8956148370814,,,,,,,,,,,,,,,,,,,,
run_1917,0.045062313107103374,14.151987586163255,0.7924518665214397,3.726721026873856,4.998336506433954,0.05970759703196616,90.6159586557578,0.7738020734021107,0.22047963195194203,7.7147162906428814,79.39665545856525,1.8588849539623808,0.7392559642122551,-1752.2083133722494,,,,,,,,,,,,,,,,,,,,
run_2222,0.04491963647779448,14.317103303458211,0.812525305081174,3.537424148244717,5.170731834555593,0.05962399338818709,91.18935262175773,0.884327046653316,0.21664180848788137,7.896869570625589,80.74335217209705,1.420511574505075,1.0355462007627412,-1751.6125138220812,,,,,,,,,,,,,,,,,,,,
run_615,0.04252466458145872,14.812969090890796,0.6989514867296704,4.038799096961795,5.306215961721893,0.06372389992310996,83.44194695595655,0.835253443960603,0.22855051697600698,6.445003003904823,79.40630262683308,1.8031999577029463,0.9431839524606492,-1753.674957276371,,,,,,,,,,,,,,,,,,,,
run_918,0.04341755310367223,14.301472230597142,0.6126020044488143,3.834572142223036,5.020590886841831,0.07068939272526942,87.12701575932095,0.8701469661414631,0.21831235391605996,6.979829383732897,79.24728747502517,1.631803472204515,0.660535852509119,-1747.1335554527018,,,,,,,,,,,,,,,,,,,,
run_918,0.04341755310367223,14.301472230597142,0.6126020044488143,3.834572142223036,5.020590886841831,0.07068939272526942,87.12701575932095,0.8701469661414631,0.21831235391605996,6.979829383732897,79.24728747502517,1.631803472204515,0.660535852509119,-1747.1335554527018,,,,,,,,,,,,,,,,,,,,
run_918,0.04341755310367223,14.301472230597142,0.6126020044488143,3.834572142223036,5.020590886841831,0.07068939272526942,87.12701575932095,0.8701469661414631,0.21831235391605996,6.979829383732897,79.24728747502517,1.631803472204515,0.660535852509119,-1747.1335554527018,,,,,,,,,,,,,,,,,,,,
run_1720,0.0459278435625129,13.709507198296635,0.6987292021038383,3.683822463171569,4.617806015688415,0.0678827569835736,88.39408428576549,0.8875032589358246,0.22052389277943207,6.947926969073814,78.38612459313532,1.802447572926019,0.9166448303239556,-1746.175332781282,,,,,,,,,,,,,,,,,,,,
run_1720,0.0459278435625129,13.709507198296635,0.6987292021038383,3.683822463171569,4.617806015688415,0.0678827569835736,88.39408428576549,0.8875032589358246,0.22052389277943207,6.947926969073814,78.38612459313532,1.802447572926019,0.9166448303239556,-1746.175332781282,,,,,,,,,,,,,,,,,,,,
run_366,0.0408190606009377,12.671052419873696,0.5085860699642146,3.4707888723943436,5.941129403994403,0.08558984067911211,86.10833980950741,0.8813435313832599,0.2463179585889696,7.162248071895168,80.83050265529282,1.7327324761123029,0.8294353001491452,-1748.9988858394615,,,,,,,,,,,,,,,,,,,,
run_799,0.041576952982753455,12.000547040647797,0.5103352117885573,3.358708730665582,5.6814460373323925,0.0863814897743514,86.766845117877,0.9292995200912532,0.24171442332253126,7.043237672884034,80.98173328916366,1.8795805175955673,0.9225026057524964,-1746.6629056781417,,,,,,,,,,,,,,,,,,,,
run_1154,0.04633188455331842,13.999948724508485,0.5428690384829731,3.3495770391382513,4.608264160877516,0.07668590213464066,90.82398385418257,0.9537186738191713,0.20816914146668125,7.751642537799025,82.04062844956123,2.1416317680430397,0.7723656992935958,-1744.149782048928,,,,,,,,,,,,,,,,,,,,
run_1543,0.04577779015837207,13.18642563990666,0.5923605593459975,3.4661070139351993,4.710072671749521,0.08076954836556174,89.88783955924566,0.8488769327261548,0.194915753564954,7.390901715223845,80.5006528799679,1.7816508434260148,0.9110237790675442,-1748.8222471722515,,,,,,,,,,,,,,,,,,,,
run_1629,0.04714233350201157,14.736661108174925,0.6036368969395575,3.575796519343912,4.351221319962414,0.07555708172710622,90.25427223899847,0.9143074678311597,0.20670731415403557,7.690593412146214,80.56301740338836,1.4234494090889993,0.7462493294503693,-1745.6190626383386,,,,,,,,,,,,,,,,,,,,
run_2225,0.04733654716199865,14.127536590658734,0.6397298598008982,3.760842981023929,4.132423903163031,0.07683411549540109,90.94989442383938,0.8566780515989187,0.2144869491741755,6.742103799358825,81.30923237583349,1.9826099129005068,0.7989085930905288,-1749.326515101658,,,,,,,,,,,,,,,,,,,,
run_2478,0.04532348800322138,14.992270411142488,0.7193136419181084,3.6868064484975607,4.836577243405081,0.07794384658240669,88.86382222269683,0.8834245257896157,0.16412764705870647,7.145710997855179,79.28207628739199,2.2496334971702487,0.8958392896562645,-1744.3911272700032,,,,,,,,,,,,,,,,,,,,
run_613,0.04165868598417382,14.197095144116226,0.7701969945708651,3.4087141047647207,6.101558733465707,0.07836192749399926,88.77022876472196,0.8621382313231359,0.2974114182674775,6.691692844570673,77.63163571296114,1.4832613309510059,0.6957825620202229,-1751.4691451838448,,,,,,,,,,,,,,,,,,,,
run_1100,0.04116375010021833,13.66536062283644,0.7748039300995975,3.546019642297203,6.297183917169855,0.08291831462013073,84.15863133518596,0.9402449382853693,0.26469199907295643,7.083791030926102,78.78751872862469,1.643665065972727,0.9194734898372173,-1749.415301065397,,,,,,,,,,,,,,,,,,,,
run_1285,0.043157928197710575,13.811915158679549,0.7380218238693472,3.7602964652510016,5.393391744234471,0.07776341985221115,88.5286533686304,0.9346924733837377,0.26645098111654175,7.171016975488845,78.5825261666304,1.9677112527778784,0.778585654168034,-1744.6876788928382,,,,,,,,,,,,,,,,,,,,
run_1567,0.04373584839053538,14.8830963463383,0.7615117268605466,3.31174938763297,5.654035377896413,0.07862949546827491,88.25291061507684,0.8970278203236357,0.2710689824975805,7.386080224084492,78.8952436298807,1.7130683983543202,0.8748027498187353,-1745.139589675453,,,,,,,,,,,,,,,,,,,,
run_1567,0.04373584839053538,14.8830963463383,0.7615117268605466,3.31174938763297,5.654035377896413,0.07862949546827491,88.25291061507684,0.8970278203236357,0.2710689824975805,7.386080224084492,78.8952436298807,1.7130683983543202,0.8748027498187353,-1745.139589675453,,,,,,,,,,,,,,,,,,,,
run_2165,0.044219724423759876,13.756715642612642,0.7400036827372853,3.2084038374334627,5.437724516537103,0.0743628338053427,89.28151244291224,0.8917176207138674,0.2680412990448982,7.3030920728540885,79.14148345718557,1.6315679914051093,0.7970392424631098,-1744.9997565588608,,,,,,,,,,,,,,,,,,,,
run_657,0.04114558149405735,13.747118442413596,0.6226874449524787,3.3677439146926607,6.162393997952466,0.06707278052911747,84.54743209672633,0.8700742520313867,0.2804324438926418,7.153262248253515,79.36507479527938,1.8984558422706939,0.7371809019477996,-1752.9520312015268,,,,,,,,,,,,,,,,,,,,
run_1044,0.04192574106959263,12.7569558590105,0.6645630650105756,3.0887464167850673,5.974518358617289,0.07236452279882402,90.79924483286582,0.887700254867823,0.28329905776045583,7.3953042934186835,78.78655188276339,1.5540733565470841,0.7981825782762344,-1747.7280027342945,,,,,,,,,,,,,,,,,,,,
run_1044,0.04192574106959263,12.7569558590105,0.6645630650105756,3.0887464167850673,5.974518358617289,0.07236452279882402,90.79924483286582,0.887700254867823,0.28329905776045583,7.3953042934186835,78.78655188276339,1.5540733565470841,0.7981825782762344,-1747.7280027342945,,,,,,,,,,,,,,,,,,,,
run_1044,0.04192574106959263,12.7569558590105,0.6645630650105756,3.0887464167850673,5.974518358617289,0.07236452279882402,90.79924483286582,0.887700254867823,0.28329905776045583,7.3953042934186835,78.78655188276339,1.5540733565470841,0.7981825782762344,-1747.7280027342945,,,,,,,,,,,,,,,,,,,,
run_1899,0.0435199960142873,14.043152034479519,0.7046494867607093,2.975816396343936,5.732222524664335,0.07721781893092552,90.87519256720635,0.8477088854599675,0.30610313827423125,7.565769735825118,80.6988163183207,1.4594001338397606,0.6468609030294331,-1748.553476325165,,,,,,,,,,,,,,,,,,,,
run_2390,0.042193393153309645,14.85310019866262,0.6481919829933203,2.7601176772192004,6.211952203816284,0.07525318725481225,89.3775820526822,0.7577164732711386,0.29208483121832013,7.52446020556076,79.869338633974,1.2591881064843982,0.95821265219545,-1752.710992695759,,,,,,,,,,,,,,,,,,,,
run_538,0.043274848778672645,13.361396213095482,0.4941250157959108,3.796964779485981,4.878967069058115,0.07981639678332812,85.15253765404258,0.7648724578508849,0.19810421205296502,7.20984938562452,83.55148143037302,1.582171440699962,0.8035675755853297,-1752.7629054627607,,,,,,,,,,,,,,,,,,,,
run_947,0.04407200776887416,12.735917672318212,0.4962749807831792,3.2924746720842997,5.077162963368694,0.07188068951785334,85.84411314874717,0.786539561904051,0.18498921095934326,6.93842881627887,83.05788334055687,1.3622352708146743,1.0477776585368523,-1755.0562970586577,,,,,,,,,,,,,,,,,,,,
run_1186,0.04457449862767844,14.724780990716704,0.7353458588920949,3.3536296924029436,5.373889025982697,0.07574789654436793,88.28866414454527,0.6897068673246102,0.21046728993946395,7.803816532799804,82.94179951174777,1.5018257429247845,0.7424450395281296,-1752.2005914347185,,,,,,,,,,,,,,,,,,,,
run_1645,0.04602657951843183,14.910825440392482,0.6322456786884714,2.8940493855612957,5.192591799508621,0.08406475659910657,92.86486929515752,0.7755998869092864,0.23393792757595716,8.556732825885264,80.13292117522171,1.388421688230708,1.0777554953903787,-1754.5961692996286,,,,,,,,,,,,,,,,,,,,
run_1957,0.04779557630689691,14.244069399451577,0.5715304460855507,3.507016431983877,4.270287130359279,0.07369701689687871,92.06115569574628,0.8724155067825151,0.20033704730986923,7.779285529890517,79.6977285862236,1.8461294208872483,1.0941559320093892,-1748.0334634169874,,,,,,,,,,,,,,,,,,,,
run_2316,0.046836291894142006,13.748414730491659,0.5412884128040351,3.4734937584135177,4.455014636775522,0.07578046866213045,89.70940609368269,0.8629723057772278,0.2380396181597307,7.834996735884451,80.70037643884193,2.1512974259238433,1.1025756694305187,-1750.0614718536108,,,,,,,,,,,,,,,,,,,,
run_490,0.04879951555735411,14.407254604320636,0.5630385817544815,3.0502524957307764,4.396320063653974,0.10039551593993978,89.4222944508133,0.744216879444875,0.43604414583876117,7.997204535995013,81.59914764686944,1.2592982472386902,0.8685845784003173,-1751.0180925993018,,,,,,,,,,,,,,,,,,,,
run_824,0.04600598026142427,14.76783819631884,0.5312249794524357,3.091112210172308,4.952260911808393,0.09615977021199631,91.40244402066574,0.7345292772067166,0.43381011900173794,7.8216739464356575,81.4940168328152,2.1425857498322394,0.7980922284519752,-1755.9085077366217,,,,,,,,,,,,,,,,,,,,
run_1142,0.04617927086906959,14.632709959737186,0.5317440989332782,3.0314313814904126,4.837164068992358,0.09841684945912577,89.5178364644426,0.7553019602300025,0.4283554897996292,7.378102121602424,81.33652668610303,1.841618723971598,1.1669519728542135,-1750.7330635937699,,,,,,,,,,,,,,,,,,,,
run_1523,0.044408347020743595,12.509912284270461,0.5648565781688378,4.124145966880583,4.537577013915227,0.0955083608099722,87.58022982847478,0.9060391498264511,0.41782018299029255,7.212707122176691,80.79320419073251,1.9405900324480645,0.8155232465166782,-1746.8570330547861,,,,,,,,,,,,,,,,,,,,
run_1523,0.044408347020743595,12.509912284270461,0.5648565781688378,4.124145966880583,4.537577013915227,0.0955083608099722,87.58022982847478,0.9060391498264511,0.41782018299029255,7.212707122176691,80.79320419073251,1.9405900324480645,0.8155232465166782,-1746.8570330547861,,,,,,,,,,,,,,,,,,,,
run_2184,0.04552144685910495,13.331782382827218,0.6091276792898798,3.3935303415843014,4.8354173721718965,0.07984407063721115,90.33314133020518,0.9202398914763322,0.3947173276196271,7.437954482282494,81.72350730967304,1.6625552026859582,0.9491961618012025,-1746.1470583019975,,,,,,,,,,,,,,,,,,,,
run_2407,0.04536036456479125,14.822243494943066,0.657641888201833,3.3649777082615073,4.936209582293172,0.0830112647378802,87.11334663394476,0.9204063625047084,0.38031150381090206,6.7650877445774436,80.31366200582261,2.0791895610804136,0.9536444563644775,-1745.7141462044474,,,,,,,,,,,,,,,,,,,,
run_656,0.042425764285479194,10.839805559841459,0.6185610669205295,4.402042880331355,4.854437150523021,0.07979122069809155,87.8015642920789,0.8283572501787191,0.3708185327064561,7.210825291638383,75.78545430054434,1.882723523937959,0.7185818289445081,-1754.2063459520637,,,,,,,,,,,,,,,,,,,,
run_1093,0.04509037032722296,12.122208473125662,0.7102002433909396,4.3294684234843235,4.406647629909812,0.06864370709357234,87.14933429634111,0.9221374564072568,0.3664608819511596,7.160183702179373,75.14590201671574,1.4373475116879795,0.8251393536966819,-1749.6326558920684,,,,,,,,,,,,,,,,,,,,
run_1241,0.04561080702441795,12.596234471604419,0.660773655760449,3.965616481801889,4.42029594885489,0.07615195597250847,89.4111850628264,0.8889661748923263,0.36023325067119827,6.855341694766828,75.38178882581983,1.3126479064686762,0.9992305766493058,-1749.5289834530945,,,,,,,,,,,,,,,,,,,,
run_1654,0.04583466534910447,14.870592611246412,0.6874545000320201,3.971175312897825,4.504092551417349,0.06465673481279524,86.6751558598752,0.927476254466462,0.35720831742927356,6.568381831450263,75.11908916280817,1.619290523329935,0.9259419372229829,-1746.3689521230576,,,,,,,,,,,,,,,,,,,,
run_2065,0.0493190289248995,14.700707523022894,0.6995940840728129,3.35424165429938,4.1763922280575025,0.06088821511728379,92.879093716213,0.9443406844719909,0.32455902285380167,7.451348854645349,75.56909068904623,1.8809548407101693,0.7911664439183281,-1745.1768025882614,,,,,,,,,,,,,,,,,,,,
