idx,contact_rate,start_time,npi_effectiveness.other_locations,compartment_periods_calculated.incubation.total_period,compartment_periods_calculated.total_infectious.total_period,tv_detection_b,tv_detection_c,prop_detected_among_symptomatic,icu_prop,compartment_periods.hospital_late,compartment_periods.icu_late,hospital_props_multiplier,microdistancing.parameters.c,microdistancing.parameters.sigma,infection_fatality_props(0),infection_fatality_props(1),infection_fatality_props(2),infection_fatality_props(3),infection_fatality_props(4),infection_fatality_props(5),infection_fatality_props(6),infection_fatality_props(7),infection_fatality_props(8),loglikelihood,best_x0,best_x1,best_x2,best_x3,best_x4,best_x5,best_x6,best_x7,best_x8,best_x9,best_x10,best_x11,best_x12,best_x13,best_x14,best_x15,best_deaths,all_vars_to_1_deaths,best_yoll,all_vars_to_1_yoll,best_p_immune,all_vars_to_1_p_immune
run_66,0.05055753333910497,11.655858725444963,0.599533003488552,5.296948287696396,4.013937504631315,0.050244452448352704,85.29259326446987,0.06307160113441558,0.12085381989321611,8.209010162926809,10.031812734850886,1.4106208653022594,105.45583394330976,0.6456325743331415,6.590592998788581e-06,2.5417834116361445e-05,8.115068137376167e-05,0.000187161229207652,0.0005128073375996271,0.0018509096575821929,0.008186518900037607,0.02803636121865268,0.08419629204194636,-188.08592508727585,,,,,,,,,,,,,,,,,,,,,,
run_336,0.05388416188416219,12.721209027557133,0.6941266168895591,5.256176633567768,3.7283039005868224,0.05130615800299221,92.9391400744486,0.05833686789930142,0.11038003200131534,8.227601316789643,9.939531352133951,1.0252083700865242,103.5686765155754,0.6058586000104746,1.0966804775180868e-05,2.357625275542478e-05,9.16221692575784e-05,0.00020942793671283445,0.0005499134034239487,0.001723807024430312,0.00718587650997494,0.026245736034881385,0.09425638024288926,-108.86979762123329,,,,,,,,,,,,,,,,,,,,,,
run_501,0.05169793487192116,12.889208017493335,0.6678893179864271,5.097422737975552,4.265599686510479,0.05290872023206457,97.27453156909398,0.06997119417780785,0.10462958296323127,7.982253629400122,10.541633051371731,0.9199946750524428,105.95245031198128,0.6118686127327555,9.276433519996196e-06,2.2907236664762097e-05,9.164251512197214e-05,0.00020662078933773138,0.0005378955085728657,0.0016912567587793169,0.007169864787040275,0.026080881577118815,0.09325108266131801,-95.09014619213735,,,,,,,,,,,,,,,,,,,,,,
run_687,0.05140431005036117,11.712013338731962,0.6607249114864104,4.813182856944203,4.458404692287408,0.055745277069038056,88.34868337057851,0.052406115241071555,0.09024560587730032,6.173085098490349,11.046053059149173,0.7585011739267704,107.90091392456323,0.6724299997468081,8.744305014449224e-06,2.554716139825253e-05,9.521534415835099e-05,0.00020481218910625216,0.0005559039481319854,0.0016615806280619778,0.006960845820369933,0.024910546898164403,0.08690065348311404,-72.12471394360895,,,,,,,,,,,,,,,,,,,,,,
run_1067,0.05309791372931093,15.145841356995444,0.652249480651401,4.295735877023996,4.939838076204392,0.057875842074491105,92.11021162393986,0.06264275352474977,0.072960833619753,8.502561010004644,10.954882129415669,0.5220876725314467,97.01310715196384,0.6302499495352402,5.176600632027078e-06,2.1920878017371872e-05,9.016805377017311e-05,0.00019286178172328214,0.0005636785207489935,0.0016823715944697835,0.007417332082764696,0.022916920166991765,0.07845678790768129,-59.61423292595986,,,,,,,,,,,,,,,,,,,,,,
run_1317,0.05592067803650223,18.991491165301607,0.662359414611428,3.820243384510211,4.54918833977681,0.06018263430747053,95.01628611124826,0.06218589674327423,0.05558058859712967,7.8534632824021005,10.857889068552788,0.5577872347419621,106.32062787183932,0.6678513547399971,4.447810643104474e-06,2.0576505928565417e-05,8.841504892387548e-05,0.00020186289057391298,0.0005346276425412497,0.0017309800583750104,0.00725888239279117,0.023178239598426523,0.07722553609829012,-52.3957652299523,,,,,,,,,,,,,,,,,,,,,,
run_1317,0.05592067803650223,18.991491165301607,0.662359414611428,3.820243384510211,4.54918833977681,0.06018263430747053,95.01628611124826,0.06218589674327423,0.05558058859712967,7.8534632824021005,10.857889068552788,0.5577872347419621,106.32062787183932,0.6678513547399971,4.447810643104474e-06,2.0576505928565417e-05,8.841504892387548e-05,0.00020186289057391298,0.0005346276425412497,0.0017309800583750104,0.00725888239279117,0.023178239598426523,0.07722553609829012,-52.3957652299523,,,,,,,,,,,,,,,,,,,,,,
run_1728,0.054457031631779,16.090683905673135,0.6779623897993111,3.7673821569962276,4.526745274245491,0.06200732535029817,99.98783490568565,0.08799280517909217,0.0651190903930397,6.834517939090405,11.057668099772828,0.5612683735925676,113.18054298774602,0.666294758120007,5.598748505843496e-06,2.048612087978165e-05,9.110558599028249e-05,0.00019811153875094907,0.000537579771445584,0.001732553660278957,0.00684477413707001,0.022217285279042796,0.08620380295743157,-44.586789028922446,,,,,,,,,,,,,,,,,,,,,,
run_1728,0.054457031631779,16.090683905673135,0.6779623897993111,3.7673821569962276,4.526745274245491,0.06200732535029817,99.98783490568565,0.08799280517909217,0.0651190903930397,6.834517939090405,11.057668099772828,0.5612683735925676,113.18054298774602,0.666294758120007,5.598748505843496e-06,2.048612087978165e-05,9.110558599028249e-05,0.00019811153875094907,0.000537579771445584,0.001732553660278957,0.00684477413707001,0.022217285279042796,0.08620380295743157,-44.586789028922446,,,,,,,,,,,,,,,,,,,,,,
run_1728,0.054457031631779,16.090683905673135,0.6779623897993111,3.7673821569962276,4.526745274245491,0.06200732535029817,99.98783490568565,0.08799280517909217,0.0651190903930397,6.834517939090405,11.057668099772828,0.5612683735925676,113.18054298774602,0.666294758120007,5.598748505843496e-06,2.048612087978165e-05,9.110558599028249e-05,0.00019811153875094907,0.000537579771445584,0.001732553660278957,0.00684477413707001,0.022217285279042796,0.08620380295743157,-44.586789028922446,,,,,,,,,,,,,,,,,,,,,,
run_2452,0.057415958424000005,17.15028130724416,0.6430078686319468,4.022246526960605,3.8480107270981603,0.061656023309378756,104.66076669989675,0.11385984078944267,0.07765885749228743,7.457579734549536,11.484258479598811,0.5863588450226536,110.22144456903582,0.6664421755361871,6.53203341644253e-06,2.0038123180529525e-05,9.296801700614405e-05,0.00019998183238418698,0.0005089570589605787,0.0017462549125310106,0.006774138979432871,0.021931221667900114,0.08301540345046077,-44.48582206119934,,,,,,,,,,,,,,,,,,,,,,
run_2765,0.05992488553901504,18.391557535467953,0.64139566097598,4.121146318324719,3.41235392404378,0.0571929728372799,106.95544338883198,0.09649945730971614,0.047260468227982314,6.084781331646402,10.86720666486265,0.5062928273981238,115.63026798683987,0.7320585507214588,5.774400287949624e-06,1.8440812330042503e-05,9.043785188822628e-05,0.00021973141433798919,0.0005016829635524088,0.0017638670935324877,0.0069626441721444355,0.0221757509528442,0.0793659433189829,-37.62792995781365,,,,,,,,,,,,,,,,,,,,,,
run_2765,0.05992488553901504,18.391557535467953,0.64139566097598,4.121146318324719,3.41235392404378,0.0571929728372799,106.95544338883198,0.09649945730971614,0.047260468227982314,6.084781331646402,10.86720666486265,0.5062928273981238,115.63026798683987,0.7320585507214588,5.774400287949624e-06,1.8440812330042503e-05,9.043785188822628e-05,0.00021973141433798919,0.0005016829635524088,0.0017638670935324877,0.0069626441721444355,0.0221757509528442,0.0793659433189829,-37.62792995781365,,,,,,,,,,,,,,,,,,,,,,
run_2765,0.05992488553901504,18.391557535467953,0.64139566097598,4.121146318324719,3.41235392404378,0.0571929728372799,106.95544338883198,0.09649945730971614,0.047260468227982314,6.084781331646402,10.86720666486265,0.5062928273981238,115.63026798683987,0.7320585507214588,5.774400287949624e-06,1.8440812330042503e-05,9.043785188822628e-05,0.00021973141433798919,0.0005016829635524088,0.0017638670935324877,0.0069626441721444355,0.0221757509528442,0.0793659433189829,-37.62792995781365,,,,,,,,,,,,,,,,,,,,,,
run_2765,0.05992488553901504,18.391557535467953,0.64139566097598,4.121146318324719,3.41235392404378,0.0571929728372799,106.95544338883198,0.09649945730971614,0.047260468227982314,6.084781331646402,10.86720666486265,0.5062928273981238,115.63026798683987,0.7320585507214588,5.774400287949624e-06,1.8440812330042503e-05,9.043785188822628e-05,0.00021973141433798919,0.0005016829635524088,0.0017638670935324877,0.0069626441721444355,0.0221757509528442,0.0793659433189829,-37.62792995781365,,,,,,,,,,,,,,,,,,,,,,
run_2765,0.05992488553901504,18.391557535467953,0.64139566097598,4.121146318324719,3.41235392404378,0.0571929728372799,106.95544338883198,0.09649945730971614,0.047260468227982314,6.084781331646402,10.86720666486265,0.5062928273981238,115.63026798683987,0.7320585507214588,5.774400287949624e-06,1.8440812330042503e-05,9.043785188822628e-05,0.00021973141433798919,0.0005016829635524088,0.0017638670935324877,0.0069626441721444355,0.0221757509528442,0.0793659433189829,-37.62792995781365,,,,,,,,,,,,,,,,,,,,,,
run_2765,0.05992488553901504,18.391557535467953,0.64139566097598,4.121146318324719,3.41235392404378,0.0571929728372799,106.95544338883198,0.09649945730971614,0.047260468227982314,6.084781331646402,10.86720666486265,0.5062928273981238,115.63026798683987,0.7320585507214588,5.774400287949624e-06,1.8440812330042503e-05,9.043785188822628e-05,0.00021973141433798919,0.0005016829635524088,0.0017638670935324877,0.0069626441721444355,0.0221757509528442,0.0793659433189829,-37.62792995781365,,,,,,,,,,,,,,,,,,,,,,
run_2765,0.05992488553901504,18.391557535467953,0.64139566097598,4.121146318324719,3.41235392404378,0.0571929728372799,106.95544338883198,0.09649945730971614,0.047260468227982314,6.084781331646402,10.86720666486265,0.5062928273981238,115.63026798683987,0.7320585507214588,5.774400287949624e-06,1.8440812330042503e-05,9.043785188822628e-05,0.00021973141433798919,0.0005016829635524088,0.0017638670935324877,0.0069626441721444355,0.0221757509528442,0.0793659433189829,-37.62792995781365,,,,,,,,,,,,,,,,,,,,,,
run_22,0.0473412237304286,26.381763207341557,0.8332070174527367,6.524744076472675,5.857277974274094,0.07965380191426102,45.490817185493746,0.7657891007300924,0.2072123132066045,4.490331018500241,4.603643576134185,0.9802257703285866,96.30272682565227,0.665444642263968,4.748459221369592e-06,3.126441200843418e-05,0.00010872157034546998,0.0002372517625323137,0.00046376255570246017,0.002111070796390975,0.009425519363995308,0.025508621445964195,0.1213001630452942,-591.0586852361007,,,,,,,,,,,,,,,,,,,,,,
run_324,0.05354662588684355,18.620790484123674,0.8356721738080392,5.413716082198459,4.205013310416758,0.0669934851172237,66.14346717449912,0.06462487826384353,0.14928609859216627,5.577834600795473,4.919107399051674,1.2810662367000034,108.40789285220177,0.6232320890488853,9.507921484451046e-06,2.9442797496387627e-05,8.697993158378424e-05,0.0002339809323840781,0.0005165980514936667,0.0021029217256842386,0.007895399292785337,0.024058103127499383,0.12942881998336292,-135.15040817086847,,,,,,,,,,,,,,,,,,,,,,
run_582,0.05360659143504303,20.120269575378224,0.8042641195966109,5.193871723762864,4.600797769245717,0.06715878408683262,66.02121951176413,0.09178642847575855,0.16596251382119342,7.641804270072071,5.083267653191509,0.9822632340939503,101.05887843202528,0.6077934113180276,1.3989035430883946e-05,2.8796025866007883e-05,8.730953092472077e-05,0.0002279588986322549,0.0005471141059003778,0.002120431281903724,0.007485318456286749,0.023980144361541857,0.12487536409230134,-128.55378562434416,,,,,,,,,,,,,,,,,,,,,,
run_744,0.05162284705196801,16.301131297745414,0.8347519892747306,5.260012677773265,4.905806174846738,0.07091544417674893,60.35183026953675,0.08272828190074422,0.1814781486349965,7.597011628155742,4.29416092377918,0.8166483412397345,102.49195032956669,0.6332902675522997,1.4922080453771902e-05,3.0926030602102044e-05,9.049450937971285e-05,0.0002106061219497046,0.0005260862914949821,0.0020433382775807128,0.0071881317422283885,0.024242659808822318,0.11087804604477575,-113.45651586103934,,,,,,,,,,,,,,,,,,,,,,
run_1076,0.0541660043183122,16.047074849092592,0.8033735565544303,5.21159647478915,4.357672582157687,0.07425525804764851,71.41688176467082,0.06109058363469318,0.14838552336335364,7.575081620828189,5.247013298617233,0.7100979597994754,97.89754652595087,0.6458797012152749,1.3279643495191722e-05,3.089287319468408e-05,9.08884036619208e-05,0.00021993121252730173,0.0005047976730295465,0.002068673519645137,0.007324783557111509,0.025526083763288535,0.11165725335160695,-80.98575376623336,,,,,,,,,,,,,,,,,,,,,,
run_1120,0.054851629602926937,19.31276089530858,0.7823813176648055,5.141893086463004,4.589551957487237,0.07597318762492909,70.64410337671701,0.06488768432880239,0.13806963741252187,7.496945201990509,5.803610260224219,0.6052935170443459,96.07538632643285,0.6059665861282539,1.4877310223671885e-05,2.958832951415949e-05,9.008983815217022e-05,0.00023481050051758545,0.0005032669266234965,0.0021195869325840787,0.007804219046159067,0.027061175838091592,0.10946481282756877,-77.92077655599593,,,,,,,,,,,,,,,,,,,,,,
run_1492,0.05542561286046511,16.767025403324933,0.7102562898741893,5.104327285094472,4.043817903139773,0.07643906368682389,65.43337536316545,0.0565777944797686,0.15406254406553072,7.02886109208223,5.230288805109439,0.6875223144929704,99.79609882075401,0.6195605612836881,1.6476422421567465e-05,2.914435622887315e-05,9.217914830360498e-05,0.0002369942621289631,0.0004919564530202801,0.0021699269972557493,0.008043319380799392,0.02620686521230538,0.11126497535366692,-73.40185844307256,,,,,,,,,,,,,,,,,,,,,,
run_1492,0.05542561286046511,16.767025403324933,0.7102562898741893,5.104327285094472,4.043817903139773,0.07643906368682389,65.43337536316545,0.0565777944797686,0.15406254406553072,7.02886109208223,5.230288805109439,0.6875223144929704,99.79609882075401,0.6195605612836881,1.6476422421567465e-05,2.914435622887315e-05,9.217914830360498e-05,0.0002369942621289631,0.0004919564530202801,0.0021699269972557493,0.008043319380799392,0.02620686521230538,0.11126497535366692,-73.40185844307256,,,,,,,,,,,,,,,,,,,,,,
run_2027,0.05625738948481024,16.032046548504766,0.7136214382486068,5.589109580141649,3.713534341689163,0.07582204817880422,75.08125686936373,0.05593391033726906,0.1525912813428225,6.591080641266715,5.560774691940265,0.6718488397885597,96.19265782933677,0.6360861180154844,1.7441668487293455e-05,3.014573237864775e-05,8.851822818242465e-05,0.00024373633334613123,0.0004714871681670969,0.0021589980541904083,0.008010438303759368,0.027213606676489442,0.10721286928190324,-69.85990686639464,,,,,,,,,,,,,,,,,,,,,,
run_2027,0.05625738948481024,16.032046548504766,0.7136214382486068,5.589109580141649,3.713534341689163,0.07582204817880422,75.08125686936373,0.05593391033726906,0.1525912813428225,6.591080641266715,5.560774691940265,0.6718488397885597,96.19265782933677,0.6360861180154844,1.7441668487293455e-05,3.014573237864775e-05,8.851822818242465e-05,0.00024373633334613123,0.0004714871681670969,0.0021589980541904083,0.008010438303759368,0.027213606676489442,0.10721286928190324,-69.85990686639464,,,,,,,,,,,,,,,,,,,,,,
run_2511,0.05527226628917083,13.884346023825845,0.6916504874818599,6.155851164579008,3.4943250808052615,0.07654635948235376,80.60613829066554,0.07318736652675004,0.16382321184970242,6.909381428543217,4.729088995448885,0.5942136447542683,94.17891510755096,0.6130131186315537,1.5544693461219816e-05,2.8594516527204663e-05,8.708422624282152e-05,0.0002498350417356965,0.0004781401689224806,0.0021304204320495767,0.008138121314137553,0.02816302843261856,0.10831783418658877,-66.81008643804068,,,,,,,,,,,,,,,,,,,,,,
run_2694,0.05829940342534861,19.499006388261108,0.7014406477435369,5.68543430004086,3.5232728409497174,0.07101785834125242,86.42750159486461,0.09102131240731205,0.149942676280784,6.992738525400379,5.059246875546285,0.7122146810362796,91.01572006607523,0.6159517781178357,1.3561965167784197e-05,2.8757920654414903e-05,8.737356846530871e-05,0.00025964176507406526,0.0005037576643901764,0.0021776812104538678,0.008356242785318553,0.028046117973608106,0.11326774060997069,-60.94055079429814,,,,,,,,,,,,,,,,,,,,,,
run_3041,0.061824823755227847,19.73741847052686,0.7670589421272177,5.188851831443538,3.102367668586258,0.07568139440742046,90.20386200056396,0.08890762539360841,0.15239821792083455,5.739905858833577,4.0825122205680175,0.51972428869305,99.96755162610867,0.6262456708444015,8.162154388404788e-06,2.786961609498541e-05,8.276924341107476e-05,0.0002575896268256264,0.0005127791277626365,0.002225226782556759,0.00886885046204918,0.024354574954634934,0.11361759822912117,-43.791002915683464,,,,,,,,,,,,,,,,,,,,,,
run_3056,0.06078549446585018,19.708415172437473,0.7896679625504759,5.200644580104794,3.171356159682949,0.07691573985865018,99.23981156408063,0.11273903279770514,0.16649547442709545,6.027798455208498,4.401961834538368,0.5655539555832152,100.91607644388966,0.6704338506046417,7.626662985561756e-06,2.8015404607558356e-05,8.234313264275203e-05,0.00025565341635863615,0.0005025583151672009,0.0022518051793371193,0.00874416396066393,0.024034967713865294,0.11700788570611058,-34.136158964372605,,,,,,,,,,,,,,,,,,,,,,
run_3389,0.061441994927706696,22.16832109458935,0.7679913981188593,4.990823588224405,3.404307042849904,0.07888214041987401,97.50469576751509,0.1070909140209209,0.14344126486491382,6.815152541522872,4.5243274560911,0.5422230120364006,94.96285690146571,0.6683709268617475,6.047457130346636e-06,2.7249830685630328e-05,8.319553116362452e-05,0.0002584565409479791,0.0005056673678448151,0.002216834009753683,0.008508447433567054,0.02374263695450183,0.1282552023106498,-33.96109080168584,,,,,,,,,,,,,,,,,,,,,,
run_3389,0.061441994927706696,22.16832109458935,0.7679913981188593,4.990823588224405,3.404307042849904,0.07888214041987401,97.50469576751509,0.1070909140209209,0.14344126486491382,6.815152541522872,4.5243274560911,0.5422230120364006,94.96285690146571,0.6683709268617475,6.047457130346636e-06,2.7249830685630328e-05,8.319553116362452e-05,0.0002584565409479791,0.0005056673678448151,0.002216834009753683,0.008508447433567054,0.02374263695450183,0.1282552023106498,-33.96109080168584,,,,,,,,,,,,,,,,,,,,,,
run_3389,0.061441994927706696,22.16832109458935,0.7679913981188593,4.990823588224405,3.404307042849904,0.07888214041987401,97.50469576751509,0.1070909140209209,0.14344126486491382,6.815152541522872,4.5243274560911,0.5422230120364006,94.96285690146571,0.6683709268617475,6.047457130346636e-06,2.7249830685630328e-05,8.319553116362452e-05,0.0002584565409479791,0.0005056673678448151,0.002216834009753683,0.008508447433567054,0.02374263695450183,0.1282552023106498,-33.96109080168584,,,,,,,,,,,,,,,,,,,,,,
run_3389,0.061441994927706696,22.16832109458935,0.7679913981188593,4.990823588224405,3.404307042849904,0.07888214041987401,97.50469576751509,0.1070909140209209,0.14344126486491382,6.815152541522872,4.5243274560911,0.5422230120364006,94.96285690146571,0.6683709268617475,6.047457130346636e-06,2.7249830685630328e-05,8.319553116362452e-05,0.0002584565409479791,0.0005056673678448151,0.002216834009753683,0.008508447433567054,0.02374263695450183,0.1282552023106498,-33.96109080168584,,,,,,,,,,,,,,,,,,,,,,
run_3389,0.061441994927706696,22.16832109458935,0.7679913981188593,4.990823588224405,3.404307042849904,0.07888214041987401,97.50469576751509,0.1070909140209209,0.14344126486491382,6.815152541522872,4.5243274560911,0.5422230120364006,94.96285690146571,0.6683709268617475,6.047457130346636e-06,2.7249830685630328e-05,8.319553116362452e-05,0.0002584565409479791,0.0005056673678448151,0.002216834009753683,0.008508447433567054,0.02374263695450183,0.1282552023106498,-33.96109080168584,,,,,,,,,,,,,,,,,,,,,,
run_173,0.05873355479188366,20.3259977864246,0.7587369919991361,2.879357743769866,4.25780136998972,0.0679853050652087,113.51536117210303,0.18214386703763863,0.1930952559609968,4.77830443363537,7.008407382368994,0.52471091766957,121.39011839602625,0.6602047463944357,9.681648521003491e-06,2.642047879362702e-05,0.00010091840439363484,0.0002682348602378947,0.0005936471952468862,0.0017285065052557974,0.008708242542583879,0.030038679406280563,0.07526308321977215,-75.95628438293032,,,,,,,,,,,,,,,,,,,,,,
run_291,0.05577783834489188,20.32661364226033,0.7887801500944306,2.9114288461472753,4.751035476086043,0.07725755152300584,106.64788710485468,0.16787201167630678,0.15624636727747584,6.024043504972629,7.128945006966354,0.6721690280398391,120.10431574199197,0.6555775603428939,8.344745169547737e-06,2.491566312160298e-05,0.00010066024016791793,0.0002573565582383896,0.0005722333739392326,0.0017457423534790407,0.008617810761673173,0.030633721136763256,0.09219534214870359,-65.08840282728721,,,,,,,,,,,,,,,,,,,,,,
run_291,0.05577783834489188,20.32661364226033,0.7887801500944306,2.9114288461472753,4.751035476086043,0.07725755152300584,106.64788710485468,0.16787201167630678,0.15624636727747584,6.024043504972629,7.128945006966354,0.6721690280398391,120.10431574199197,0.6555775603428939,8.344745169547737e-06,2.491566312160298e-05,0.00010066024016791793,0.0002573565582383896,0.0005722333739392326,0.0017457423534790407,0.008617810761673173,0.030633721136763256,0.09219534214870359,-65.08840282728721,,,,,,,,,,,,,,,,,,,,,,
run_291,0.05577783834489188,20.32661364226033,0.7887801500944306,2.9114288461472753,4.751035476086043,0.07725755152300584,106.64788710485468,0.16787201167630678,0.15624636727747584,6.024043504972629,7.128945006966354,0.6721690280398391,120.10431574199197,0.6555775603428939,8.344745169547737e-06,2.491566312160298e-05,0.00010066024016791793,0.0002573565582383896,0.0005722333739392326,0.0017457423534790407,0.008617810761673173,0.030633721136763256,0.09219534214870359,-65.08840282728721,,,,,,,,,,,,,,,,,,,,,,
run_968,0.055384535167058796,17.606946567063403,0.7622390018821924,2.9063813867149184,4.6246427312877705,0.07761924811838823,101.5282721311582,0.1450773155947366,0.15392313851545464,6.208723430657478,7.570301430176127,0.6132994386052754,125.90994944055267,0.6555941421943897,8.31606394154813e-06,2.4675562200344655e-05,0.00010094129431387492,0.00024391530181996075,0.0005928744357823373,0.0017799823385076464,0.00901163081646602,0.031239418494419174,0.09465447286307216,-57.9011228015122,,,,,,,,,,,,,,,,,,,,,,
run_1187,0.05246308251568311,20.26793107011343,0.7557169565676967,2.66699464203664,5.612070438116267,0.07698509785156563,99.65626848954334,0.12103098330412806,0.14930680947417818,5.7771355342046355,7.44501150695558,0.6557900158267674,120.6688697948633,0.6472881803521257,8.33099074895131e-06,2.4915961232290895e-05,0.00010483001000430947,0.00025290709857739275,0.0006020755847761513,0.0017319964951055956,0.009044954804068837,0.030959908172909625,0.09081126814250008,-53.45360695628055,,,,,,,,,,,,,,,,,,,,,,
run_1537,0.059578574855411424,25.04056453684031,0.7399177685471564,2.768429123216795,4.537332820057335,0.08523761858518338,101.48333206305253,0.09722961691698716,0.1277433552328585,5.710463770542277,7.887049380014391,0.5865716814410965,125.91544343101343,0.6464379254798343,6.638899895876753e-06,2.4330213229306366e-05,0.0001058823252677051,0.0002590222184846679,0.0006275962928254586,0.0016457429173267165,0.008891679420926623,0.03081973804198361,0.08366508196866153,-41.779592006163504,,,,,,,,,,,,,,,,,,,,,,
run_1537,0.059578574855411424,25.04056453684031,0.7399177685471564,2.768429123216795,4.537332820057335,0.08523761858518338,101.48333206305253,0.09722961691698716,0.1277433552328585,5.710463770542277,7.887049380014391,0.5865716814410965,125.91544343101343,0.6464379254798343,6.638899895876753e-06,2.4330213229306366e-05,0.0001058823252677051,0.0002590222184846679,0.0006275962928254586,0.0016457429173267165,0.008891679420926623,0.03081973804198361,0.08366508196866153,-41.779592006163504,,,,,,,,,,,,,,,,,,,,,,
run_1537,0.059578574855411424,25.04056453684031,0.7399177685471564,2.768429123216795,4.537332820057335,0.08523761858518338,101.48333206305253,0.09722961691698716,0.1277433552328585,5.710463770542277,7.887049380014391,0.5865716814410965,125.91544343101343,0.6464379254798343,6.638899895876753e-06,2.4330213229306366e-05,0.0001058823252677051,0.0002590222184846679,0.0006275962928254586,0.0016457429173267165,0.008891679420926623,0.03081973804198361,0.08366508196866153,-41.779592006163504,,,,,,,,,,,,,,,,,,,,,,
run_1537,0.059578574855411424,25.04056453684031,0.7399177685471564,2.768429123216795,4.537332820057335,0.08523761858518338,101.48333206305253,0.09722961691698716,0.1277433552328585,5.710463770542277,7.887049380014391,0.5865716814410965,125.91544343101343,0.6464379254798343,6.638899895876753e-06,2.4330213229306366e-05,0.0001058823252677051,0.0002590222184846679,0.0006275962928254586,0.0016457429173267165,0.008891679420926623,0.03081973804198361,0.08366508196866153,-41.779592006163504,,,,,,,,,,,,,,,,,,,,,,
run_1537,0.059578574855411424,25.04056453684031,0.7399177685471564,2.768429123216795,4.537332820057335,0.08523761858518338,101.48333206305253,0.09722961691698716,0.1277433552328585,5.710463770542277,7.887049380014391,0.5865716814410965,125.91544343101343,0.6464379254798343,6.638899895876753e-06,2.4330213229306366e-05,0.0001058823252677051,0.0002590222184846679,0.0006275962928254586,0.0016457429173267165,0.008891679420926623,0.03081973804198361,0.08366508196866153,-41.779592006163504,,,,,,,,,,,,,,,,,,,,,,
run_1537,0.059578574855411424,25.04056453684031,0.7399177685471564,2.768429123216795,4.537332820057335,0.08523761858518338,101.48333206305253,0.09722961691698716,0.1277433552328585,5.710463770542277,7.887049380014391,0.5865716814410965,125.91544343101343,0.6464379254798343,6.638899895876753e-06,2.4330213229306366e-05,0.0001058823252677051,0.0002590222184846679,0.0006275962928254586,0.0016457429173267165,0.008891679420926623,0.03081973804198361,0.08366508196866153,-41.779592006163504,,,,,,,,,,,,,,,,,,,,,,
run_1537,0.059578574855411424,25.04056453684031,0.7399177685471564,2.768429123216795,4.537332820057335,0.08523761858518338,101.48333206305253,0.09722961691698716,0.1277433552328585,5.710463770542277,7.887049380014391,0.5865716814410965,125.91544343101343,0.6464379254798343,6.638899895876753e-06,2.4330213229306366e-05,0.0001058823252677051,0.0002590222184846679,0.0006275962928254586,0.0016457429173267165,0.008891679420926623,0.03081973804198361,0.08366508196866153,-41.779592006163504,,,,,,,,,,,,,,,,,,,,,,
run_1537,0.059578574855411424,25.04056453684031,0.7399177685471564,2.768429123216795,4.537332820057335,0.08523761858518338,101.48333206305253,0.09722961691698716,0.1277433552328585,5.710463770542277,7.887049380014391,0.5865716814410965,125.91544343101343,0.6464379254798343,6.638899895876753e-06,2.4330213229306366e-05,0.0001058823252677051,0.0002590222184846679,0.0006275962928254586,0.0016457429173267165,0.008891679420926623,0.03081973804198361,0.08366508196866153,-41.779592006163504,,,,,,,,,,,,,,,,,,,,,,
run_3600,0.06368005966365207,28.292263275126366,0.7404439968191242,2.8030625742504864,4.092489476557174,0.08631421080024954,100.16349768861971,0.0986812623026954,0.13667643953807726,5.7219231072825085,7.844220218048621,0.6079102576903241,123.69669768627118,0.6535920289516806,5.881448722143424e-06,2.3933624214366414e-05,0.00010840418134265732,0.00026035823406605373,0.0006258499095193718,0.0017119516209674166,0.008702526181231568,0.03170363491893876,0.07762924063719966,-43.12007738903867,,,,,,,,,,,,,,,,,,,,,,
run_3842,0.06892766227874425,33.17257048012007,0.8107048326292773,2.381377998043054,3.9205370751904507,0.08327235760161705,99.36315981901407,0.10079294869231192,0.14224382396762142,5.632675760720079,8.194205748668535,0.5499504196427467,134.8608146546363,0.7168382657443527,4.709451514365782e-06,2.5674307915896226e-05,0.00010077393594991603,0.00026163739841415334,0.0006227772361601431,0.0017153985526135395,0.00871604783811572,0.03320358900651618,0.07341465841088277,-39.14702278390048,,,,,,,,,,,,,,,,,,,,,,
run_3842,0.06892766227874425,33.17257048012007,0.8107048326292773,2.381377998043054,3.9205370751904507,0.08327235760161705,99.36315981901407,0.10079294869231192,0.14224382396762142,5.632675760720079,8.194205748668535,0.5499504196427467,134.8608146546363,0.7168382657443527,4.709451514365782e-06,2.5674307915896226e-05,0.00010077393594991603,0.00026163739841415334,0.0006227772361601431,0.0017153985526135395,0.00871604783811572,0.03320358900651618,0.07341465841088277,-39.14702278390048,,,,,,,,,,,,,,,,,,,,,,
run_3842,0.06892766227874425,33.17257048012007,0.8107048326292773,2.381377998043054,3.9205370751904507,0.08327235760161705,99.36315981901407,0.10079294869231192,0.14224382396762142,5.632675760720079,8.194205748668535,0.5499504196427467,134.8608146546363,0.7168382657443527,4.709451514365782e-06,2.5674307915896226e-05,0.00010077393594991603,0.00026163739841415334,0.0006227772361601431,0.0017153985526135395,0.00871604783811572,0.03320358900651618,0.07341465841088277,-39.14702278390048,,,,,,,,,,,,,,,,,,,,,,
run_239,0.05377615445862614,6.0613792960255415,0.8525843199225116,5.023160232509155,2.9386964094899257,0.06439610143327551,72.15955449781133,0.0865240779877071,0.11011404161442105,8.109167400917327,6.194644287311773,1.4604867896696245,144.89513659025297,0.8414016959093522,2.0282471939297565e-05,1.9862813593403888e-05,0.0001091750645958893,0.00019028296176534445,0.0004946671358352979,0.0017206566828309009,0.006433926812559841,0.022110303659177474,0.1538874002550616,-226.12137535903665,,,,,,,,,,,,,,,,,,,,,,
run_407,0.058067185531353684,8.247933179040153,0.8030152524832079,5.912266438823452,2.077933962643028,0.050962985011934324,82.60023606349759,0.06639474344737843,0.095422190382849,8.927061949046477,4.986760922878572,1.2650629497558372,143.07013584990844,0.8270625924637923,1.9556473298669524e-05,2.2966506317782443e-05,9.60376693883756e-05,0.00019656994406166788,0.00047839099087119936,0.00174545163961188,0.006049807105177958,0.021037162061294367,0.15286810374084348,-156.37710262862473,,,,,,,,,,,,,,,,,,,,,,
run_738,0.06204040091728675,7.217055987371813,0.7749884688156345,5.840680209308581,1.5284269593022533,0.054386830237119294,71.45147142998697,0.08662074174145257,0.08636371103784597,8.793338765220444,5.992147814141554,0.8769904268430377,143.19471219344797,0.8183949694592276,1.7137383519571504e-05,2.1560413079455028e-05,9.72851196137923e-05,0.0001787996927978098,0.0005054279048830898,0.0017198437564085475,0.006062885487698255,0.021806481759199258,0.14922113697093684,-130.72348668894023,,,,,,,,,,,,,,,,,,,,,,
run_951,0.06601191201944555,5.121951782298785,0.6964161938600594,5.9453566292664,0.9968487640745114,0.053252665530962154,72.3903691730218,0.07445775665884027,0.0884475191107079,8.694736025400607,5.786473708051629,0.7209498030742891,138.40531299073405,0.7755335194041668,1.8310591089301243e-05,1.848418691468624e-05,9.437071772865236e-05,0.00019424829307579942,0.0005282139944202323,0.001714736614002542,0.006132439420940986,0.02316528846730022,0.1547678167980346,-100.6092611203874,,,,,,,,,,,,,,,,,,,,,,
run_951,0.06601191201944555,5.121951782298785,0.6964161938600594,5.9453566292664,0.9968487640745114,0.053252665530962154,72.3903691730218,0.07445775665884027,0.0884475191107079,8.694736025400607,5.786473708051629,0.7209498030742891,138.40531299073405,0.7755335194041668,1.8310591089301243e-05,1.848418691468624e-05,9.437071772865236e-05,0.00019424829307579942,0.0005282139944202323,0.001714736614002542,0.006132439420940986,0.02316528846730022,0.1547678167980346,-100.6092611203874,,,,,,,,,,,,,,,,,,,,,,
run_1450,0.06215869714362395,3.812670315416726,0.6215555162672748,5.785970404525957,1.3742841631193365,0.052926294942364005,81.57594972178194,0.10593144381448982,0.07000506211684795,7.658922097651574,5.632790117051033,0.5725643127962396,133.16143557043847,0.805898753186216,1.739880075950237e-05,1.9175288005314847e-05,9.975082072188383e-05,0.0001840264748077379,0.0005107511786573952,0.0017482951118416986,0.006413514322367481,0.020563738667548143,0.15235977082584828,-85.64820045939577,,,,,,,,,,,,,,,,,,,,,,
run_1727,0.06125198446900816,11.477936390066477,0.7078653492585059,5.414904182984306,2.056563356272024,0.056809505849078554,89.03192269537995,0.06725438542143217,0.07913987348654458,5.793293969469266,4.2184450372152735,0.7822490756412196,130.6430976092548,0.7559542818181418,1.6733205287878294e-05,2.1010979210628134e-05,0.00010021602637097309,0.00017510420320486405,0.000509250536608572,0.0017238080204583328,0.006184577183343527,0.022905484165848585,0.15404491055980374,-69.00207280353904,,,,,,,,,,,,,,,,,,,,,,
run_1843,0.05914907293604063,8.753910090652731,0.7028908914205368,4.987754143704671,2.410039957983096,0.06009968623676863,92.589329012549,0.09399972486258792,0.07662488079116322,5.889278765937685,4.861797383687086,0.7727309169693731,131.55927767369056,0.7252892334145465,1.6842576864227087e-05,2.0548648256451842e-05,0.0001027751117896973,0.00017616768959114848,0.0005200660501878066,0.001642848309970882,0.006105472729686388,0.023420884704643624,0.14647188498208719,-65.87461212109118,,,,,,,,,,,,,,,,,,,,,,
run_2059,0.061103481338973,9.736603759394258,0.6783255578761644,4.842043002338288,2.267514652078602,0.05923180637772733,95.43588467657636,0.09921243443589278,0.10159683024910818,6.937725856299874,5.062959719221178,0.7117256938188568,134.75187576279527,0.7058398927888538,1.8174137771604884e-05,2.1390915692752167e-05,0.00010008084211372992,0.00017953667359965682,0.0005311267825882991,0.0016910387434431189,0.0061728632330006385,0.02350291436200452,0.14477487918376514,-58.402420257034095,,,,,,,,,,,,,,,,,,,,,,
run_2309,0.05995982522859552,8.560272464733355,0.6601991886410894,4.672975704410449,2.4349304057637347,0.0605679885316786,96.6729422282873,0.11742370831500397,0.11019103130180982,7.082178617986148,5.159122864014227,0.6561209960737111,135.49453274672086,0.6829841360722315,1.7657158001515555e-05,2.154270224731745e-05,0.00010132735477851585,0.0001839312138135954,0.0005165829087294028,0.0017675227543246953,0.006512383716861729,0.023149369431619375,0.14702933270530136,-52.34695767770664,,,,,,,,,,,,,,,,,,,,,,
run_2566,0.056645467777731155,7.297537118594464,0.6505575788775203,4.725062266876244,2.797815919410839,0.05925431912744532,96.76314447082454,0.11762684593998866,0.12119367175411888,6.986864979240438,5.112639757166168,0.5997830240916258,132.36653524594826,0.7083216379987934,1.7485967104791316e-05,2.0381275581278165e-05,0.00010315254252875809,0.00018278176437231728,0.0004840990530513344,0.0017586924391479813,0.006653280031724137,0.024167450024905158,0.146272162973296,-47.24084745284593,,,,,,,,,,,,,,,,,,,,,,
run_2566,0.056645467777731155,7.297537118594464,0.6505575788775203,4.725062266876244,2.797815919410839,0.05925431912744532,96.76314447082454,0.11762684593998866,0.12119367175411888,6.986864979240438,5.112639757166168,0.5997830240916258,132.36653524594826,0.7083216379987934,1.7485967104791316e-05,2.0381275581278165e-05,0.00010315254252875809,0.00018278176437231728,0.0004840990530513344,0.0017586924391479813,0.006653280031724137,0.024167450024905158,0.146272162973296,-47.24084745284593,,,,,,,,,,,,,,,,,,,,,,
run_2566,0.056645467777731155,7.297537118594464,0.6505575788775203,4.725062266876244,2.797815919410839,0.05925431912744532,96.76314447082454,0.11762684593998866,0.12119367175411888,6.986864979240438,5.112639757166168,0.5997830240916258,132.36653524594826,0.7083216379987934,1.7485967104791316e-05,2.0381275581278165e-05,0.00010315254252875809,0.00018278176437231728,0.0004840990530513344,0.0017586924391479813,0.006653280031724137,0.024167450024905158,0.146272162973296,-47.24084745284593,,,,,,,,,,,,,,,,,,,,,,
run_2566,0.056645467777731155,7.297537118594464,0.6505575788775203,4.725062266876244,2.797815919410839,0.05925431912744532,96.76314447082454,0.11762684593998866,0.12119367175411888,6.986864979240438,5.112639757166168,0.5997830240916258,132.36653524594826,0.7083216379987934,1.7485967104791316e-05,2.0381275581278165e-05,0.00010315254252875809,0.00018278176437231728,0.0004840990530513344,0.0017586924391479813,0.006653280031724137,0.024167450024905158,0.146272162973296,-47.24084745284593,,,,,,,,,,,,,,,,,,,,,,
run_139,0.0504991631247466,8.77451801121444,0.7887245684121977,4.046623087785002,3.6304898760978728,0.09578058661803641,98.12300547636579,0.5649319244860443,0.18042807511834494,10.56155309478992,6.556460047512203,1.7534867100404827,133.4423561423247,0.9903178419324155,1.8384684420677927e-05,2.6680863614835022e-05,8.82984944325569e-05,0.00025779780937794047,0.0006602481452447513,0.0019094297274682291,0.008126110523293222,0.03243834582104232,0.10405759998060558,-392.7624353037207,,,,,,,,,,,,,,,,,,,,,,
run_388,0.06234826844336645,4.898419825165478,0.6214338159572328,3.798820190774796,1.9980482374147204,0.0900922196842064,111.37890789368937,0.6536713507420326,0.18751237876952784,7.860829202331623,7.3908076738922075,1.4647105465547665,130.18862091236815,0.9695241663216487,1.9871893143787203e-05,2.5173740044368377e-05,9.677408539388868e-05,0.0002561592282267944,0.0006069637275916046,0.0018939593820168673,0.008518590262547044,0.03482881640401359,0.09656634249474436,-293.98835526850513,,,,,,,,,,,,,,,,,,,,,,
run_388,0.06234826844336645,4.898419825165478,0.6214338159572328,3.798820190774796,1.9980482374147204,0.0900922196842064,111.37890789368937,0.6536713507420326,0.18751237876952784,7.860829202331623,7.3908076738922075,1.4647105465547665,130.18862091236815,0.9695241663216487,1.9871893143787203e-05,2.5173740044368377e-05,9.677408539388868e-05,0.0002561592282267944,0.0006069637275916046,0.0018939593820168673,0.008518590262547044,0.03482881640401359,0.09656634249474436,-293.98835526850513,,,,,,,,,,,,,,,,,,,,,,
run_897,0.07057666632696963,6.039502403042373,0.5771554640191114,3.8963931433407466,1.2693307017622253,0.09626895534276976,119.89648093261856,0.5830860763737037,0.20625613246754954,8.097427824580848,7.70647823366709,1.2357376382350913,136.83088499859574,0.9310763110454926,2.1113915686495933e-05,2.493179156192691e-05,9.895897783724664e-05,0.0002452068269340183,0.0006204203900336871,0.0018723445020020118,0.0088531507371449,0.03556539472018223,0.10959486541430653,-255.88234673191573,,,,,,,,,,,,,,,,,,,,,,
run_1004,0.06254947008646358,2.213852753228367,0.6343560054104987,3.798858950404509,2.0461188571864324,0.09868557453414799,112.4668283101971,0.528500265462701,0.2016639075420893,7.934494576146355,7.61817118962506,1.1019925534540351,134.42370466850386,0.8999608138654546,2.0771667001928046e-05,2.1546080760042527e-05,0.00010204111898600998,0.00024643758273962084,0.0006043039653027647,0.0018576494742197247,0.00940342514092383,0.03498218719235879,0.10879686619868238,-207.72267562374446,,,,,,,,,,,,,,,,,,,,,,
run_1220,0.05772308540992071,5.105524946436775,0.7522275008034578,4.266588017244143,2.5631398580663136,0.09864989294719144,114.96646217338122,0.3892359211094629,0.15775351874319102,6.801908851082125,7.8911131093123394,1.2218893330375356,124.78240700949912,0.8975449915811037,1.6221036276798347e-05,2.5815715410758807e-05,0.00011456393909624476,0.00021829711757274283,0.0005998803699021371,0.001779297713883971,0.009237289254875524,0.034667552942015484,0.11158769142067994,-189.49684716003534,,,,,,,,,,,,,,,,,,,,,,
run_1619,0.06647653960787185,5.884318610723681,0.8306413187797079,4.649488847173578,1.5877044775520726,0.07906656645018295,113.4581642892297,0.41038264244592176,0.22861021496456638,7.6205003382814365,8.599512449606001,0.6450880199860756,128.83118952821005,0.9616005976204164,1.5826437488590948e-05,2.6151637905238703e-05,0.00011908105862230656,0.00019589254737978874,0.0006088230064892216,0.001865150570642974,0.009122393416521577,0.031548696799888906,0.1239523730314336,-120.40337529665837,,,,,,,,,,,,,,,,,,,,,,
run_1869,0.06096095017883691,8.29061990210822,0.9762538878955854,5.01228372933678,2.2779779373433233,0.07172317888611697,111.95031008985472,0.2523212338719874,0.24620383293506617,8.791142747928172,7.671500111323617,0.6065522354874536,124.38817527878494,0.9302384380850206,1.6910524253450834e-05,2.3778443687054336e-05,0.00011417670960293292,0.00017853671789895204,0.0006026763731041837,0.0019182039347594754,0.00805734791392746,0.03296042594738009,0.12472506938827793,-85.30932790094477,,,,,,,,,,,,,,,,,,,,,,
run_2063,0.06210052543591217,11.43330461926459,0.9188618556873154,5.026616175428158,2.2961258100304254,0.07384577315249626,110.02695879585218,0.16472404859437242,0.22964343077149194,10.95083162703179,9.083026042237417,0.6979178081164292,135.88953449720785,0.9771454808077005,1.74312177211176e-05,2.4769507343429993e-05,0.00011974517932404425,0.00019048062107751492,0.0005553515149882268,0.0019677425091371723,0.007710235076782922,0.034502837917512894,0.10596741171346714,-73.74149026347709,,,,,,,,,,,,,,,,,,,,,,
run_2063,0.06210052543591217,11.43330461926459,0.9188618556873154,5.026616175428158,2.2961258100304254,0.07384577315249626,110.02695879585218,0.16472404859437242,0.22964343077149194,10.95083162703179,9.083026042237417,0.6979178081164292,135.88953449720785,0.9771454808077005,1.74312177211176e-05,2.4769507343429993e-05,0.00011974517932404425,0.00019048062107751492,0.0005553515149882268,0.0019677425091371723,0.007710235076782922,0.034502837917512894,0.10596741171346714,-73.74149026347709,,,,,,,,,,,,,,,,,,,,,,
run_2408,0.0713128572417648,10.688346522497651,0.9088784602725181,5.12921337588815,1.212059445236547,0.07689730442847828,110.51367271971402,0.2107020107273782,0.23107048697523988,10.665183402042251,8.554205937635642,0.5192386475773146,143.33902234640453,0.9866195448711643,1.6571544870419773e-05,2.6655282680328525e-05,0.000116519996547556,0.0001875115123816378,0.0005513782775210736,0.0019336182146045006,0.007578408009840982,0.033073885186771616,0.10437427170941649,-70.69445747677344,,,,,,,,,,,,,,,,,,,,,,
run_2758,0.07498546303997952,11.309508155807222,0.8730889705378919,5.049860690910725,0.9475453246851218,0.07317299451814452,110.36162718843151,0.19732080208745287,0.2430713406524353,10.505009139102041,8.295815299652123,0.6029991088783042,144.40978101605472,0.999217105580473,1.871428787176886e-05,2.6553991444876963e-05,0.00011149966302849633,0.0001926212396296018,0.000536571272108023,0.0019262860156119865,0.007803569759548422,0.03242542157696858,0.10017253129093667,-68.19161008497777,,,,,,,,,,,,,,,,,,,,,,
run_3025,0.06906113460760778,9.422000793811627,0.8220674920522086,5.150208888324327,1.3288979834598704,0.06749109827101513,106.24335756583962,0.14766434814986737,0.2314833216365888,10.630894160454957,8.444365620298221,0.6124781620335104,147.7766298979537,0.9980092462452278,1.8498269273039364e-05,2.8073740586282153e-05,0.00010543053756989498,0.00019174332341712102,0.0005230837633592519,0.0018816919626345188,0.007662225616789713,0.0336346616551063,0.09017305722926831,-59.427623571251935,,,,,,,,,,,,,,,,,,,,,,
run_150,0.044033215282599784,22.597449930867302,0.7647928204432255,2.9182180917519,7.6596300347377095,0.07004585011017486,67.77219662123315,0.3567052457620181,0.1734985110940807,7.333472766002226,8.813873502462096,1.433994154284954,114.1425059543269,0.6823178929723829,8.062258223634202e-06,2.3038721934185872e-05,0.00010492818296012854,0.00023128195196921563,0.000528041645338447,0.0019838223018409074,0.008152200205771594,0.03541762867101918,0.14603692505052313,-400.8102625793794,,,,,,,,,,,,,,,,,,,,,,
run_405,0.04905203674300282,25.349686989836176,0.7501459848567007,2.1207192301361757,7.424064402077038,0.08330423734593816,85.41842560048707,0.05682152650761309,0.1884350028896955,8.651204827350464,8.903629883824305,1.3465382657457374,99.62928206417607,0.6523064361946701,7.263288308512148e-06,2.5154734809579083e-05,9.148763035251822e-05,0.0002599581413699156,0.000533090700306592,0.0018640376341117785,0.008252488528836035,0.035687711259778286,0.15144044338189985,-127.64040625612978,,,,,,,,,,,,,,,,,,,,,,
run_441,0.04773126615086642,21.87790818849336,0.7476514394047977,2.1379630925275515,7.548335750987569,0.08171111803402108,86.7097676884901,0.05216894366488664,0.18407610105631056,8.387484904284774,8.773684208108278,1.3972286192841332,99.74406886714685,0.6350846376271095,6.51651000686664e-06,2.553198882893382e-05,9.514010298012642e-05,0.00025737720261981046,0.0005208753193623857,0.001872700418882923,0.008112123520340386,0.034023784086351934,0.15206874552483776,-127.59879513540434,,,,,,,,,,,,,,,,,,,,,,
run_829,0.05132959847571576,28.942492070083652,0.6961341149715292,2.083297086502904,7.03106754575087,0.08454857406328131,88.48811112491983,0.11226640968886696,0.17132688086318446,7.9680780062822425,8.398060280769695,1.276859409281357,103.91844052314686,0.632403373200021,8.550024788522325e-06,2.421593890348088e-05,9.878920443922924e-05,0.00025445130439733155,0.000541894418118266,0.0018146002631343025,0.007642281739359872,0.0336992795840382,0.15175838373341127,-126.06038097243771,,,,,,,,,,,,,,,,,,,,,,
run_1147,0.048457909341798514,23.937747905499595,0.6912503394055891,1.8918914368759314,7.608954913892705,0.08913323512205494,79.45587654116527,0.06772578934111884,0.16371810999997558,7.777701036762537,9.53440944818094,1.2574151538878542,105.00889839182591,0.63988778996353,9.409891157310891e-06,2.3837505491120745e-05,9.281166039401365e-05,0.00026164850893731163,0.0005463098870018109,0.001759769910969617,0.007866596716361446,0.03534738458633799,0.15225138959241477,-121.84284478379857,,,,,,,,,,,,,,,,,,,,,,
run_1390,0.04836583030185124,22.22813657101482,0.700745666537346,1.7048691596004524,7.48069172642024,0.07244345340299135,86.20561207845843,0.09489546123327881,0.16110088113679671,7.185846461506757,9.106738008346179,1.099381456659612,105.35746014234292,0.6700444565360753,7.884973309405922e-06,2.0837558421625358e-05,0.00010226020220029253,0.0002450498929215104,0.0005334320246834666,0.0017267497154642756,0.0077895229455555255,0.032234213843096673,0.14790609473387636,-107.63089453981276,,,,,,,,,,,,,,,,,,,,,,
run_1581,0.055588584544935205,31.7496153985025,0.6512916453859962,1.2580428129659724,6.500068314037422,0.07024754861416518,99.17066956131283,0.15844632339683043,0.16993182489844086,7.010313619893106,7.656205778714788,1.023404315624004,109.39821482454597,0.6058954562299449,9.239835079709563e-06,2.081396227982056e-05,0.00010326578990463204,0.0002633028617782858,0.0005468685356898556,0.0017720983303847518,0.008261189219895304,0.03196912068871387,0.14599262651149392,-70.30225725631682,,,,,,,,,,,,,,,,,,,,,,
run_1857,0.05903527862101912,31.721742279517265,0.652306797688615,1.7948802786264466,5.49880868681591,0.06571103968470601,91.70596811209933,0.10373353402039717,0.19594873183662054,5.88925482655477,7.162259336851939,0.9934229224949291,111.29309144224563,0.6063612674434966,8.74375806546306e-06,2.3224706000261114e-05,9.858384739547779e-05,0.00028439039499174995,0.0005833531793864513,0.0017358493614478881,0.008598813196785135,0.029605384166109947,0.1409333031145405,-59.77961855700203,,,,,,,,,,,,,,,,,,,,,,
run_2031,0.05943415863587072,33.95622022370907,0.6362156811314572,2.0089356211238836,5.493589690135105,0.06678625060078215,90.04165920434991,0.08598757426005812,0.19399631236589351,6.547927976631513,7.033770854039219,0.9915725798621108,108.44193104489538,0.6179910180451883,7.666720224644675e-06,2.571118502733351e-05,9.857071078878482e-05,0.0002834435571617057,0.0005995289235745561,0.0017780599256287401,0.008956396458914358,0.030035287663947606,0.15048351964817544,-60.861623872966575,,,,,,,,,,,,,,,,,,,,,,
run_2031,0.05943415863587072,33.95622022370907,0.6362156811314572,2.0089356211238836,5.493589690135105,0.06678625060078215,90.04165920434991,0.08598757426005812,0.19399631236589351,6.547927976631513,7.033770854039219,0.9915725798621108,108.44193104489538,0.6179910180451883,7.666720224644675e-06,2.571118502733351e-05,9.857071078878482e-05,0.0002834435571617057,0.0005995289235745561,0.0017780599256287401,0.008956396458914358,0.030035287663947606,0.15048351964817544,-60.861623872966575,,,,,,,,,,,,,,,,,,,,,,
run_2607,0.05989134874474574,34.84667367702361,0.6679851977285416,2.041014005663408,5.726726521874384,0.0702675390759204,92.1636407295325,0.07086022692901012,0.16694080823322305,6.765020591713298,7.565890321367611,0.8604788180123906,105.13264671368259,0.6201406166419564,5.469119964761003e-06,2.682033585239144e-05,0.00010241930877070496,0.0002801931821946973,0.0006102485470488565,0.0017660814802927108,0.00873035101229698,0.028978027476783595,0.15447234653322373,-63.00939714733253,,,,,,,,,,,,,,,,,,,,,,
run_2607,0.05989134874474574,34.84667367702361,0.6679851977285416,2.041014005663408,5.726726521874384,0.0702675390759204,92.1636407295325,0.07086022692901012,0.16694080823322305,6.765020591713298,7.565890321367611,0.8604788180123906,105.13264671368259,0.6201406166419564,5.469119964761003e-06,2.682033585239144e-05,0.00010241930877070496,0.0002801931821946973,0.0006102485470488565,0.0017660814802927108,0.00873035101229698,0.028978027476783595,0.15447234653322373,-63.00939714733253,,,,,,,,,,,,,,,,,,,,,,
run_3098,0.06810521697347291,35.350443889742714,0.6448189063790628,2.497814295309314,4.177731834541542,0.07845715440014239,98.64844147025028,0.16133546893857462,0.15633818290724766,6.358317168886418,7.32425898860115,0.5461071359939085,97.38272755938999,0.6667715220451782,5.33474531527864e-06,2.7217960955997644e-05,9.438343874361117e-05,0.000266727498679131,0.0006433139810930706,0.0017979822971018198,0.008836576373058095,0.030715459840247924,0.1515984884126346,-33.86705965968925,,,,,,,,,,,,,,,,,,,,,,
run_3098,0.06810521697347291,35.350443889742714,0.6448189063790628,2.497814295309314,4.177731834541542,0.07845715440014239,98.64844147025028,0.16133546893857462,0.15633818290724766,6.358317168886418,7.32425898860115,0.5461071359939085,97.38272755938999,0.6667715220451782,5.33474531527864e-06,2.7217960955997644e-05,9.438343874361117e-05,0.000266727498679131,0.0006433139810930706,0.0017979822971018198,0.008836576373058095,0.030715459840247924,0.1515984884126346,-33.86705965968925,,,,,,,,,,,,,,,,,,,,,,
run_3515,0.06647146095269757,34.74294164060095,0.6259422387773865,2.6858819539752923,4.3696011885676835,0.0790975486740528,99.22777079133702,0.13116456625456985,0.14762048608092335,6.531042540043746,7.127799151354752,0.5916179919934246,97.39081149697047,0.6295472105035345,7.5060215998454514e-06,2.7601406960570144e-05,9.840521984121105e-05,0.0002591940002812862,0.0006520344571703265,0.0018003145678385255,0.008823491423616336,0.030322961637151362,0.15142437786103755,-27.275522499891036,,,,,,,,,,,,,,,,,,,,,,
run_3680,0.06564103354742261,34.024627059356305,0.6150742659170897,2.398486108615732,4.451543679289369,0.08043849221424715,98.71158794579509,0.14279064124603832,0.1420256944681312,6.357637507442616,7.282894250401247,0.5433946196871102,97.21572878809104,0.6544939868069325,7.074066762244485e-06,2.754917870967828e-05,9.83541565454728e-05,0.0002651264436606452,0.000641702507965477,0.0017849068587768172,0.008691649705673847,0.03030589691412283,0.1503552911673774,-24.40545977864583,,,,,,,,,,,,,,,,,,,,,,
run_4006,0.06865495168111779,37.70592167541043,0.6029220346049846,1.9416556949767487,4.67843197901259,0.07499477889715761,98.6626282504408,0.14689722055901608,0.14041097167796615,6.930907312703808,7.344950116918791,0.5657493626332298,91.37645254118002,0.6702122978065318,8.010336278140716e-06,2.7866577969634636e-05,9.88458758700252e-05,0.000268085506293593,0.0006418614299863046,0.0017985291459260582,0.008694087499784512,0.02954445604486066,0.1478456051229613,-24.855646359760488,,,,,,,,,,,,,,,,,,,,,,
run_3680,0.06564103354742261,34.024627059356305,0.6150742659170897,2.398486108615732,4.451543679289369,0.08043849221424715,98.71158794579509,0.14279064124603832,0.1420256944681312,6.357637507442616,7.282894250401247,0.5433946196871102,97.21572878809104,0.6544939868069325,7.074066762244485e-06,2.754917870967828e-05,9.83541565454728e-05,0.0002651264436606452,0.000641702507965477,0.0017849068587768172,0.008691649705673847,0.03030589691412283,0.1503552911673774,-24.40545977864583,,,,,,,,,,,,,,,,,,,,,,
